sample_name	Bases	BioProject	Host	isolate	Organism	Sample_Name	SRA_Study	strain	Position_in_WGS_tree	WGS_cluster	Province_in_China	MLST_Clade	MLST_CC	Polyploidy	Aneuploidy	Large_structure_variation	High_heterozygosity	Erg11p_key_substitution	ERG11_Heterozygosity	ERG11_copy_numbers	Fluconazole	Voriconazole	Itraconazole	Posaconazole	Caspofungin	Micafungin	Anidulafungin	Amphotericin_B	5-Flucytosine	Sequenced_in_this_study
SRR23943247	5185926934	PRJNA946688	Homo sapiens	15FJ463	Candida tropicalis	F3504	SRP428185	CDCF3504	387	AZR	Fujian	4	CC1	Diploid	_	_	_	Y132F, S154F	Homozygous	12	R	I/R	NWT	NWT	S	S	S	WT	WT	Yes
SRR23943248	6302356739	PRJNA946688	Homo sapiens	16HB069	Candida tropicalis	F3358	SRP428185	CDCF3358	379	AZR	Heibei	4	CC1	Diploid	_	_	_	Y132F, S154F	Homozygous	6	R	I/R	NWT	NWT	S	S	S	WT	WT	Yes
SRR23943249	4989835761	PRJNA946688	Homo sapiens	15ZD406	Candida tropicalis	F4156	SRP428185	CDCF4156	416	AZR	Zhejiang	4	CC1	Diploid	_	Chromosome 4-position 2-2.5_	_	Y132F, S154F	Heterozygous	16	R	I/R	NWT	NWT	S	S	S	WT	WT	Yes
SRR23943250	8220335896	PRJNA946688	Homo sapiens	15PU1042	Candida tropicalis	F4020	SRP428185	CDCF4020	405	AZR	Beijing	4	CC1	Diploid	_	_	_	Y132F, S154F	Heterozygous	7	R	I/R	NWT	NWT	S	S	S	WT	WT	Yes
SRR23943251	7881742713	PRJNA946688	Homo sapiens	15Z2136	Candida tropicalis	F3824	SRP428185	CDCF3824	358	AZR-ADJ	Zhejiang		CC40	Diploid	_	_	_	_	_	2	S	S	WT	WT	S	S	S	WT	WT	Yes
SRR23943252	9549731614	PRJNA946688	Homo sapiens	16HX915	Candida tropicalis	F3582	SRP428185	CDCF3582	370	AZR	Sichuan	4	CC1	Diploid	_	_	_	Y132F, S154F	Heterozygous	8	R	I/R	NWT	NWT	S	S	S	WT	WT	Yes
SRR23943253	8726756371	PRJNA946688	Homo sapiens	14DL017	Candida tropicalis	F3520	SRP428185	CDCF3520	359	AZR-ADJ	Liaoning		CC40	Diploid	_	_	_	Y132F, S154F	Homozygous	2	R	I/R	NWT	NWT	S	S	S	WT	WT	Yes
SRR23915230	3135982500	PRJNA946688	Homo sapiens	12HX507	Candida tropicalis	F9520	SRP428185	CDCF9520	486		Sichuan	7	CC79	Diploid	_	_	_	_	_	2	S	S	WT	WT	S	S	S	WT	WT	Yes
SRR23915231	3047417400	PRJNA946688	Homo sapiens	12HX458	Candida tropicalis	F9519	SRP428185	CDCF9519	597		Sichuan	N6	CC36	Diploid	_	_	Yes-Branch 1	_	_	2	S	S	WT	WT	S	S	S	WT	WT	Yes
SRR23915232	2443797000	PRJNA946688	Homo sapiens	13HX445	Candida tropicalis	F9518	SRP428185	CDCF9518	433	AZR	Sichuan	4	CC1	Diploid	_	_	_	Y132F, S154F	Heterozygous	7	R	I/R	NWT	NWT	S	S	S	WT	WT	Yes
SRR23915233	2493105600	PRJNA946688	Homo sapiens	12HX423	Candida tropicalis	F9517	SRP428185	CDCF9517	184	CTC20	Sichuan	11	CC8	Diploid	_	_	_	_	_	2	S	S	WT	WT	S	S	S	WT	WT	Yes
SRR23915234	2523693900	PRJNA946688	Homo sapiens	12HX402	Candida tropicalis	F9516	SRP428185	CDCF9516	584		Sichuan		CC15	Diploid	_	_	_	_	_	2	S	S	WT	WT	S	S	S	WT	WT	Yes
SRR23915235	2376003600	PRJNA946688	Homo sapiens	12HX326	Candida tropicalis	F9515	SRP428185	CDCF9515	567		Sichuan		CC11	Diploid	_	_	_	_	_	2	S	S	WT	WT	S	S	S	WT	WT	Yes
SRR23915236	2497260600	PRJNA946688	Homo sapiens	11HX250	Candida tropicalis	F9514	SRP428185	CDCF9514	230	CTC01	Sichuan	5	CC7	Diploid	_	_	_	_	_	2	S	S	WT	WT	S	S	S	WT	WT	Yes
SRR23915237	2099371500	PRJNA946688	Homo sapiens	15Z2157	Candida tropicalis	F3382	SRP428185	CDCF3382	163	CTC13	Zhejiang	9	CC4	Diploid	_	_	_	_	_	2	S	S	WT	WT	S	S	S	WT	WT	Yes
SRR23915238	3089468100	PRJNA946688	Homo sapiens	11HX197	Candida tropicalis	F9513	SRP428185	CDCF9513	551	CTC09	Sichuan	10	CC5	Diploid	_	_	_	Y257H	Homozygous	2	R	I/R	WT	WT	S	S	S	WT	WT	Yes
SRR23915239	3508982700	PRJNA946688	Homo sapiens	11HX195	Candida tropicalis	F9512	SRP428185	CDCF9512	459	CTC16	Sichuan		CC11	Diploid	_	_	_	_	_	2	S	S	WT	WT	S	S	S	WT	WT	Yes
SRR23915240	2635373400	PRJNA946688	Homo sapiens	11HX129	Candida tropicalis	F9511	SRP428185	CDCF9511	549	CTC09	Sichuan	10	CC5	Diploid	_	_	_	Y257H	Homozygous	2	R	I/R	WT	NWT	S	S	S	WT	WT	Yes
SRR23915241	2880327900	PRJNA946688	Homo sapiens	10HX104	Candida tropicalis	F9510	SRP428185	CDCF9510	598		Sichuan	N6	CC36	Diploid	_	_	Yes-Branch 1	_	_	2	S	S	WT	WT	S	S	S	WT	WT	Yes
SRR23915242	3105870600	PRJNA946688	Homo sapiens	10HX096	Candida tropicalis	F9509	SRP428185	CDCF9509	355	AZR-ADJ	Sichuan	8	CC166	Diploid	_	_	_	Y132F, S154F	Heterozygous	2	R	I/R	NWT	NWT	S	S	S	WT	WT	Yes
SRR23915243	2333842800	PRJNA946688	Homo sapiens	10HX058	Candida tropicalis	F9508	SRP428185	CDCF9508	505	CTC05	Sichuan	6	CC10	Diploid	_	_	_	_	_	2	S	S	WT	WT	S	S	S	WT	WT	Yes
SRR23915244	2239745700	PRJNA946688	Homo sapiens	10HX043	Candida tropicalis	F9507	SRP428185	CDCF9507	350	AZR-ADJ	Sichuan	4	CC13	Diploid	_	_	_	Y132F, S154F	Heterozygous	2	R	I/R	WT	WT	S	S	S	WT	WT	Yes
SRR23915245	2400650400	PRJNA946688	Homo sapiens	10HX030	Candida tropicalis	F9506	SRP428185	CDCF9506	499	CTC04	Sichuan	N4	CC1	Diploid	_	_	_	_	_	2	S	S	WT	WT	S	S	S	WT	WT	Yes
SRR23915246	2722389900	PRJNA946688	Homo sapiens	09HX016	Candida tropicalis	F9505	SRP428185	CDCF9505	162	CTC13	Sichuan	9	CC4	Diploid	_	_	_	_	_	2	S	S	WT	WT	S	S	S	WT	WT	Yes
SRR23915247	3331360200	PRJNA946688	Homo sapiens	09HX015	Candida tropicalis	F9504	SRP428185	CDCF9504	570		Sichuan		CC142	Diploid	_	_	_	_	_	2	S	S	WT	WT	S	S	S	WT	WT	Yes
SRR23915248	4776464400	PRJNA946688	Homo sapiens	15FJ462	Candida tropicalis	F3380	SRP428185	CDCF3380	204	CTC02	Fujian	N2	CC25	Diploid	_	_	_	_	_	2	SDD	I/R	WT	NWT	S	S	S	WT	WT	Yes
SRR23915249	3534841200	PRJNA946688	Homo sapiens	09HX011	Candida tropicalis	F9503	SRP428185	CDCF9503	221	CTC01	Sichuan	5	CC7	Diploid	_	_	_	_	_	2	S	S	WT	WT	S	S	S	WT	WT	Yes
SRR23915250	2535978600	PRJNA946688	Homo sapiens	09HX010	Candida tropicalis	F9502	SRP428185	CDCF9502	500	CTC04	Sichuan	N4	CC1	Diploid	_	_	_	_	_	2	S	S	WT	WT	S	S	S	WT	WT	Yes
SRR23915251	2905368300	PRJNA946688	Homo sapiens	13H1300	Candida tropicalis	F9501	SRP428185	CDCF9501	329	CTC07	Heilongjiang	N8	CC12	Diploid	_	_	_	_	_	2	S	S	WT	WT	S	S	S	WT	WT	Yes
SRR23915252	2385238200	PRJNA946688	Homo sapiens	13H1294	Candida tropicalis	F9500	SRP428185	CDCF9500	320		Heilongjiang		CC165	Diploid	_	Chromosome 3-position 3-0.5_	_	_	_	2	S	S	WT	WT	S	S	S	WT	WT	Yes
SRR23915253	3190645200	PRJNA946688	Homo sapiens	13H1279	Candida tropicalis	F9499	SRP428185	CDCF9499	333	CTC07	Heilongjiang	N8	CC12	Diploid	_	_	_	_	_	2	S	S	WT	WT	S	S	S	WT	WT	Yes
SRR23915254	2092325700	PRJNA946688	Homo sapiens	14XJ086	Candida tropicalis	F3364	SRP428185	CDCF3364	290	CTC06	Shaanxi	12	CC6	Diploid	_	_	_	_	_	2	S	I/R	WT	NWT	S	S	S	WT	WT	Yes
SRR23915255	1829999400	PRJNA946688	Homo sapiens	16HS472	Candida tropicalis	F4088	SRP428185	CDCF4088	316	CTC17	Shanghai		CC34	Diploid	_	_	_	_	_	2	S	S	WT	WT	S	S	S	WT	WT	Yes
SRR23915256	2039483100	PRJNA946688	Homo sapiens	16HS467	Candida tropicalis	F4086	SRP428185	CDCF4086	317	CTC17	Shanghai		CC34	Diploid	_	_	_	_	_	2	S	S	WT	WT	S	S	S	WT	WT	Yes
SRR23915257	2265234600	PRJNA946688	Homo sapiens	16HN033	Candida tropicalis	F4084	SRP428185	CDCF4084	123		Henan		CC157	Diploid	_	_	_	_	_	2	S	I/R	WT	NWT	S	S	S	WT	WT	Yes
SRR23915258	2920680900	PRJNA946688	Homo sapiens	16H4226	Candida tropicalis	F4082	SRP428185	CDCF4082	428	AZR	Heilongjiang	4	CC1	Diploid	_	_	_	Y132F, S154F	Heterozygous	3	R	I/R	NWT	NWT	S	S	S	WT	WT	Yes
SRR23915259	2751710700	PRJNA946688	Homo sapiens	15H1420	Candida tropicalis	F4080	SRP428185	CDCF4080	216	CTC01	Heilongjiang	5	CC7	Diploid	_	_	_	_	_	2	S	S	WT	WT	S	S	S	WT	WT	Yes
SRR23915260	2288909400	PRJNA946688	Homo sapiens	14H1397	Candida tropicalis	F4078	SRP428185	CDCF4078	153	CTC13	Heilongjiang	9	CC4	Diploid	_	_	_	_	_	2	S	S	WT	WT	S	S	S	WT	WT	Yes
SRR23915261	1881783900	PRJNA946688	Homo sapiens	16CH122	Candida tropicalis	F4076	SRP428185	CDCF4076	383	AZR	Shanghai	4	CC1	Diploid	_	_	_	Y132F, S154F	Heterozygous	7	R	I/R	NWT	NWT	S	S	S	WT	WT	Yes
SRR23915262	1961627700	PRJNA946688	Homo sapiens	14AH091	Candida tropicalis	F4074	SRP428185	CDCF4074	47		Anhui		CC56	Diploid	_	_	_	_	_	2	S	S	WT	WT	S	S	S	WT	WT	Yes
SRR23915263	2022982500	PRJNA946688	Homo sapiens	14AH089	Candida tropicalis	F4072	SRP428185	CDCF4072	156	CTC13	Anhui	9	CC4	Diploid	_	_	_	_	_	2	S	S	WT	WT	S	S	S	WT	WT	Yes
SRR23915264	2826709200	PRJNA946688	Homo sapiens	14GX061	Candida tropicalis	F4070	SRP428185	CDCF4070	552	CTC09	Guangxi		CC5	Diploid	_	_	_	Y257H	Homozygous	2	R	I/R	NWT	NWT	S	S	S	WT	WT	Yes
SRR23915265	1947844800	PRJNA946688	Homo sapiens	15XY256	Candida tropicalis	F3362	SRP428185	CDCF3362	210		Hunan	N7	CC114	Diploid	_	_	_	_	_	2	S	I/R	WT	NWT	S	S	S	WT	WT	Yes
SRR23915266	2415863400	PRJNA946688	Homo sapiens	16GH555	Candida tropicalis	F4068	SRP428185	CDCF4068	473		Beijing	7	CC162	Diploid	_	_	_	_	_	2	S	S	WT	WT	S	S	S	WT	WT	Yes
SRR23915267	2215758900	PRJNA946688	Homo sapiens	15GH553	Candida tropicalis	F4066	SRP428185	CDCF4066	126		Beijing		CC55	Diploid	_	_	_	_	_	2	SDD	I/R	WT	WT	S	S	S	WT	WT	Yes
SRR23915268	1490009100	PRJNA946688	Homo sapiens	16GH544	Candida tropicalis	F4064	SRP428185	CDCF4064	272	CTC06	Beijing	12	CC6	Diploid	_	_	_	_	_	2	SDD	I/R	WT	NWT	S	S	S	WT	WT	Yes
SRR23915269	1912724100	PRJNA946688	Homo sapiens	15GH524	Candida tropicalis	F4062	SRP428185	CDCF4062	193	CTC02	Beijing	N2	CC25	Diploid	_	_	_	_	_	2	S	S	WT	WT	S	S	S	WT	WT	Yes
SRR23915270	2277109200	PRJNA946688	Homo sapiens	15GH493	Candida tropicalis	F4060	SRP428185	CDCF4060	106	CTC11	Beijing		CC111	Diploid	_	_	_	_	_	2	S	S	WT	WT	S	S	S	WT	WT	Yes
SRR23915271	2221869600	PRJNA946688	Homo sapiens	15GH492	Candida tropicalis	F4058	SRP428185	CDCF4058	455		Beijing	8	CC46	Diploid	_	_	_	_	_	2	S	S	WT	WT	S	S	S	WT	WT	Yes
SRR23915272	2396329200	PRJNA946688	Homo sapiens	15GH485	Candida tropicalis	F4056	SRP428185	CDCF4056	462	CTC16	Beijing		CC11	Diploid	_	_	_	_	_	2	S	S	WT	WT	S	S	S	WT	WT	Yes
SRR23915273	2541766800	PRJNA946688	Homo sapiens	16GH564	Candida tropicalis	F4054	SRP428185	CDCF4054	7	CTC12	Beijing	2	CC0	Diploid	_	_	_	_	_	2	S	S	WT	WT	S	S	S	WT	WT	Yes
SRR23915274	2256653400	PRJNA946688	Homo sapiens	16GH562	Candida tropicalis	F4052	SRP428185	CDCF4052	601		Beijing	N6	CC54	Diploid	_	_	Yes-Branch 1	_	_	2	S	S	WT	WT	S	S	S	WT	WT	Yes
SRR23915275	2407806000	PRJNA946688	Homo sapiens	15GH483	Candida tropicalis	F4050	SRP428185	CDCF4050	261		Beijing		CC35	Diploid	_	_	_	_	_	2	S	S	WT	WT	S	S	S	WT	WT	Yes
SRR23915276	1948733400	PRJNA946688	Homo sapiens	16HB069	Candida tropicalis	F3358	SRP428185	CDCF3358	379	AZR	Heibei	4	CC1	Diploid	_	_	_	Y132F, S154F	Homozygous	6	R	I/R	NWT	NWT	S	S	S	WT	WT	Yes
SRR23915277	2032766100	PRJNA946688	Homo sapiens	15DP065	Candida tropicalis	F4048	SRP428185	CDCF4048	233	CTC01	Chongqing	5	CC7	Diploid	_	_	_	_	_	2	R	I/R	WT	NWT	S	S	S	WT	WT	Yes
SRR23915278	2433549300	PRJNA946688	Homo sapiens	15HZ039	Candida tropicalis	F3994	SRP428185	CDCF3994	129		Henan	10	CC160	Diploid	_	_	_	_	_	2	SDD	I/R	WT	NWT	S	S	S	WT	WT	Yes
SRR23915279	2261469600	PRJNA946688	Homo sapiens	15HZ032	Candida tropicalis	F3992	SRP428185	CDCF3992	457	CTC16	Henan		CC159	Diploid	_	_	_	_	_	2	S	S	WT	WT	S	S	S	WT	WT	Yes
SRR23915280	2334658500	PRJNA946688	Homo sapiens	15JS486	Candida tropicalis	F3990	SRP428185	CDCF3990	245	CTC01	Jiangsu	5	CC7	Diploid	_	_	_	_	_	2	S	S	WT	WT	S	S	S	WT	WT	Yes
SRR23915281	2437744500	PRJNA946688	Homo sapiens	15JS480	Candida tropicalis	F3988	SRP428185	CDCF3988	231	CTC01	Jiangsu	5	CC7	Diploid	_	_	_	_	_	2	S	S	WT	WT	S	S	S	WT	WT	Yes
SRR23915282	2416070100	PRJNA946688	Homo sapiens	14AH064	Candida tropicalis	F3986	SRP428185	CDCF3986	240	CTC01	Anhui	5	CC7	Diploid	_	_	_	_	_	2	S	S	WT	WT	S	S	S	WT	WT	Yes
SRR23915283	2126673300	PRJNA946688	Homo sapiens	15HZ046	Candida tropicalis	F3984	SRP428185	CDCF3984	385	AZR	Henan	4	CC1	Diploid	_	_	_	Y132F, S154F	Heterozygous	5	R	I/R	WT	NWT	S	S	S	WT	WT	Yes
SRR23915284	2037297300	PRJNA946688	Homo sapiens	15DZ027	Candida tropicalis	F3982	SRP428185	CDCF3982	626	CTC03	Liaoning	23	CC16	Diploid	_	_	_	_	_	2	S	S	WT	WT	S	S	S	WT	WT	Yes
SRR23915285	4656536100	PRJNA946688	Homo sapiens	16DL078	Candida tropicalis	F3352	SRP428185	CDCF3352	336		Liaoning		CC70	Diploid	_	_	_	_	_	2	S	I/R	WT	NWT	S	S	S	WT	WT	Yes
SRR23915286	2660577000	PRJNA946688	Homo sapiens	15DP066	Candida tropicalis	F3980	SRP428185	CDCF3980	98		Chongqing	4	CC158	Diploid	_	_	_	_	_	2	S	S	WT	WT	S	S	S	WT	WT	Yes
SRR23915287	4070397000	PRJNA946688	Homo sapiens	14LR214	Candida tropicalis	F3978	SRP428185	CDCF3978	293	CTC06	Liaoning	12	CC6	Diploid	_	_	_	_	_	2	S	S	WT	WT	S	S	S	WT	WT	Yes
SRR23915288	1894097400	PRJNA946688	Homo sapiens	14LR210	Candida tropicalis	F3976	SRP428185	CDCF3976	600		Liaoning	N6	CC54	Diploid	_	_	Yes-Branch 1	_	_	2	SDD	S	WT	WT	S	S	S	WT	WT	Yes
SRR23915289	2079175500	PRJNA946688	Homo sapiens	15NX171	Candida tropicalis	F3974	SRP428185	CDCF3974	127		Ningxia		CC55	Diploid	_	Chromosome 4-position 1-3_	_	_	_	2	S	I/R	WT	WT	S	S	S	WT	WT	Yes
SRR23915290	1917191100	PRJNA946688	Homo sapiens	15NX150	Candida tropicalis	F3972	SRP428185	CDCF3972	374	AZR	Ningxia	4	CC1	Diploid	_	_	_	Y132F, S154F	Heterozygous	8	SDD	I/R	WT	WT	S	S	S	WT	WT	Yes
SRR23915291	2328311700	PRJNA946688	Homo sapiens	15LJ006	Candida tropicalis	F3970	SRP428185	CDCF3970	121		Gansu		CC157	Diploid	_	_	_	_	_	2	S	I/R	WT	NWT	S	S	S	WT	WT	Yes
SRR23915292	2444974200	PRJNA946688	Homo sapiens	15K1071	Candida tropicalis	F3968	SRP428185	CDCF3968	21	CTC12	Yunnan	2	CC0	Diploid	_	_	_	_	_	2	S	S	WT	WT	S	S	S	WT	WT	Yes
SRR23915293	2536529700	PRJNA946688	Homo sapiens	15LZ101	Candida tropicalis	F3966	SRP428185	CDCF3966	195	CTC02	Gansu	N2	CC25	Diploid	_	_	_	_	_	2	S	S	WT	WT	S	S	S	WT	WT	Yes
SRR23915294	2362023000	PRJNA946688	Homo sapiens	15JS519	Candida tropicalis	F3964	SRP428185	CDCF3964	429	AZR	Jiangsu	4	CC1	Diploid	_	_	_	Y132F, S154F	Heterozygous	7	R	I/R	NWT	NWT	S	S	S	WT	WT	Yes
SRR23915295	2737492800	PRJNA946688	Homo sapiens	15JS515	Candida tropicalis	F3962	SRP428185	CDCF3962	189	CTC02	Jiangsu	N2	CC25	Diploid	_	_	_	_	_	2	S	S	WT	WT	S	S	S	WT	WT	Yes
SRR23915296	1985681700	PRJNA946688	Homo sapiens	15H1472	Candida tropicalis	F3350	SRP428185	CDCF3350	247	CTC01	Heilongjiang	5	CC7	Diploid	_	_	_	_	_	2	SDD	I/R	WT	NWT	S	S	S	WT	WT	Yes
SRR23915297	2116405800	PRJNA946688	Homo sapiens	14H1409	Candida tropicalis	F3154	SRP428185	CDCF3154	285	CTC06	Heilongjiang	12	CC6	Diploid	_	_	_	_	_	2	S	S	WT	WT	S	S	S	WT	WT	Yes
SRR23915298	2713048800	PRJNA946688	Homo sapiens	15JS512	Candida tropicalis	F3960	SRP428185	CDCF3960	190	CTC02	Jiangsu	N2	CC25	Diploid	_	_	_	_	_	2	R	I/R	NWT	NWT	S	S	S	WT	WT	Yes
SRR23915299	2138608800	PRJNA946688	Homo sapiens	15JS373	Candida tropicalis	F3958	SRP428185	CDCF3958	397	AZR	Jiangsu	4	CC1	Diploid	_	_	_	Y132F, S154F	Heterozygous	6	R	I/R	WT	NWT	S	S	S	WT	WT	Yes
SRR23915300	2295879900	PRJNA946688	Homo sapiens	15JD109	Candida tropicalis	F3956	SRP428185	CDCF3956	326	CTC07	Jilin	N8	CC12	Diploid	_	_	_	_	_	2	SDD	I/R	WT	NWT	S	S	S	WT	WT	Yes
SRR23915301	1897550700	PRJNA946688	Homo sapiens	11XY014	Candida tropicalis	F3954	SRP428185	CDCF3954	284	CTC06	Hunan	12	CC6	Diploid	_	_	_	_	_	2	S	S	WT	WT	S	S	S	WT	WT	Yes
SRR23915302	1958421300	PRJNA946688	Homo sapiens	15HB048	Candida tropicalis	F3334	SRP428185	CDCF3334	391	AZR	Heibei	4	CC1	Diploid	_	_	_	Y132F, S154F	Heterozygous	8	R	I/R	WT	NWT	S	S	S	WT	WT	Yes
SRR23915303	2344701000	PRJNA946688	Homo sapiens	14DZ011	Candida tropicalis	F3800	SRP428185	CDCF3800	489	CTC04	Liaoning	N4	CC1	Diploid	_	_	_	_	_	2	S	S	WT	WT	S	S	S	WT	WT	Yes
SRR23915304	2619393900	PRJNA946688	Homo sapiens	14DL026	Candida tropicalis	F3796	SRP428185	CDCF3796	205	CTC02	Liaoning	N2	CC25	Diploid	_	_	_	_	_	2	R	I/R	NWT	NWT	S	S	S	WT	WT	Yes
SRR23915305	1952890500	PRJNA946688	Homo sapiens	14J3066	Candida tropicalis	F3794	SRP428185	CDCF3794	440	AZR	Jiangxi	4	CC1	Diploid	_	_	_	Y132F, S154F	Heterozygous	7	R	I/R	NWT	NWT	S	S	S	WT	WT	Yes
SRR23915306	1938970500	PRJNA946688	Homo sapiens	14J3055	Candida tropicalis	F3792	SRP428185	CDCF3792	253	CTC01	Jiangxi	5	CC7	Diploid	_	_	_	_	_	2	S	S	WT	WT	S	S	S	WT	WT	Yes
SRR23915307	1885277100	PRJNA946688	Homo sapiens	15SS015	Candida tropicalis	F3790	SRP428185	CDCF3790	434	AZR	Shangxi	4	CC1	Diploid	_	_	_	Y132F, S154F	Heterozygous	8	R	I/R	NWT	NWT	S	S	S	WT	WT	Yes
SRR23915308	2782122300	PRJNA946688	Homo sapiens	15SJ164	Candida tropicalis	F3788	SRP428185	CDCF3788	494	CTC04	Liaoning	N4	CC1	Diploid	_	_	_	_	_	2	S	I/R	WT	NWT	S	S	S	WT	WT	Yes
SRR23915309	2039605200	PRJNA946688	Homo sapiens	16TJ755	Candida tropicalis	F3784	SRP428185	CDCF3784	130		Hubei		CC146	Diploid	_	Chromosome 4-position 1-5.5_	_	Y132F, S154F	Heterozygous	6	R	I/R	NWT	NWT	S	S	S	WT	WT	Yes
SRR23915310	2966534700	PRJNA946688	Homo sapiens	15TJ680	Candida tropicalis	F3782	SRP428185	CDCF3782	431	AZR	Hubei	4	CC1	Diploid	_	_	_	Y132F, S154F, P397S	Heterozygous	8	R	I/R	NWT	NWT	S	S	S	WT	WT	Yes
SRR23915311	2939730900	PRJNA946688	Homo sapiens	15TJ676	Candida tropicalis	F3780	SRP428185	CDCF3780	110	CTC11	Hubei		CC145	Diploid	_	_	_	_	_	2	S	I/R	WT	NWT	S	S	S	WT	WT	Yes
SRR23915312	2028121500	PRJNA946688	Homo sapiens	16K1104	Candida tropicalis	F3778	SRP428185	CDCF3778	604		Yunnan	N6	CC144	Diploid	_	_	Yes-Branch 1	_	_	2	S	S	WT	WT	S	S	S	WT	WT	Yes
SRR23915313	1772405400	PRJNA946688	Homo sapiens	15HB046	Candida tropicalis	F3332	SRP428185	CDCF3332	211		Heibei		CC6	Diploid	_	_	_	_	_	2	S	S	WT	WT	S	S	S	WT	WT	Yes
SRR23915314	11442945600	PRJNA946688	Homo sapiens	16LR314	Candida tropicalis	F3776	SRP428185	CDCF3776	12	CTC12	Liaoning	2	CC0	Diploid	_	_	_	_	_	2	S	S	WT	WT	S	S	S	WT	WT	Yes
SRR23915315	4990384500	PRJNA946688	Homo sapiens	16LR315	Candida tropicalis	F3774	SRP428185	CDCF3774	321		Liaoning		CC143	Diploid	_	_	_	_	_	2	S	S	WT	WT	S	S	S	WT	WT	Yes
SRR23915316	1949829600	PRJNA946688	Homo sapiens	14AH086	Candida tropicalis	F3772	SRP428185	CDCF3772	468	CTC15	Anhui	10	CC44	Diploid	_	_	_	_	_	2	S	I/R	WT	WT	S	S	S	WT	WT	Yes
SRR23915317	2721358200	PRJNA946688	Homo sapiens	14AH083	Candida tropicalis	F3770	SRP428185	CDCF3770	572		Anhui		CC142	Diploid	_	_	_	_	_	2	S	S	WT	WT	S	S	S	WT	WT	Yes
SRR23915318	2607529800	PRJNA946688	Homo sapiens	14AH075	Candida tropicalis	F3768	SRP428185	CDCF3768	192	CTC02	Anhui	N2	CC25	Diploid	_	_	_	_	_	2	SDD	I/R	WT	NWT	S	S	S	WT	WT	Yes
SRR23915319	2256470400	PRJNA946688	Homo sapiens	14AH074	Candida tropicalis	F3766	SRP428185	CDCF3766	469	CTC15	Anhui	10	CC44	Diploid	_	_	_	_	_	2	S	S	WT	WT	S	S	S	WT	WT	Yes
SRR23915320	2481705600	PRJNA946688	Homo sapiens	14AH069	Candida tropicalis	F3764	SRP428185	CDCF3764	576		Anhui	N2	CC14	Diploid	_	Chromosome 4-position 1-2.5_	_	_	_	2	SDD	I/R	WT	NWT	S	S	S	WT	WT	Yes
SRR23915321	2400289200	PRJNA946688	Homo sapiens	15Z2129	Candida tropicalis	F3762	SRP428185	CDCF3762	492	CTC04	Zhejiang	N4	CC1	Diploid	_	_	_	_	_	2	S	S	WT	WT	S	S	S	WT	WT	Yes
SRR23915322	2146399800	PRJNA946688	Homo sapiens	15Z2125	Candida tropicalis	F3760	SRP428185	CDCF3760	277	CTC06	Zhejiang	12	CC6	Diploid	_	_	_	_	_	2	S	S	WT	WT	S	S	S	WT	WT	Yes
SRR23915323	2638289100	PRJNA946688	Homo sapiens	15Z2116	Candida tropicalis	F3758	SRP428185	CDCF3758	563		Zhejiang		CC141	Diploid	_	_	_	_	_	2	S	S	WT	WT	S	S	S	WT	WT	Yes
SRR23915324	2012650200	PRJNA946688	Homo sapiens	14HX771	Candida tropicalis	F3330	SRP428185	CDCF3330	339	AZR-ADJ	Sichuan		CC71	Diploid	_	_	_	Y132F, S154F	Heterozygous	2	R	I/R	WT	WT	S	S	S	WT	WT	Yes
SRR23915325	2713697400	PRJNA946688	Homo sapiens	15A1045	Candida tropicalis	F3756	SRP428185	CDCF3756	413	AZR	Shaanxi	4	CC1	Diploid	_	_	_	Y132F, S154F	Heterozygous	8	R	I/R	NWT	NWT	S	S	S	WT	WT	Yes
SRR23915326	2198009400	PRJNA946688	Homo sapiens	14ZD331	Candida tropicalis	F3480	SRP428185	CDCF3480	493	CTC04	Zhejiang	N4	CC1	Diploid	_	_	_	_	_	2	S	I/R	WT	NWT	S	S	S	WT	WT	Yes
SRR23915327	3316476900	PRJNA946688	Homo sapiens	14ZD330	Candida tropicalis	F3478	SRP428185	CDCF3478	464		Zhejiang	13	CC126	Diploid	_	_	_	_	_	2	S	S	WT	WT	S	S	S	WT	WT	Yes
SRR23915328	2132003400	PRJNA946688	Homo sapiens	15TJ689	Candida tropicalis	F3476	SRP428185	CDCF3476	222	CTC01	Hubei	5	CC7	Diploid	_	_	_	_	_	2	SDD	I/R	WT	NWT	S	S	S	WT	WT	Yes
SRR23915329	2191448400	PRJNA946688	Homo sapiens	15TJ690	Candida tropicalis	F3474	SRP428185	CDCF3474	173		Hubei		CC72	Diploid	_	_	_	_	_	2	S	S	WT	WT	S	S	S	WT	WT	Yes
SRR23915330	1861098300	PRJNA946688	Homo sapiens	15HB055	Candida tropicalis	F3470	SRP428185	CDCF3470	472	CTC15	Heibei	10	CC44	Diploid	_	_	_	_	_	2	S	S	WT	WT	S	S	S	WT	WT	Yes
SRR23915331	2065686000	PRJNA946688	Homo sapiens	15HB052	Candida tropicalis	F3468	SRP428185	CDCF3468	490	CTC04	Heibei	N4	CC1	Diploid	_	_	_	_	_	2	S	S	WT	WT	S	S	S	WT	WT	Yes
SRR23915332	1809227700	PRJNA946688	Homo sapiens	15H4210	Candida tropicalis	F3188	SRP428185	CDCF3188	334	CTC07	Heilongjiang	N8	CC12	Diploid	_	_	_	_	_	2	S	S	WT	WT	S	S	S	WT	WT	Yes
SRR23915333	1968300600	PRJNA946688	Homo sapiens	16DP094	Candida tropicalis	F3466	SRP428185	CDCF3466	444		Chongqing		CC125	Triploid	_	_	_	_	_	2	S	S	WT	WT	S	S	S	WT	WT	Yes
SRR23915334	2045931300	PRJNA946688	Homo sapiens	16DP080	Candida tropicalis	F3464	SRP428185	CDCF3464	524		Chongqing	N3	CC24	Diploid	_	_	_	_	_	2	S	S	WT	WT	S	S	S	WT	WT	Yes
SRR23915335	2312863200	PRJNA946688	Homo sapiens	15H1466	Candida tropicalis	F3462	SRP428185	CDCF3462	246	CTC01	Heilongjiang	5	CC7	Diploid	_	_	_	_	_	2	R	I/R	WT	NWT	S	S	S	WT	WT	Yes
SRR23915336	2054523300	PRJNA946688	Homo sapiens	15H1441	Candida tropicalis	F3460	SRP428185	CDCF3460	151	CTC13	Heilongjiang	9	CC4	Diploid	_	_	_	_	_	2	S	S	WT	WT	S	S	S	WT	WT	Yes
SRR23915337	2456567700	PRJNA946688	Homo sapiens	15GX110	Candida tropicalis	F3458	SRP428185	CDCF3458	595		Guangxi		CC67	Diploid	_	_	_	_	_	2	S	S	WT	WT	S	S	S	WT	WT	Yes
SRR23915338	1975742700	PRJNA946688	Homo sapiens	14ZR076	Candida tropicalis	F3456	SRP428185	CDCF3456	191	CTC02	Jilin	N2	CC25	Diploid	_	_	_	_	_	2	S	S	WT	WT	S	S	S	WT	WT	Yes
SRR23915339	2051845500	PRJNA946688	Homo sapiens	14Z2105	Candida tropicalis	F3454	SRP428185	CDCF3454	548	CTC09	Zhejiang	10	CC5	Diploid	_	_	_	Y257H	Homozygous	2	SDD	I/R	WT	NWT	S	S	S	WT	WT	Yes
SRR23915340	2288983800	PRJNA946688	Homo sapiens	14Z2110	Candida tropicalis	F3452	SRP428185	CDCF3452	546		Zhejiang	10	CC63	Diploid	_	_	_	_	_	2	S	S	WT	WT	S	S	S	WT	WT	Yes
SRR23915341	2333693100	PRJNA946688	Homo sapiens	14Z2111	Candida tropicalis	F3450	SRP428185	CDCF3450	235	CTC01	Zhejiang	5	CC7	Diploid	_	_	_	_	_	2	S	S	WT	WT	S	S	S	WT	WT	Yes
SRR23915342	1789097700	PRJNA946688	Homo sapiens	15XY257	Candida tropicalis	F3446	SRP428185	CDCF3446	212		Hunan		CC6	Diploid	_	_	_	_	_	2	S	I/R	WT	NWT	S	S	S	WT	WT	Yes
SRR23915343	1953988500	PRJNA946688	Homo sapiens	15H4197	Candida tropicalis	F3178	SRP428185	CDCF3178	569		Heilongjiang		CC11	Diploid	_	_	_	_	_	2	S	S	WT	WT	S	S	S	WT	WT	Yes
SRR23915344	1910352600	PRJNA946688	Homo sapiens	16HN015	Candida tropicalis	F3442	SRP428185	CDCF3442	538		Henan	8	CC14	Diploid	_	_	_	G464S	Heterozygous	2	R	I/R	NWT	NWT	S	S	S	WT	WT	Yes
SRR23915345	1945032000	PRJNA946688	Homo sapiens	16HN017	Candida tropicalis	F3440	SRP428185	CDCF3440	615	CTC03	Henan		CC53	Diploid	_	_	_	_	_	2	S	S	WT	NWT	S	S	S	WT	WT	Yes
SRR23915346	1900839300	PRJNA946688	Homo sapiens	15GF028	Candida tropicalis	F3438	SRP428185	CDCF3438	268		Guangdong		CC124	Diploid	_	_	_	_	_	2	S	S	WT	WT	S	S	S	WT	WT	Yes
SRR23915347	1983888000	PRJNA946688	Homo sapiens	15GF029	Candida tropicalis	F3436	SRP428185	CDCF3436	96		Guangdong	8	CC123	Diploid	_	_	_	_	_	2	S	S	WT	WT	S	S	S	WT	WT	Yes
SRR23915348	2105344800	PRJNA946688	Homo sapiens	15GF052	Candida tropicalis	F3432	SRP428185	CDCF3432	183	CTC20	Guangdong	11	CC8	Diploid	_	_	_	_	_	2	S	S	WT	WT	S	S	S	WT	WT	Yes
SRR23915349	1910401200	PRJNA946688	Homo sapiens	15TJ707	Candida tropicalis	F3430	SRP428185	CDCF3430	506	CTC05	Hubei	6	CC10	Diploid	_	_	_	_	_	2	S	S	WT	WT	S	S	S	WT	WT	Yes
SRR23915350	1975786800	PRJNA946688	Homo sapiens	12BD183	Candida tropicalis	F9475	SRP428185	CDCF9475	279	CTC06	Beijing	12	CC6	Diploid	_	_	_	_	_	2	S	S	WT	WT	S	S	S	WT	WT	Yes
SRR23915351	2213941800	PRJNA946688	Homo sapiens	10BD113	Candida tropicalis	F9474	SRP428185	CDCF9474	402	AZR	Beijing	4	CC1	Diploid	_	_	_	Y132F, S154F	Heterozygous	2	R	I/R	WT	NWT	S	S	S	WT	WT	Yes
SRR23915352	2410750500	PRJNA946688	Homo sapiens	10BD107	Candida tropicalis	F9473	SRP428185	CDCF9473	214		Beijing		CC163	Diploid	_	_	_	_	_	2	S	S	WT	WT	S	S	S	WT	WT	Yes
SRR23915353	2645530800	PRJNA946688	Homo sapiens	14HX753	Candida tropicalis	F3374	SRP428185	CDCF3374	367	AZR	Sichuan	4	CC1	Diploid	_	_	_	Y132F, S154F	Heterozygous	8	R	I/R	WT	NWT	S	S	S	WT	WT	Yes
SRR23915354	2182055100	PRJNA946688	Homo sapiens	14H1414	Candida tropicalis	F3160	SRP428185	CDCF3160	113		Heilongjiang		CC110	Diploid	_	_	_	_	_	2	S	S	WT	WT	S	S	S	WT	WT	Yes
SRR23915355	2431695300	PRJNA946688	Homo sapiens	10BD101	Candida tropicalis	F9472	SRP428185	CDCF9472	481		Beijing		CC5	Diploid	_	_	_	_	_	2	S	S	WT	WT	S	S	S	WT	WT	Yes
SRR23915356	2610002700	PRJNA946688	Homo sapiens	09BD017	Candida tropicalis	F9471	SRP428185	CDCF9471	139		Beijing	N5	CC58	Diploid	_	_	_	_	_	2	S	S	WT	WT	S	S	S	WT	WT	Yes
SRR23915357	2033483100	PRJNA946688	Homo sapiens	13PU618	Candida tropicalis	F7114	SRP428185	CDCF7114	347	AZR-ADJ	Beijing	4	CC13	Diploid	_	_	_	Y132F, S154F	Homozygous	2	R	I/R	WT	NWT	S	S	S	WT	WT	Yes
SRR23915358	2161107900	PRJNA946688	Homo sapiens	13PU614	Candida tropicalis	F7113	SRP428185	CDCF7113	348	AZR-ADJ	Beijing	4	CC13	Diploid	_	_	_	Y132F, S154F	Homozygous	2	R	I/R	WT	NWT	S	S	S	WT	WT	Yes
SRR23915359	2789478000	PRJNA946688	Homo sapiens	14ZZ140	Candida tropicalis	F4164	SRP428185	CDCF4164	483		Henan	N5	CC57	Diploid	_	_	_	_	_	2	S	I/R	WT	WT	S	S	S	WT	WT	Yes
SRR23915360	2426477100	PRJNA946688	Homo sapiens	14ZZ139	Candida tropicalis	F4162	SRP428185	CDCF4162	504	CTC05	Henan	6	CC10	Diploid	_	_	_	_	_	2	R	I/R	WT	NWT	S	S	S	WT	WT	Yes
SRR23915361	2107981800	PRJNA946688	Homo sapiens	13ZR020	Candida tropicalis	F4160	SRP428185	CDCF4160	299	CTC06	Jilin	12	CC6	Diploid	_	_	_	_	_	2	SDD	I/R	WT	NWT	S	S	I	WT	WT	Yes
SRR23915362	3074468400	PRJNA946688	Homo sapiens	16ZD433	Candida tropicalis	F4158	SRP428185	CDCF4158	442	AZR	Zhejiang	4	CC1	Diploid	_	_	_	Y132F, S154F	Heterozygous	7	R	I/R	NWT	NWT	S	S	S	WT	WT	Yes
SRR23915363	3013836300	PRJNA946688	Homo sapiens	15ZD406	Candida tropicalis	F4156	SRP428185	CDCF4156	416	AZR	Zhejiang	4	CC1	Diploid	_	Chromosome 4-position 2-2.5_	_	Y132F, S154F	Heterozygous	16	R	I/R	NWT	NWT	S	S	S	WT	WT	Yes
SRR23915364	2098936800	PRJNA946688	Homo sapiens	15ZD403	Candida tropicalis	F4154	SRP428185	CDCF4154	36		Zhejiang		CC21	Diploid	_	_	_	_	_	2	S	S	WT	WT	S	S	S	WT	WT	Yes
SRR23915365	1954750200	PRJNA946688	Homo sapiens	14HX752	Candida tropicalis	F3372	SRP428185	CDCF3372	414	AZR	Sichuan	4	CC1	Diploid	_	_	_	Y132F, S154F	Heterozygous	6	R	I/R	WT	WT	S	S	S	WT	WT	Yes
SRR23915366	3283149600	PRJNA946688	Homo sapiens	15Z2132	Candida tropicalis	F4152	SRP428185	CDCF4152	543		Zhejiang		CC152	Diploid	_	_	_	_	_	2	S	S	WT	WT	S	S	S	WT	WT	Yes
SRR23915367	3076093500	PRJNA946688	Homo sapiens	14Z2101	Candida tropicalis	F4150	SRP428185	CDCF4150	386	AZR	Zhejiang	4	CC1	Diploid	_	_	_	Y132F, S154F	Heterozygous	6	R	I/R	WT	NWT	S	S	S	WT	WT	Yes
SRR23915368	2445213300	PRJNA946688	Homo sapiens	11XY053	Candida tropicalis	F4148	SRP428185	CDCF4148	517	CTC05	Hunan	6	CC10	Diploid	_	_	_	_	_	2	S	I/R	WT	WT	S	S	S	WT	WT	Yes
SRR23915369	2129231400	PRJNA946688	Homo sapiens	11XY038	Candida tropicalis	F4146	SRP428185	CDCF4146	515	CTC05	Hunan	6	CC10	Diploid	_	_	_	_	_	2	S	S	WT	WT	S	S	S	WT	WT	Yes
SRR23915370	2225799600	PRJNA946688	Homo sapiens	11XY037	Candida tropicalis	F4144	SRP428185	CDCF4144	516	CTC05	Hunan	6	CC10	Diploid	_	Chromosome 4-position 1-4_	_	_	_	2	S	S	WT	WT	S	S	S	WT	WT	Yes
SRR23915371	3060590400	PRJNA946688	Homo sapiens	14XY232	Candida tropicalis	F4140	SRP428185	CDCF4140	476		Hunan	8	CC20	Diploid	_	_	_	_	_	2	S	S	WT	WT	S	S	S	WT	WT	Yes
SRR23915372	1915502700	PRJNA946688	Homo sapiens	11XY017	Candida tropicalis	F4138	SRP428185	CDCF4138	243	CTC01	Hunan	5	CC7	Diploid	_	_	_	_	_	2	S	S	WT	WT	S	S	S	WT	WT	Yes
SRR23915373	2918891100	PRJNA946688	Homo sapiens	11XY007	Candida tropicalis	F4136	SRP428185	CDCF4136	471	CTC15	Hunan	10	CC44	Diploid	_	_	_	_	_	2	S	S	WT	WT	S	S	S	WT	WT	Yes
SRR23915374	2022656700	PRJNA946688	Homo sapiens	15DZ040	Candida tropicalis	F3892	SRP428185	CDCF3892	542		Liaoning		CC152	Diploid	_	_	_	_	_	2	S	S	WT	WT	S	S	S	WT	WT	Yes
SRR23915375	2231469000	PRJNA946688	Homo sapiens	15FJ420	Candida tropicalis	F3890	SRP428185	CDCF3890	508	CTC05	Fujian	6	CC10	Diploid	_	Chromosome 4-position 1-2_	_	_	_	2	S	I/R	WT	WT	S	S	S	WT	WT	Yes
SRR23915376	2094321600	PRJNA946688	Homo sapiens	15F1086	Candida tropicalis	F3888	SRP428185	CDCF3888	352	AZR-ADJ	Fujian		CC28	Diploid	_	_	_	Y132F, S154F	Homozygous	2	R	I/R	WT	NWT	S	S	S	WT	WT	Yes
SRR23915377	1933703400	PRJNA946688	Homo sapiens	11XY001	Candida tropicalis	F3886	SRP428185	CDCF3886	236	CTC01	Hunan	5	CC7	Diploid	_	_	_	_	_	2	S	S	WT	WT	S	S	S	WT	WT	Yes
SRR23915378	1869435000	PRJNA946688	Homo sapiens	14ZD326	Candida tropicalis	F3344	SRP428185	CDCF3344	435	AZR	Zhejiang	4	CC1	Diploid	_	_	_	Y132F, S154F, P397S	Heterozygous	6	R	I/R	WT	NWT	S	S	S	WT	WT	Yes
SRR23915379	2196683100	PRJNA946688	Homo sapiens	16TJ822	Candida tropicalis	F3884	SRP428185	CDCF3884	103		Hubei		CC151	Diploid	_	_	_	_	_	2	S	S	WT	WT	S	S	S	WT	WT	Yes
SRR23915380	2525013300	PRJNA946688	Homo sapiens	16TJ823	Candida tropicalis	F3882	SRP428185	CDCF3882	258		Hubei		CC150	Diploid	_	Chromosome 4-position 1-4_	_	_	_	2	S	S	WT	WT	S	S	S	WT	WT	Yes
SRR23915381	1798998300	PRJNA946688	Homo sapiens	16TJ825	Candida tropicalis	F3880	SRP428185	CDCF3880	566		Hubei		CC11	Diploid	_	_	_	_	_	2	S	S	WT	NWT	S	S	S	WT	WT	Yes
SRR23915382	2115459900	PRJNA946688	Homo sapiens	16XY279	Candida tropicalis	F3878	SRP428185	CDCF3878	461	CTC16	Hunan		CC11	Diploid	_	_	_	_	_	2	S	S	WT	WT	S	S	S	WT	WT	Yes
SRR23915383	2335261200	PRJNA946688	Homo sapiens	15LR264	Candida tropicalis	F3876	SRP428185	CDCF3876	409	AZR	Liaoning	4	CC1	Diploid	_	_	_	Y132F, S154F	Homozygous	13	R	I/R	NWT	NWT	S	S	S	WT	WT	Yes
SRR23915384	2870454900	PRJNA946688	Homo sapiens	15HX847	Candida tropicalis	F3872	SRP428185	CDCF3872	463	CTC16	Sichuan		CC11	Diploid	_	_	_	_	_	2	S	S	WT	WT	S	S	S	WT	WT	Yes
SRR23915385	2256683100	PRJNA946688	Homo sapiens	15HX846	Candida tropicalis	F3870	SRP428185	CDCF3870	377	AZR	Sichuan	4	CC1	Diploid	_	_	_	Y132F, S154F	Heterozygous	10	R	I/R	NWT	NWT	S	S	S	WT	WT	Yes
SRR23915386	1851230700	PRJNA946688	Homo sapiens	15HX873	Candida tropicalis	F3868	SRP428185	CDCF3868	180		Sichuan		CC8	Diploid	_	_	_	_	_	2	R	I/R	WT	NWT	S	S	S	WT	WT	Yes
SRR23915387	3124025400	PRJNA946688	Homo sapiens	15HX864	Candida tropicalis	F3866	SRP428185	CDCF3866	390	AZR	Sichuan	4	CC1	Diploid	_	_	_	Y132F, S154F	Heterozygous	8	R	I/R	WT	NWT	S	S	S	WT	WT	Yes
SRR23915388	3581436000	PRJNA946688	Homo sapiens	16DL080	Candida tropicalis	F3864	SRP428185	CDCF3864	314	CTC17	Liaoning		CC34	Diploid	_	_	_	_	_	2	S	S	WT	WT	S	S	S	WT	WT	Yes
SRR23915389	1945737300	PRJNA946688	Homo sapiens	15GH467	Candida tropicalis	F3342	SRP428185	CDCF3342	498	CTC04	Beijing	N4	CC1	Diploid	_	_	_	_	_	2	S	S	WT	WT	S	S	S	WT	WT	Yes
SRR23915390	6768037200	PRJNA946688	Homo sapiens	16DL089	Candida tropicalis	F3862	SRP428185	CDCF3862	418	AZR	Liaoning	4	CC1	Diploid	_	Chromosome 4-position 2-2_	_	Y132F, S154F	Homozygous	8	R	I/R	NWT	NWT	S	S	S	WT	WT	Yes
SRR23915391	2496499800	PRJNA946688	Homo sapiens	16DL094	Candida tropicalis	F3860	SRP428185	CDCF3860	594		Liaoning		CC67	Diploid	_	_	_	_	_	2	S	S	WT	WT	S	S	S	WT	WT	Yes
SRR23915392	2299968600	PRJNA946688	Homo sapiens	16DL099	Candida tropicalis	F3858	SRP428185	CDCF3858	423	AZR	Liaoning	4	CC1	Diploid	_	_	_	Y132F, S154F	Heterozygous	7	R	I/R	WT	NWT	S	S	S	WT	WT	Yes
SRR23915393	2326354500	PRJNA946688	Homo sapiens	16F1112	Candida tropicalis	F3856	SRP428185	CDCF3856	206	CTC02	Fujian	N2	CC25	Diploid	_	_	_	_	_	2	R	I/R	WT	WT	S	S	S	WT	WT	Yes
SRR23915394	2376642300	PRJNA946688	Homo sapiens	15FJ438	Candida tropicalis	F3854	SRP428185	CDCF3854	330	CTC07	Fujian	N8	CC12	Diploid	_	_	_	_	_	2	S	I/R	WT	NWT	S	S	S	WT	WT	Yes
SRR23915395	2227267500	PRJNA946688	Homo sapiens	15FJ451	Candida tropicalis	F3852	SRP428185	CDCF3852	174		Fujian	5	CC149	Diploid	_	_	_	_	_	2	S	S	WT	NWT	S	S	S	WT	WT	Yes
SRR23915396	2524519500	PRJNA946688	Homo sapiens	15FJ456	Candida tropicalis	F3850	SRP428185	CDCF3850	571		Fujian		CC142	Diploid	_	_	_	_	_	2	S	I/R	WT	WT	S	S	S	WT	WT	Yes
SRR23915397	2087762700	PRJNA946688	Homo sapiens	15FJ455	Candida tropicalis	F3848	SRP428185	CDCF3848	203	CTC02	Fujian	N2	CC25	Diploid	_	_	_	_	_	2	SDD	I/R	WT	NWT	S	S	S	WT	WT	Yes
SRR23915398	2913781500	PRJNA946688	Homo sapiens	14SS002	Candida tropicalis	F3712	SRP428185	CDCF3712	564		Shangxi		CC20	Diploid	_	_	_	_	_	2	S	S	WT	WT	S	S	S	WT	WT	Yes
SRR23915399	1926062400	PRJNA946688	Homo sapiens	13X1016	Candida tropicalis	F3710	SRP428185	CDCF3710	238	CTC01	Xinjiang	5	CC7	Diploid	_	_	_	_	_	2	S	I/R	WT	WT	S	S	S	WT	WT	Yes
SRR23915400	3438622200	PRJNA946688	Homo sapiens	13X1007	Candida tropicalis	F3708	SRP428185	CDCF3708	197	CTC02	Xinjiang	N2	CC25	Diploid	_	_	_	_	_	2	R	I/R	WT	NWT	S	S	S	WT	WT	Yes
SRR23915401	3241230300	PRJNA946688	Homo sapiens	11S1004	Candida tropicalis	F3706	SRP428185	CDCF3706	341	AZR-ADJ	Shanghai	4	CC13	Diploid	_	_	_	Y132F, S154F	Homozygous	2	R	I/R	WT	WT	S	S	S	WT	WT	Yes
SRR23915402	1824160200	PRJNA946688	Homo sapiens	15GH489	Candida tropicalis	F3704	SRP428185	CDCF3704	282	CTC06	Beijing	12	CC6	Diploid	_	_	_	_	_	2	S	S	WT	WT	S	S	S	WT	WT	Yes
SRR23915403	2488554300	PRJNA946688	Homo sapiens	15GH487	Candida tropicalis	F3702	SRP428185	CDCF3702	313		Beijing		CC18	Triploid	_	Chromosome 4-position 1-3_	_	_	_	2	S	S	WT	WT	S	S	S	WT	WT	Yes
SRR23915404	3106306200	PRJNA946688	Homo sapiens	15H1437	Candida tropicalis	F3700	SRP428185	CDCF3700	573		Heilongjiang	N2	CC14	Diploid	_	Chromosome 4-position 1-3_	_	_	_	2	SDD	I/R	WT	NWT	S	S	S	WT	WT	Yes
SRR23915405	2020988100	PRJNA946688	Homo sapiens	15H1434	Candida tropicalis	F3698	SRP428185	CDCF3698	280	CTC06	Heilongjiang	12	CC6	Diploid	_	_	_	_	_	2	S	S	WT	WT	S	S	S	WT	WT	Yes
SRR23915406	1791551100	PRJNA946688	Homo sapiens	13XJ048	Candida tropicalis	F3308	SRP428185	CDCF3308	509	CTC05	Shaanxi	6	CC10	Diploid	_	_	_	_	_	2	S	S	WT	WT	S	S	S	WT	WT	Yes
SRR23915407	1809740400	PRJNA946688	Homo sapiens	14H1415	Candida tropicalis	F3696	SRP428185	CDCF3696	603		Heilongjiang	N6	CC54	Diploid	_	_	Yes-Branch 1	_	_	2	S	S	WT	WT	S	S	S	WT	WT	Yes
SRR23915408	2238088200	PRJNA946688	Homo sapiens	14H1407	Candida tropicalis	F3694	SRP428185	CDCF3694	232	CTC01	Heilongjiang	5	CC7	Diploid	_	Chromosome 4-position 1-3_	_	_	_	2	S	S	WT	WT	S	S	S	WT	WT	Yes
SRR23915409	1971063900	PRJNA946688	Homo sapiens	14JD042	Candida tropicalis	F3692	SRP428185	CDCF3692	160	CTC13	Jilin	9	CC4	Diploid	_	_	_	_	_	2	S	S	WT	WT	S	S	S	WT	WT	Yes
SRR23915410	1906592100	PRJNA946688	Homo sapiens	14JD038	Candida tropicalis	F3690	SRP428185	CDCF3690	327	CTC07	Jilin	N8	CC12	Diploid	_	_	_	_	_	2	S	I/R	WT	NWT	S	S	S	WT	WT	Yes
SRR23915411	2536062600	PRJNA946688	Homo sapiens	16HX940	Candida tropicalis	F3686	SRP428185	CDCF3686	241	CTC01	Sichuan	5	CC7	Diploid	_	_	_	_	_	2	S	I/R	WT	WT	S	S	S	WT	WT	Yes
SRR23915412	2099572800	PRJNA946688	Homo sapiens	16JD132	Candida tropicalis	F3684	SRP428185	CDCF3684	470	CTC15	Jilin	10	CC44	Diploid	_	_	_	_	_	2	S	S	WT	WT	S	S	S	WT	WT	Yes
SRR23915413	2102868900	PRJNA946688	Homo sapiens	16HZ092	Candida tropicalis	F3682	SRP428185	CDCF3682	249	CTC01	Henan	5	CC7	Diploid	_	_	_	_	_	2	S	S	WT	WT	S	S	S	WT	WT	Yes
SRR23915414	2323883100	PRJNA946688	Homo sapiens	15Z2143	Candida tropicalis	F3680	SRP428185	CDCF3680	479		Zhejiang	7	CC138	Diploid	_	_	_	_	_	2	S	S	WT	WT	I	R	R	WT	WT	Yes
SRR23915415	2325338700	PRJNA946688	Homo sapiens	14Z2106	Candida tropicalis	F3678	SRP428185	CDCF3678	325	CTC07	Zhejiang	N8	CC12	Diploid	_	_	_	_	_	2	S	S	WT	WT	S	S	S	WT	WT	Yes
SRR23915416	2302438800	PRJNA946688	Homo sapiens	15HX790	Candida tropicalis	F3676	SRP428185	CDCF3676	378	AZR	Sichuan	4	CC1	Diploid	Chromosome 5-1.5_	_	_	Y132F, S154F	Heterozygous	7	R	I/R	WT	NWT	S	S	S	WT	WT	Yes
SRR23915417	2986777500	PRJNA946688	Homo sapiens	15X1061	Candida tropicalis	F3296	SRP428185	CDCF3296	298	CTC06	Xinjiang	12	CC6	Diploid	_	_	_	_	_	2	S	S	WT	WT	S	S	S	WT	WT	Yes
SRR23915418	2810656800	PRJNA946688	Homo sapiens	15J2053	Candida tropicalis	F3674	SRP428185	CDCF3674	502	CTC05	Jiangxi	6	CC10	Diploid	_	_	_	_	_	2	R	I/R	NWT	NWT	S	S	S	WT	WT	Yes
SRR23915419	2776480500	PRJNA946688	Homo sapiens	16GY018	Candida tropicalis	F3672	SRP428185	CDCF3672	430	AZR	Guizhou	4	CC1	Diploid	_	_	_	Y132F, S154F	Heterozygous	5	R	I/R	NWT	NWT	S	S	S	WT	WT	Yes
SRR23915420	2681974500	PRJNA946688	Homo sapiens	16GY016	Candida tropicalis	F3670	SRP428185	CDCF3670	201	CTC02	Guizhou	N2	CC25	Diploid	_	_	_	_	_	2	R	I/R	WT	NWT	S	S	S	WT	WT	Yes
SRR23915421	2242175100	PRJNA946688	Homo sapiens	16GY024	Candida tropicalis	F3668	SRP428185	CDCF3668	128		Guizhou		CC137	Diploid	_	_	_	_	_	2	S	S	WT	WT	S	S	S	WT	WT	Yes
SRR23915422	2066362500	PRJNA946688	Homo sapiens	15GX075	Candida tropicalis	F3512	SRP428185	CDCF3512	421	AZR	Guangxi	4	CC1	Diploid	_	_	_	Y132F, S154F	Heterozygous	6	R	I/R	WT	NWT	S	S	S	WT	WT	Yes
SRR23915423	3276734400	PRJNA946688	Homo sapiens	15Z2158	Candida tropicalis	F3510	SRP428185	CDCF3510	545		Zhejiang		CC10	Diploid	_	_	_	_	_	2	S	S	WT	WT	S	S	S	WT	WT	Yes
SRR23915424	2325344700	PRJNA946688	Homo sapiens	15Z2148	Candida tropicalis	F3508	SRP428185	CDCF3508	618	CTC03	Zhejiang	23	CC16	Diploid	_	Chromosome 4-position 1-2_	_	_	_	2	S	S	WT	WT	S	S	S	WT	WT	Yes
SRR23915425	2184535800	PRJNA946688	Homo sapiens	15FJ463	Candida tropicalis	F3504	SRP428185	CDCF3504	387	AZR	Fujian	4	CC1	Diploid	_	_	_	Y132F, S154F	Homozygous	12	R	I/R	NWT	NWT	S	S	S	WT	WT	Yes
SRR23915426	2162947500	PRJNA946688	Homo sapiens	15G1194	Candida tropicalis	F3502	SRP428185	CDCF3502	501		Guangdong	8	CC128	Diploid	_	_	_	Y132F, S154F	Heterozygous	2	R	I/R	WT	NWT	S	S	S	WT	WT	Yes
SRR23915427	2360254200	PRJNA946688	Homo sapiens	15FJ465	Candida tropicalis	F3500	SRP428185	CDCF3500	342	AZR-ADJ	Fujian	4	CC13	Diploid	_	_	_	Y132F, S154F	Heterozygous	2	R	I/R	WT	WT	S	S	S	WT	WT	Yes
SRR23915428	2017108200	PRJNA946688	Homo sapiens	15FJ435	Candida tropicalis	F3498	SRP428185	CDCF3498	266		Fujian		CC11	Diploid	_	_	_	_	_	2	S	I/R	WT	WT	S	S	S	WT	WT	Yes
SRR23915429	1890147900	PRJNA946688	Homo sapiens	15FJ428	Candida tropicalis	F3496	SRP428185	CDCF3496	541		Fujian		CC62	Diploid	_	_	_	_	_	2	S	I/R	WT	NWT	S	S	S	WT	WT	Yes
SRR23915430	2479185300	PRJNA946688	Homo sapiens	14SS001	Candida tropicalis	F3492	SRP428185	CDCF3492	480		Shangxi	7	CC5	Diploid	_	_	_	_	_	2	SDD	I/R	WT	NWT	S	S	S	WT	WT	Yes
SRR23915431	2208758400	PRJNA946688	Homo sapiens	14G1188	Candida tropicalis	F3490	SRP428185	CDCF3490	42		Guangdong	17	CC127	Diploid	_	_	_	_	_	2	S	S	WT	WT	S	S	S	WT	WT	Yes
SRR23915432	2814794100	PRJNA946688	Homo sapiens	15H4224	Candida tropicalis	F3190	SRP428185	CDCF3190	215	CTC01	Heilongjiang	5	CC7	Diploid	_	_	_	_	_	2	S	S	WT	WT	S	S	S	WT	WT	Yes
SRR23915433	1974874500	PRJNA946688	Homo sapiens	14G1187	Candida tropicalis	F3488	SRP428185	CDCF3488	199	CTC02	Guangdong	N2	CC25	Diploid	_	_	_	_	_	2	R	I/R	NWT	NWT	S	S	S	WT	WT	Yes
SRR23915434	2306564100	PRJNA946688	Homo sapiens	15TJ683	Candida tropicalis	F3486	SRP428185	CDCF3486	319	CTC17	Hubei		CC34	Diploid	_	_	_	_	_	2	S	S	WT	WT	S	S	S	WT	WT	Yes
SRR23915435	2389810800	PRJNA946688	Homo sapiens	14HX766	Candida tropicalis	F3484	SRP428185	CDCF3484	550	CTC09	Sichuan	10	CC5	Diploid	_	_	_	Y257H	Homozygous	2	R	I/R	WT	NWT	S	S	S	WT	WT	Yes
SRR23915436	1981234500	PRJNA946688	Homo sapiens	14HX757	Candida tropicalis	F3482	SRP428185	CDCF3482	181		Sichuan		CC8	Diploid	_	_	_	_	_	2	S	S	WT	WT	S	S	S	WT	WT	Yes
SRR23915437	2920077000	PRJNA946688	Homo sapiens	13H1276	Candida tropicalis	F9498	SRP428185	CDCF9498	332	CTC07	Heilongjiang	N8	CC12	Diploid	_	_	_	_	_	2	S	S	WT	WT	S	S	S	WT	WT	Yes
SRR23915438	2980817400	PRJNA946688	Homo sapiens	13H1265	Candida tropicalis	F9497	SRP428185	CDCF9497	166	CTC13	Heilongjiang	9	CC4	Diploid	_	_	_	_	_	2	S	S	WT	WT	S	S	S	WT	WT	Yes
SRR23915439	2393528100	PRJNA946688	Homo sapiens	12H1241	Candida tropicalis	F9496	SRP428185	CDCF9496	360	AZR-ADJ	Heilongjiang		CC40	Diploid	_	_	_	Y132F, S154F	Homozygous	2	R	I/R	WT	WT	S	S	S	WT	WT	Yes
SRR23915440	2615112000	PRJNA946688	Homo sapiens	12H1222	Candida tropicalis	F9495	SRP428185	CDCF9495	365	AZR	Heilongjiang	4	CC1	Diploid	_	_	_	Y132F, S154F	Heterozygous	6	R	I/R	WT	NWT	S	S	S	WT	WT	Yes
SRR23915441	2042728800	PRJNA946688	Homo sapiens	12H1213	Candida tropicalis	F9494	SRP428185	CDCF9494	14	CTC12	Heilongjiang	2	CC164	Diploid	_	_	_	_	_	2	S	S	WT	WT	S	S	S	WT	WT	Yes
SRR23915442	1909915500	PRJNA946688	Homo sapiens	15FJ461	Candida tropicalis	F3378	SRP428185	CDCF3378	309		Fujian		CC18	Triploid	_	_	_	_	_	2	S	S	WT	WT	S	S	S	WT	WT	Yes
SRR23915443	2198711400	PRJNA946688	Homo sapiens	12H1200	Candida tropicalis	F9493	SRP428185	CDCF9493	487		Heilongjiang	7	CC79	Diploid	_	_	_	_	_	2	S	S	WT	WT	S	S	S	WT	WT	Yes
SRR23915444	2358674100	PRJNA946688	Homo sapiens	11H1183	Candida tropicalis	F9492	SRP428185	CDCF9492	363	AZR-ADJ	Heilongjiang		CC26	Diploid	_	_	_	Y132F, S154F	Homozygous	2	R	I/R	WT	NWT	S	S	S	WT	WT	Yes
SRR23915445	2280790500	PRJNA946688	Homo sapiens	11H1175	Candida tropicalis	F9491	SRP428185	CDCF9491	364	AZR-ADJ	Heilongjiang		CC26	Diploid	_	_	_	Y132F, S154F	Homozygous	2	R	I/R	WT	NWT	S	S	S	WT	WT	Yes
SRR23915446	2202374400	PRJNA946688	Homo sapiens	11H1164	Candida tropicalis	F9490	SRP428185	CDCF9490	292	CTC06	Heilongjiang	12	CC6	Diploid	_	_	_	_	_	2	S	S	WT	WT	S	S	S	WT	WT	Yes
SRR23915447	2778431700	PRJNA946688	Homo sapiens	10H1092	Candida tropicalis	F9489	SRP428185	CDCF9489	361	AZR-ADJ	Heilongjiang		CC40	Diploid	_	_	_	Y132F, S154F	Homozygous	2	R	I/R	WT	WT	S	S	S	WT	WT	Yes
SRR23915448	1782101400	PRJNA946688	Homo sapiens	10H1053	Candida tropicalis	F9487	SRP428185	CDCF9487	194	CTC02	Heilongjiang	N2	CC25	Diploid	_	_	_	_	_	2	S	S	WT	WT	S	S	S	WT	WT	Yes
SRR23915449	2335677000	PRJNA946688	Homo sapiens	09H1016	Candida tropicalis	F9486	SRP428185	CDCF9486	353	AZR-ADJ	Heilongjiang		CC28	Diploid	_	_	_	Y132F, S154F	Homozygous	2	R	I/R	WT	NWT	S	S	S	WT	WT	Yes
SRR23915450	2373879600	PRJNA946688	Homo sapiens	09H1015	Candida tropicalis	F9485	SRP428185	CDCF9485	354	AZR-ADJ	Heilongjiang		CC28	Diploid	_	_	_	Y132F, S154F	Homozygous	2	R	I/R	WT	NWT	S	S	S	WT	WT	Yes
SRR23915451	2506058400	PRJNA946688	Homo sapiens	12BD301	Candida tropicalis	F9484	SRP428185	CDCF9484	356	AZR-ADJ	Beijing		CC13	Diploid	_	_	_	Y132F, S154F	Heterozygous	2	R	I/R	WT	NWT	S	S	S	WT	WT	Yes
SRR23915452	2493900000	PRJNA946688	Homo sapiens	13BD298	Candida tropicalis	F9483	SRP428185	CDCF9483	227	CTC01	Beijing		CC7	Diploid	_	_	_	_	_	2	S	I/R	WT	WT	S	S	S	WT	WT	Yes
SRR23915453	2212405800	PRJNA946688	Homo sapiens	15FJ464	Candida tropicalis	F3376	SRP428185	CDCF3376	335		Fujian		CC70	Diploid	_	_	_	_	_	2	S	I/R	WT	NWT	S	S	S	WT	WT	Yes
SRR23915454	2444613300	PRJNA946688	Homo sapiens	12BD291	Candida tropicalis	F9482	SRP428185	CDCF9482	344	AZR-ADJ	Beijing	4	CC13	Diploid	_	_	_	Y132F, S154F	Heterozygous	2	R	I/R	WT	WT	S	S	S	WT	WT	Yes
SRR23915455	2265841800	PRJNA946688	Homo sapiens	13BD278	Candida tropicalis	F9481	SRP428185	CDCF9481	260		Beijing		CC35	Diploid	_	_	_	_	_	2	S	S	WT	WT	S	S	S	WT	WT	Yes
SRR23915456	2603163900	PRJNA946688	Homo sapiens	13BD273	Candida tropicalis	F9480	SRP428185	CDCF9480	488	CTC04	Beijing	N4	CC1	Diploid	_	_	_	_	_	2	S	S	WT	WT	S	S	S	WT	WT	Yes
SRR23915457	2312346300	PRJNA946688	Homo sapiens	13BD268	Candida tropicalis	F9479	SRP428185	CDCF9479	10	CTC12	Beijing	2	CC0	Diploid	_	_	_	_	_	2	R	I/R	WT	WT	S	S	S	WT	WT	Yes
SRR23915458	2469812700	PRJNA946688	Homo sapiens	13BD263	Candida tropicalis	F9478	SRP428185	CDCF9478	439	AZR	Beijing	4	CC1	Diploid	_	_	_	Y132F, S154F	Heterozygous	7	R	I/R	NWT	NWT	S	S	S	WT	WT	Yes
SRR23915459	2622991200	PRJNA946688	Homo sapiens	12BD249	Candida tropicalis	F9477	SRP428185	CDCF9477	554		Beijing		CC59	Diploid	_	_	_	_	_	2	S	S	WT	WT	S	S	S	WT	WT	Yes
SRR23915460	2387932500	PRJNA946688	Homo sapiens	12BD206	Candida tropicalis	F9476	SRP428185	CDCF9476	207	CTC02	Beijing	N2	CC25	Diploid	_	_	_	G464S	Homozygous	2	R	I/R	NWT	NWT	S	S	S	WT	WT	Yes
SRR23915461	2289197700	PRJNA946688	Homo sapiens	13ZR019	Candida tropicalis	F3952	SRP428185	CDCF3952	108	CTC11	Jilin		CC145	Diploid	_	_	_	_	_	2	S	S	WT	WT	S	S	S	WT	WT	Yes
SRR23915462	3195730800	PRJNA946688	Homo sapiens	14SS013	Candida tropicalis	F3950	SRP428185	CDCF3950	138		Shangxi	N5	CC156	Diploid	_	_	_	_	_	2	S	S	WT	WT	S	S	S	WT	WT	Yes
SRR23915463	2245335900	PRJNA946688	Homo sapiens	14SS011	Candida tropicalis	F3948	SRP428185	CDCF3948	627	CTC03	Shangxi	23	CC16	Diploid	_	_	_	_	_	2	S	S	WT	WT	S	S	S	WT	WT	Yes
SRR23915464	4648882200	PRJNA946688	Homo sapiens	15HZ053	Candida tropicalis	F3946	SRP428185	CDCF3946	384	AZR	Henan	4	CC1	Diploid	_	_	_	Y132F, S154F	Heterozygous	5	R	I/R	WT	NWT	S	S	S	WT	WT	Yes
SRR23915465	1956305400	PRJNA946688	Homo sapiens	14AH068	Candida tropicalis	F3944	SRP428185	CDCF3944	575		Anhui	N2	CC14	Diploid	_	_	_	_	_	2	SDD	I/R	WT	NWT	S	S	S	WT	WT	Yes
SRR23915466	2053449000	PRJNA946688	Homo sapiens	14AH065	Candida tropicalis	F3942	SRP428185	CDCF3942	460	CTC16	Anhui		CC11	Diploid	_	_	_	_	_	2	S	S	WT	WT	S	S	I	WT	WT	Yes
SRR23915467	1991697000	PRJNA946688	Homo sapiens	14SJ118	Candida tropicalis	F3348	SRP428185	CDCF3348	343	AZR-ADJ	Liaoning	4	CC13	Diploid	_	_	_	Y132F, S154F	Heterozygous	2	R	I/R	WT	WT	S	S	S	WT	WT	Yes
SRR23915468	2276976000	PRJNA946688	Homo sapiens	13J2020	Candida tropicalis	F3940	SRP428185	CDCF3940	322		Jiangxi	5	CC155	Diploid	_	Chromosome 6-position 1-2_	_	_	_	2	S	S	WT	WT	S	S	S	WT	WT	Yes
SRR23915469	1983479100	PRJNA946688	Homo sapiens	13J2011	Candida tropicalis	F3938	SRP428185	CDCF3938	155	CTC13	Jiangxi	9	CC4	Diploid	_	_	_	_	_	2	S	S	WT	WT	S	S	S	WT	WT	Yes
SRR23915470	2444330100	PRJNA946688	Homo sapiens	15JS513	Candida tropicalis	F3936	SRP428185	CDCF3936	259		Jiangsu		CC154	Diploid	_	_	_	_	_	2	S	S	WT	WT	S	S	S	WT	WT	Yes
SRR23915471	3265133400	PRJNA946688	Homo sapiens	15FJ458	Candida tropicalis	F3934	SRP428185	CDCF3934	310		Fujian		CC18	Triploid	_	_	_	_	_	2	S	S	WT	WT	S	S	S	WT	WT	Yes
SRR23915472	1905448200	PRJNA946688	Homo sapiens	16PU1131	Candida tropicalis	F3932	SRP428185	CDCF3932	366	AZR	Beijing	4	CC1	Diploid	_	_	_	Y132F, S154F	Heterozygous	7	R	I/R	NWT	NWT	S	S	S	WT	WT	Yes
SRR23915473	2290644300	PRJNA946688	Homo sapiens	16SS023	Candida tropicalis	F3930	SRP428185	CDCF3930	315	CTC17	Shangxi		CC34	Diploid	_	_	_	_	_	2	S	I/R	WT	WT	S	S	S	WT	WT	Yes
SRR23915474	2220114000	PRJNA946688	Homo sapiens	16PU1072	Candida tropicalis	F3928	SRP428185	CDCF3928	553		Beijing		CC59	Diploid	_	_	_	_	_	2	S	S	WT	WT	S	S	S	WT	WT	Yes
SRR23915475	2006889900	PRJNA946688	Homo sapiens	16PU1084	Candida tropicalis	F3924	SRP428185	CDCF3924	349	AZR-ADJ	Beijing	4	CC13	Diploid	_	_	_	Y132F, S154F	Heterozygous	2	SDD	I/R	WT	WT	S	S	S	WT	WT	Yes
SRR23915476	2940611700	PRJNA946688	Homo sapiens	16PU1094	Candida tropicalis	F3918	SRP428185	CDCF3918	544		Beijing		CC152	Diploid	_	_	_	_	_	2	R	I/R	NWT	NWT	S	S	S	WT	WT	Yes
SRR23915477	2214641100	PRJNA946688	Homo sapiens	16PU1111	Candida tropicalis	F3916	SRP428185	CDCF3916	262		Beijing		CC11	Diploid	_	_	_	_	_	2	S	S	WT	WT	S	S	S	WT	WT	Yes
SRR23915478	2227974600	PRJNA946688	Homo sapiens	14SJ111	Candida tropicalis	F3346	SRP428185	CDCF3346	152	CTC13	Liaoning	9	CC4	Diploid	_	Chromosome 4-position 1-3.5_	_	_	_	2	S	I/R	WT	NWT	S	S	S	WT	WT	Yes
SRR23915479	2100729900	PRJNA946688	Homo sapiens	15CQ235	Candida tropicalis	F3912	SRP428185	CDCF3912	351	AZR-ADJ	Chongqing	4	CC13	Diploid	_	_	_	Y132F, S154F	Homozygous	2	R	I/R	WT	WT	S	S	S	WT	WT	Yes
SRR23915480	2277975900	PRJNA946688	Homo sapiens	15CQ230	Candida tropicalis	F3910	SRP428185	CDCF3910	306		Chongqing		CC153	Diploid	_	_	_	_	_	2	S	S	WT	NWT	S	S	S	WT	WT	Yes
SRR23915481	2195178000	PRJNA946688	Homo sapiens	15CQ217	Candida tropicalis	F3908	SRP428185	CDCF3908	217	CTC01	Chongqing	5	CC7	Diploid	_	_	_	_	_	2	S	S	WT	WT	S	S	S	WT	WT	Yes
SRR23915482	2526817500	PRJNA946688	Homo sapiens	14XJ089	Candida tropicalis	F3904	SRP428185	CDCF3904	381	AZR	Shaanxi	4	CC1	Diploid	_	_	_	Y132F, S154F, P397S	Heterozygous	8	R	I/R	NWT	NWT	S	S	S	WT	WT	Yes
SRR23915483	1903509900	PRJNA946688	Homo sapiens	14XJ084	Candida tropicalis	F3902	SRP428185	CDCF3902	426	AZR	Shaanxi	4	CC1	Diploid	_	_	_	Y132F, S154F	Heterozygous	9	R	I/R	NWT	NWT	S	S	S	WT	WT	Yes
SRR23915484	1977243900	PRJNA946688	Homo sapiens	14XJ087	Candida tropicalis	F3900	SRP428185	CDCF3900	376	AZR	Shaanxi	4	CC1	Diploid	_	_	_	Y132F, S154F	Heterozygous	10	R	I/R	NWT	NWT	S	S	S	WT	WT	Yes
SRR23915485	1849413000	PRJNA946688	Homo sapiens	15A1044	Candida tropicalis	F3754	SRP428185	CDCF3754	169	CTC13	Shaanxi	9	CC4	Diploid	_	Chromosome 4-position 1-4_	_	_	_	2	S	S	WT	WT	S	S	S	WT	WT	Yes
SRR23915486	1983031800	PRJNA946688	Homo sapiens	15A1042	Candida tropicalis	F3752	SRP428185	CDCF3752	556		Shaanxi	N7	CC69	Diploid	_	_	_	_	_	2	S	S	WT	NWT	S	S	S	WT	WT	Yes
SRR23915487	2479527000	PRJNA946688	Homo sapiens	15A1040	Candida tropicalis	F3750	SRP428185	CDCF3750	393	AZR	Shaanxi	4	CC1	Diploid	_	_	_	Y132F, S154F	Heterozygous	10	R	I/R	NWT	NWT	S	S	S	WT	WT	Yes
SRR23915488	1876180200	PRJNA946688	Homo sapiens	15A1027	Candida tropicalis	F3748	SRP428185	CDCF3748	312		Shaanxi		CC140	Diploid	_	Chromosome 4-position 1-1.5_	_	_	_	2	S	S	WT	WT	S	S	S	WT	WT	Yes
SRR23915489	1895066100	PRJNA946688	Homo sapiens	16XY288	Candida tropicalis	F3746	SRP428185	CDCF3746	465		Hunan	13	CC126	Diploid	_	Chromosome 4-position 1-3_	_	_	_	2	S	I/R	WT	NWT	S	S	S	WT	WT	Yes
SRR23915490	2135490900	PRJNA946688	Homo sapiens	11XY002	Candida tropicalis	F3744	SRP428185	CDCF3744	196	CTC02	Hunan	N2	CC25	Diploid	_	Chromosome 4-position 1-2_	_	_	_	2	SDD	I/R	WT	NWT	S	S	S	WT	WT	Yes
SRR23915491	2423484000	PRJNA946688	Homo sapiens	16ZD427	Candida tropicalis	F3742	SRP428185	CDCF3742	346	AZR-ADJ	Zhejiang	4	CC13	Diploid	_	_	_	Y132F, S154F	Heterozygous	2	R	I/R	WT	WT	S	S	S	WT	WT	Yes
SRR23915492	3033383700	PRJNA946688	Homo sapiens	15ZD335	Candida tropicalis	F3740	SRP428185	CDCF3740	198	CTC02	Zhejiang	N2	CC25	Diploid	_	_	_	_	_	2	S	I/R	WT	WT	S	S	S	WT	WT	Yes
SRR23915493	2439123000	PRJNA946688	Homo sapiens	16F1125	Candida tropicalis	F3738	SRP428185	CDCF3738	220	CTC01	Fujian	5	CC7	Diploid	_	_	_	_	_	2	S	I/R	WT	NWT	S	S	S	WT	WT	Yes
SRR23915494	2141476500	PRJNA946688	Homo sapiens	15TJ743	Candida tropicalis	F3328	SRP428185	CDCF3328	400	AZR	Hubei	4	CC1	Diploid	_	_	_	Y132F, S154F	Heterozygous	7	R	I/R	WT	NWT	S	S	S	WT	WT	Yes
SRR23915495	2243782200	PRJNA946688	Homo sapiens	14H1405	Candida tropicalis	F3152	SRP428185	CDCF3152	15	CTC12	Heilongjiang	2	CC109	Diploid	_	_	_	_	_	2	S	S	WT	WT	S	S	S	WT	WT	Yes
SRR23915496	2417621100	PRJNA946688	Homo sapiens	15G1204	Candida tropicalis	F3736	SRP428185	CDCF3736	228	CTC01	Guangdong	5	CC7	Diploid	Chromosome 6-1.5_	_	_	_	_	2	SDD	I/R	WT	WT	S	S	S	WT	WT	Yes
SRR23915497	2175929700	PRJNA946688	Homo sapiens	15G1208	Candida tropicalis	F3734	SRP428185	CDCF3734	271	CTC06	Guangdong	12	CC6	Diploid	_	_	_	_	_	2	S	S	WT	WT	S	S	S	WT	WT	Yes
SRR23915498	2020395000	PRJNA946688	Homo sapiens	15SJ163	Candida tropicalis	F3732	SRP428185	CDCF3732	495	CTC04	Liaoning	N4	CC1	Diploid	_	_	_	_	_	2	S	I/R	WT	NWT	S	S	S	WT	WT	Yes
SRR23915499	3583296000	PRJNA946688	Homo sapiens	15TJ717	Candida tropicalis	F3730	SRP428185	CDCF3730	602		Hubei	N6	CC54	Diploid	_	_	Yes-Branch 1	_	_	2	S	S	WT	WT	S	S	S	WT	WT	Yes
SRR23915500	2950263000	PRJNA946688	Homo sapiens	16ZD439	Candida tropicalis	F3728	SRP428185	CDCF3728	443	AZR	Zhejiang	4	CC1	Diploid	_	_	_	Y132F, S154F, P397S	Heterozygous	5	R	I/R	NWT	NWT	S	S	S	WT	WT	Yes
SRR23915501	2039040000	PRJNA946688	Homo sapiens	16CH128	Candida tropicalis	F3726	SRP428185	CDCF3726	167	CTC13	Shanghai	9	CC4	Diploid	_	_	_	_	_	2	S	S	WT	WT	S	S	S	WT	WT	Yes
SRR23915502	1956836100	PRJNA946688	Homo sapiens	15HB050	Candida tropicalis	F3724	SRP428185	CDCF3724	295	CTC06	Heibei	12	CC6	Diploid	_	Chromosome 4-position 1-1.5_	_	_	_	2	S	S	WT	WT	S	S	S	WT	WT	Yes
SRR23915503	2243740800	PRJNA946688	Homo sapiens	15HB049	Candida tropicalis	F3722	SRP428185	CDCF3722	112		Heibei		CC110	Diploid	_	_	_	_	_	2	S	S	WT	WT	S	S	S	WT	WT	Yes
SRR23915504	2515546200	PRJNA946688	Homo sapiens	15GX080	Candida tropicalis	F3720	SRP428185	CDCF3720	188		Guangxi		CC139	Diploid	_	_	_	_	_	2	S	S	WT	WT	S	S	S	WT	WT	Yes
SRR23915505	2171305500	PRJNA946688	Homo sapiens	15GX104	Candida tropicalis	F3718	SRP428185	CDCF3718	242	CTC01	Guangxi	5	CC7	Diploid	_	_	_	_	_	2	S	S	WT	WT	S	S	S	WT	WT	Yes
SRR23915506	2498641800	PRJNA946688	Homo sapiens	13XJ053	Candida tropicalis	F3310	SRP428185	CDCF3310	283	CTC06	Shaanxi	12	CC6	Diploid	_	Chromosome 4-position 1-3.5_	_	_	_	2	S	S	WT	WT	S	S	S	WT	WT	Yes
SRR23915507	2136774300	PRJNA946688	Homo sapiens	14G1216	Candida tropicalis	F3716	SRP428185	CDCF3716	251	CTC01	Guangdong	5	CC7	Diploid	_	_	_	_	_	2	S	S	WT	WT	S	S	S	WT	WT	Yes
SRR23915508	2189897100	PRJNA946688	Homo sapiens	14G1221	Candida tropicalis	F3714	SRP428185	CDCF3714	399	AZR	Guangdong	4	CC1	Diploid	_	_	_	Y132F, S154F	Heterozygous	2	R	I/R	WT	NWT	S	S	S	WT	WT	Yes
SRR23915509	2422504200	PRJNA946688	Homo sapiens	14SJ123	Candida tropicalis	F3612	SRP428185	CDCF3612	514	CTC05	Liaoning	6	CC10	Diploid	_	_	_	_	_	2	S	S	WT	WT	S	S	S	WT	WT	Yes
SRR23915510	2364505800	PRJNA946688	Homo sapiens	14SJ120	Candida tropicalis	F3610	SRP428185	CDCF3610	301		Liaoning		CC134	Diploid	_	_	_	_	_	2	S	S	WT	WT	I	R	I	WT	WT	Yes
SRR23915511	1858848600	PRJNA946688	Homo sapiens	14H1402	Candida tropicalis	F3608	SRP428185	CDCF3608	610		Heilongjiang	N6	CC37	Diploid	_	_	Yes-Branch 1	_	_	2	S	S	WT	WT	S	S	S	WT	WT	Yes
SRR23915512	2524057200	PRJNA946688	Homo sapiens	14H1401	Candida tropicalis	F3606	SRP428185	CDCF3606	158	CTC13	Heilongjiang	9	CC4	Diploid	_	_	_	_	_	2	S	S	WT	WT	S	S	S	WT	WT	Yes
SRR23915513	2062043100	PRJNA946688	Homo sapiens	16K1100	Candida tropicalis	F3226	SRP428185	CDCF3226	225	CTC01	Yunnan	5	CC7	Diploid	_	_	_	_	_	2	R	I/R	NWT	NWT	S	S	S	WT	WT	Yes
SRR23915514	2529638700	PRJNA946688	Homo sapiens	14TJ530	Candida tropicalis	F3600	SRP428185	CDCF3600	432	AZR	Hubei	4	CC1	Diploid	_	_	_	Y132F, S154F	Heterozygous	7	R	I/R	WT	NWT	S	S	S	WT	WT	Yes
SRR23915515	2369211900	PRJNA946688	Homo sapiens	15GF001	Candida tropicalis	F3598	SRP428185	CDCF3598	97		Guangdong		CC133	Diploid	_	_	_	_	_	2	S	S	WT	WT	S	S	S	WT	WT	Yes
SRR23915516	2581150800	PRJNA946688	Homo sapiens	15GF026	Candida tropicalis	F3596	SRP428185	CDCF3596	170	CTC13	Guangdong	9	CC4	Diploid	_	_	_	_	_	2	S	S	WT	WT	S	S	S	WT	WT	Yes
SRR23915517	2783664000	PRJNA946688	Homo sapiens	16GY025	Candida tropicalis	F3594	SRP428185	CDCF3594	244	CTC01	Guizhou	5	CC7	Diploid	_	_	_	_	_	2	S	S	WT	WT	S	S	S	WT	WT	Yes
SRR23915518	2311483200	PRJNA946688	Homo sapiens	15GX101	Candida tropicalis	F3592	SRP428185	CDCF3592	403	AZR	Guangxi	4	CC1	Diploid	Isochromosome 3q-1.5x	_	_	Y132F, S154F	Heterozygous	7	R	I/R	NWT	NWT	S	S	S	WT	WT	Yes
SRR23915519	2832905400	PRJNA946688	Homo sapiens	13RJ149	Candida tropicalis	F3590	SRP428185	CDCF3590	219	CTC01	Shanghai	5	CC132	Diploid	_	Chromosome 4-position 1-2_	_	_	_	2	S	I/R	WT	WT	S	S	S	WT	WT	Yes
SRR23915520	2461695300	PRJNA946688	Homo sapiens	13J3049	Candida tropicalis	F3588	SRP428185	CDCF3588	256	CTC01	Jiangxi	5	CC7	Triploid	Chromosome 6-0.5_	_	_	_	_	2	S	S	WT	WT	S	S	S	WT	WT	Yes
SRR23915521	2076934800	PRJNA946688	Homo sapiens	14SS009	Candida tropicalis	F3586	SRP428185	CDCF3586	289	CTC06	Shangxi	12	CC6	Diploid	_	_	_	_	_	2	S	S	WT	WT	S	S	S	WT	WT	Yes
SRR23915522	2104816500	PRJNA946688	Homo sapiens	16HX921	Candida tropicalis	F3584	SRP428185	CDCF3584	375	AZR	Sichuan	4	CC1	Diploid	_	_	_	Y132F, S154F	Heterozygous	8	R	I/R	NWT	NWT	S	S	S	WT	WT	Yes
SRR23915523	2145145800	PRJNA946688	Homo sapiens	16HX915	Candida tropicalis	F3582	SRP428185	CDCF3582	370	AZR	Sichuan	4	CC1	Diploid	_	_	_	Y132F, S154F	Heterozygous	8	R	I/R	NWT	NWT	S	S	S	WT	WT	Yes
SRR23915524	2126315700	PRJNA946688	Homo sapiens	16K1097	Candida tropicalis	F3220	SRP428185	CDCF3220	623	CTC03	Yunnan	23	CC16	Diploid	_	_	_	_	_	2	R	I/R	NWT	NWT	S	S	S	WT	WT	Yes
SRR23915525	4455901500	PRJNA946688	Homo sapiens	16HX939	Candida tropicalis	F3580	SRP428185	CDCF3580	436	AZR	Sichuan	4	CC1	Diploid	_	_	_	Y132F, S154F	Heterozygous	8	R	I/R	WT	NWT	S	S	S	WT	WT	Yes
SRR23915526	2356627500	PRJNA946688	Homo sapiens	16HX933	Candida tropicalis	F3578	SRP428185	CDCF3578	404	AZR	Sichuan	4	CC1	Diploid	_	_	_	Y132F, S154F	Heterozygous	8	R	I/R	WT	NWT	S	S	S	WT	WT	Yes
SRR23915527	2735382000	PRJNA946688	Homo sapiens	15PU989	Candida tropicalis	F3572	SRP428185	CDCF3572	226	CTC01	Beijing	5	CC7	Diploid	_	_	_	_	_	2	S	I/R	WT	WT	S	S	S	WT	WT	Yes
SRR23915528	1896944100	PRJNA946688	Homo sapiens	15PU983	Candida tropicalis	F3570	SRP428185	CDCF3570	372	AZR	Beijing	4	CC1	Diploid	_	_	_	Y132F, S154F	Heterozygous	6	R	I/R	NWT	NWT	S	S	S	WT	WT	Yes
SRR23915529	4080234000	PRJNA946688	Homo sapiens	15PU990	Candida tropicalis	F3566	SRP428185	CDCF3566	484		Beijing	N5	CC57	Diploid	_	_	_	_	_	2	S	S	WT	WT	S	S	S	WT	WT	Yes
SRR23915530	2094721500	PRJNA946688	Homo sapiens	15NX182	Candida tropicalis	F3564	SRP428185	CDCF3564	318	CTC17	Ningxia		CC34	Diploid	_	_	_	_	_	2	S	S	WT	WT	S	S	S	WT	WT	Yes
SRR23915531	2056009500	PRJNA946688	Homo sapiens	15JS380	Candida tropicalis	F3562	SRP428185	CDCF3562	523		Jiangsu	N3	CC24	Diploid	_	_	_	_	_	2	S	S	WT	WT	S	S	S	WT	WT	Yes
SRR23915532	2262707700	PRJNA946688	Homo sapiens	15JS379	Candida tropicalis	F3560	SRP428185	CDCF3560	388	AZR	Jiangsu	4	CC1	Diploid	_	_	_	Y132F, S154F	Heterozygous	8	R	I/R	NWT	NWT	S	S	S	WT	WT	Yes
SRR23915533	2249851500	PRJNA946688	Homo sapiens	15TJ708	Candida tropicalis	F3428	SRP428185	CDCF3428	337	AZR-ADJ	Hubei		CC71	Diploid	_	_	_	Y132F, S154F	Heterozygous	2	R	I/R	NWT	NWT	S	S	S	WT	WT	Yes
SRR23915534	2166565800	PRJNA946688	Homo sapiens	15GH462	Candida tropicalis	F3426	SRP428185	CDCF3426	521		Beijing		CC122	Diploid	_	_	_	_	_	2	S	S	WT	WT	S	S	S	WT	WT	Yes
SRR23915535	2383505700	PRJNA946688	Homo sapiens	15GH474	Candida tropicalis	F3424	SRP428185	CDCF3424	605		Beijing	N6	CC121	Diploid	_	_	Yes-Branch 1	_	_	2	S	S	WT	WT	S	S	S	WT	WT	Yes
SRR23915536	2186546100	PRJNA946688	Homo sapiens	15H4193	Candida tropicalis	F3422	SRP428185	CDCF3422	485		Heilongjiang	7	CC79	Diploid	_	_	_	_	_	2	S	I/R	WT	NWT	S	S	S	WT	WT	Yes
SRR23915537	2460546300	PRJNA946688	Homo sapiens	15H1504	Candida tropicalis	F3170	SRP428185	CDCF3170	239	CTC01	Heilongjiang	5	CC7	Triploid	_	_	_	_	_	2	S	S	WT	WT	S	S	S	WT	WT	Yes
SRR23915538	2444040900	PRJNA946688	Homo sapiens	15H4189	Candida tropicalis	F3420	SRP428185	CDCF3420	100		Heilongjiang		CC120	Diploid	_	_	_	_	_	2	S	S	WT	WT	S	S	S	WT	WT	Yes
SRR23915539	2285370300	PRJNA946688	Homo sapiens	15LR275	Candida tropicalis	F3418	SRP428185	CDCF3418	137		Liaoning	N1	CC95	Diploid	_	_	_	_	_	2	S	S	WT	WT	S	S	S	WT	WT	Yes
SRR23915540	3354464400	PRJNA946688	Homo sapiens	12XY091	Candida tropicalis	F3414	SRP428185	CDCF3414	NA	NA	NA	NA	NA	NA	NA	NA	NA	NA	NA	NA	NA	NA	NA	NA	NA	NA	NA	NA	NA	NA
SRR23915541	2217377700	PRJNA946688	Homo sapiens	15GH455	Candida tropicalis	F3410	SRP428185	CDCF3410	237	CTC01	Beijing	5	CC7	Diploid	_	_	_	_	_	2	S	S	WT	WT	S	S	S	WT	WT	Yes
SRR23915542	1959537900	PRJNA946688	Homo sapiens	15GH457	Candida tropicalis	F3408	SRP428185	CDCF3408	224	CTC01	Beijing	5	CC7	Diploid	_	_	_	_	_	2	S	S	WT	WT	S	S	S	WT	WT	Yes
SRR23915543	2170236900	PRJNA946688	Homo sapiens	14GX023	Candida tropicalis	F3406	SRP428185	CDCF3406	124		Guangxi		CC118	Diploid	_	_	_	_	_	2	SDD	I/R	WT	NWT	S	S	S	WT	WT	Yes
SRR23915544	2235268200	PRJNA946688	Homo sapiens	14GX029	Candida tropicalis	F3404	SRP428185	CDCF3404	454		Guangxi		CC117	Diploid	_	_	_	_	_	2	S	S	WT	WT	S	S	S	WT	WT	Yes
SRR23915545	2365824600	PRJNA946688	Homo sapiens	16DP097	Candida tropicalis	F3398	SRP428185	CDCF3398	491	CTC04	Chongqing	N4	CC1	Diploid	_	_	_	_	_	2	S	S	WT	WT	S	S	S	WT	WT	Yes
SRR23915546	1890708600	PRJNA946688	Homo sapiens	16DP104	Candida tropicalis	F3396	SRP428185	CDCF3396	525		Chongqing	N3	CC24	Diploid	_	_	_	_	_	2	S	S	WT	WT	S	S	S	WT	WT	Yes
SRR23915547	2411395500	PRJNA946688	Homo sapiens	16GH596	Candida tropicalis	F3394	SRP428185	CDCF3394	373	AZR	Beijing	4	CC1	Diploid	_	_	_	Y132F, S154F	Heterozygous	4	R	I/R	WT	NWT	S	S	S	WT	WT	Yes
SRR23915548	2222833200	PRJNA946688	Homo sapiens	15H1435	Candida tropicalis	F3162	SRP428185	CDCF3162	362	AZR-ADJ	Heilongjiang		CC40	Diploid	_	_	_	Y132F, S154F	Homozygous	2	R	I/R	WT	WT	S	S	S	WT	WT	Yes
SRR23915549	2740193700	PRJNA946688	Homo sapiens	16GS041	Candida tropicalis	F3392	SRP428185	CDCF3392	NA	NA	NA	NA	NA	NA	NA	NA	NA	NA	NA	NA	NA	NA	NA	NA	NA	NA	NA	NA	NA	NA
SRR23915550	1887666000	PRJNA946688	Homo sapiens	16FJ473	Candida tropicalis	F3390	SRP428185	CDCF3390	427	AZR	Fujian	4	CC1	Diploid	_	_	_	Y132F, S154F	Heterozygous	7	R	I/R	NWT	NWT	S	S	S	WT	WT	Yes
SRR23915551	1969036500	PRJNA946688	Homo sapiens	16GF093	Candida tropicalis	F3388	SRP428185	CDCF3388	302		Guangdong		CC115	Triploid	_	_	_	_	_	2	S	S	WT	WT	S	S	S	WT	WT	Yes
SRR23915552	1857163500	PRJNA946688	Homo sapiens	16GS043	Candida tropicalis	F3386	SRP428185	CDCF3386	518	CTC05	Gansu	6	CC10	Diploid	_	_	_	_	_	2	S	S	WT	NWT	S	S	S	WT	WT	Yes
SRR23915553	1898096100	PRJNA946688	Homo sapiens	16GY012	Candida tropicalis	F3384	SRP428185	CDCF3384	267		Guizhou		CC11	Diploid	_	_	_	_	_	2	S	S	WT	WT	S	S	S	WT	WT	Yes
SRR23915554	2773648500	PRJNA946688	Homo sapiens	12HX598	Candida tropicalis	F9523	SRP428185	CDCF9523	278	CTC06	Sichuan	12	CC6	Diploid	_	_	_	_	_	2	S	S	WT	WT	S	S	S	WT	WT	Yes
SRR23915555	2794232400	PRJNA946688	Homo sapiens	13HX596	Candida tropicalis	F9522	SRP428185	CDCF9522	415	AZR	Sichuan	4	CC1	Diploid	_	_	_	Y132F, S154F	Heterozygous	8	R	I/R	NWT	NWT	S	S	S	WT	WT	Yes
SRR23915556	2652296700	PRJNA946688	Homo sapiens	12HX526	Candida tropicalis	F9521	SRP428185	CDCF9521	338	AZR-ADJ	Sichuan		CC71	Diploid	_	_	_	Y132F, S154F	Heterozygous	2	R	I/R	WT	NWT	S	S	S	WT	WT	Yes
SRR23915557	2298131100	PRJNA946688	Homo sapiens	11XY004	Candida tropicalis	F4134	SRP428185	CDCF4134	497	CTC04	Hunan	N4	CC1	Diploid	_	_	_	_	_	2	S	S	WT	WT	S	S	S	WT	WT	Yes
SRR23915558	2367382500	PRJNA946688	Homo sapiens	14TJ531	Candida tropicalis	F4132	SRP428185	CDCF4132	619	CTC03	Hubei	23	CC16	Diploid	_	_	_	_	_	2	S	S	WT	WT	S	S	S	WT	WT	Yes
SRR23915559	2561796600	PRJNA946688	Homo sapiens	15GH430	Candida tropicalis	F3370	SRP428185	CDCF3370	157	CTC13	Beijing	9	CC4	Diploid	_	_	_	_	_	2	S	S	WT	WT	S	S	S	WT	WT	Yes
SRR23915560	2319403500	PRJNA946688	Homo sapiens	14SF033	Candida tropicalis	F4130	SRP428185	CDCF4130	537		Shangxi	8	CC14	Diploid	_	_	_	_	_	2	S	I/R	WT	WT	S	S	S	WT	WT	Yes
SRR23915561	2406532500	PRJNA946688	Homo sapiens	14SF023	Candida tropicalis	F4128	SRP428185	CDCF4128	281	CTC06	Shangxi	12	CC6	Diploid	_	_	_	_	_	2	S	S	WT	WT	S	S	S	WT	WT	Yes
SRR23915562	2070109200	PRJNA946688	Homo sapiens	16QL030	Candida tropicalis	F4124	SRP428185	CDCF4124	475		Shandong	8	CC20	Diploid	_	Chromosome 4-position 1-1.5_	_	_	_	2	S	S	WT	WT	S	S	S	WT	WT	Yes
SRR23915563	2365613100	PRJNA946688	Homo sapiens	16PU1137	Candida tropicalis	F4122	SRP428185	CDCF4122	122		Beijing		CC157	Diploid	_	_	_	_	_	2	SDD	I/R	WT	WT	S	S	S	WT	WT	Yes
SRR23915564	1941858000	PRJNA946688	Homo sapiens	15PU1031	Candida tropicalis	F4120	SRP428185	CDCF4120	507	CTC05	Beijing	6	CC10	Diploid	_	_	_	_	_	2	S	S	WT	WT	S	S	S	WT	WT	Yes
SRR23915565	3449496600	PRJNA946688	Homo sapiens	15PU1027	Candida tropicalis	F4118	SRP428185	CDCF4118	105	CTC11	Beijing		CC111	Diploid	_	_	_	_	_	2	S	S	WT	WT	S	S	S	WT	WT	Yes
SRR23915566	3717772800	PRJNA946688	Homo sapiens	15PU1021	Candida tropicalis	F4116	SRP428185	CDCF4116	406	AZR	Beijing	4	CC1	Diploid	_	_	_	Y132F, S154F	Heterozygous	7	R	I/R	NWT	NWT	S	S	S	WT	WT	Yes
SRR23915567	2487312600	PRJNA946688	Homo sapiens	15PU1020	Candida tropicalis	F4114	SRP428185	CDCF4114	263		Beijing	12	CC35	Diploid	_	_	_	_	_	2	S	S	WT	WT	S	S	S	WT	WT	Yes
SRR23915568	3866816400	PRJNA946688	Homo sapiens	15PU1019	Candida tropicalis	F4112	SRP428185	CDCF4112	407	AZR	Beijing	4	CC1	Diploid	_	_	_	Y132F, S154F	Heterozygous	8	R	I/R	NWT	NWT	I	S	S	WT	WT	Yes
SRR23915569	3837467100	PRJNA946688	Homo sapiens	15PU1008	Candida tropicalis	F4110	SRP428185	CDCF4110	119		Beijing		CC161	Diploid	_	_	_	_	_	2	S	S	WT	WT	S	S	S	WT	WT	Yes
SRR23915570	2023658700	PRJNA946688	Homo sapiens	14Z2112	Candida tropicalis	F3366	SRP428185	CDCF3366	482		Zhejiang	7	CC5	Diploid	_	_	_	_	_	2	S	S	WT	WT	S	S	S	WT	WT	Yes
SRR23915571	2318062800	PRJNA946688	Homo sapiens	14PU811	Candida tropicalis	F4108	SRP428185	CDCF4108	202	CTC02	Beijing	N2	CC25	Diploid	_	_	_	_	_	2	SDD	I/R	NWT	NWT	S	S	S	WT	WT	Yes
SRR23915572	1877580900	PRJNA946688	Homo sapiens	12NX083	Candida tropicalis	F4106	SRP428185	CDCF4106	568		Ningxia		CC11	Diploid	_	_	_	_	_	2	S	S	WT	WT	S	S	S	WT	WT	Yes
SRR23915573	2339762700	PRJNA946688	Homo sapiens	12NX080	Candida tropicalis	F4104	SRP428185	CDCF4104	324	CTC07	Ningxia	N8	CC12	Diploid	_	_	_	_	_	2	S	S	WT	WT	S	S	S	WT	WT	Yes
SRR23915574	2140157100	PRJNA946688	Homo sapiens	15LJ009	Candida tropicalis	F4102	SRP428185	CDCF4102	154	CTC13	Gansu	9	CC4	Diploid	Chromosome 6-1.5_	_	_	_	_	2	S	S	WT	WT	S	S	S	WT	WT	Yes
SRR23915575	2605354500	PRJNA946688	Homo sapiens	15JD067	Candida tropicalis	F4100	SRP428185	CDCF4100	6	CTC12	Jilin	2	CC0	Diploid	_	_	_	_	_	2	S	S	WT	WT	S	S	S	WT	WT	Yes
SRR23915576	2077553700	PRJNA946688	Homo sapiens	12J3003	Candida tropicalis	F4098	SRP428185	CDCF4098	565		Jiangxi		CC11	Diploid	_	_	_	_	_	2	S	S	WT	WT	S	S	S	WT	WT	Yes
SRR23915577	2331192900	PRJNA946688	Homo sapiens	12J3001	Candida tropicalis	F4096	SRP428185	CDCF4096	109	CTC11	Jiangxi		CC145	Diploid	_	_	_	_	_	2	S	S	WT	WT	S	S	S	WT	WT	Yes
SRR23915578	2253536100	PRJNA946688	Homo sapiens	15HX892	Candida tropicalis	F4094	SRP428185	CDCF4094	248	CTC01	Sichuan	5	CC7	Diploid	_	_	_	_	_	2	R	I/R	WT	NWT	S	S	S	WT	WT	Yes
SRR23915579	2046906300	PRJNA946688	Homo sapiens	15HX888	Candida tropicalis	F4092	SRP428185	CDCF4092	513	CTC05	Sichuan	6	CC10	Diploid	_	Chromosome 3-position 1-2_	_	_	_	2	R	I/R	WT	NWT	S	S	S	WT	WT	Yes
SRR23915580	2179912800	PRJNA946688	Homo sapiens	15HX811	Candida tropicalis	F4090	SRP428185	CDCF4090	357	AZR-ADJ	Sichuan		CC13	Diploid	_	_	_	Y132F, S154F	Heterozygous	2	R	I/R	WT	WT	S	S	S	WT	WT	Yes
SRR23915581	1860147300	PRJNA946688	Homo sapiens	15DL070	Candida tropicalis	F4046	SRP428185	CDCF4046	291	CTC06	Liaoning	12	CC6	Diploid	_	_	_	_	_	2	S	S	WT	WT	S	S	S	WT	WT	Yes
SRR23915582	2607160500	PRJNA946688	Homo sapiens	15DL066	Candida tropicalis	F4044	SRP428185	CDCF4044	417	AZR	Liaoning	4	CC1	Diploid	_	_	_	Y132F, S154F	Heterozygous	5	R	I/R	WT	NWT	S	S	S	WT	WT	Yes
SRR23915583	1874114700	PRJNA946688	Homo sapiens	15CZ006	Candida tropicalis	F4042	SRP428185	CDCF4042	250	CTC01	Shanghai	5	CC7	Diploid	_	_	_	_	_	2	S	I/R	WT	NWT	S	S	S	WT	WT	Yes
SRR23915584	2285450100	PRJNA946688	Homo sapiens	15CQ319	Candida tropicalis	F4040	SRP428185	CDCF4040	596		Chongqing	N6	CC36	Diploid	_	_	Yes-Branch 1	_	_	2	S	S	WT	WT	S	S	S	WT	WT	Yes
SRR23915585	2526211800	PRJNA946688	Homo sapiens	15A1081	Candida tropicalis	F4038	SRP428185	CDCF4038	331	CTC07	Shaanxi	N8	CC12	Diploid	_	Chromosome 4-position 1-1.5_	_	_	_	2	R	I/R	NWT	NWT	S	S	S	WT	WT	Yes
SRR23915586	2687840700	PRJNA946688	Homo sapiens	15A1077	Candida tropicalis	F4036	SRP428185	CDCF4036	229	CTC01	Shaanxi	5	CC7	Diploid	_	Chromosome 4-position 1-2.5_	_	_	_	2	S	I/R	WT	WT	S	S	S	WT	WT	Yes
SRR23915587	2728694100	PRJNA946688	Homo sapiens	15LZ102	Candida tropicalis	F4034	SRP428185	CDCF4034	200	CTC02	Gansu	N2	CC25	Diploid	_	_	_	_	_	2	S	S	WT	WT	S	S	S	WT	WT	Yes
SRR23915588	4077578700	PRJNA946688	Homo sapiens	15LZ100	Candida tropicalis	F4032	SRP428185	CDCF4032	273	CTC06	Gansu	12	CC6	Diploid	_	_	_	_	_	2	S	S	WT	WT	S	S	S	WT	WT	Yes
SRR23915589	2285954100	PRJNA946688	Homo sapiens	15NX138	Candida tropicalis	F4030	SRP428185	CDCF4030	510	CTC05	Ningxia	6	CC10	Diploid	_	Chromosome 4-position 1-1.5_	_	_	_	2	S	S	WT	WT	S	S	S	WT	WT	Yes
SRR23915590	2574362400	PRJNA946688	Homo sapiens	16HN013	Candida tropicalis	F3356	SRP428185	CDCF3356	539		Henan	8	CC14	Diploid	_	_	_	_	_	2	S	I/R	WT	WT	S	S	S	WT	WT	Yes
SRR23915591	2104931100	PRJNA946688	Homo sapiens	14LR209	Candida tropicalis	F4028	SRP428185	CDCF4028	599		Liaoning	N6	CC54	Diploid	_	_	Yes-Branch 1	_	_	2	S	S	WT	WT	S	S	S	WT	WT	Yes
SRR23915592	2619372900	PRJNA946688	Homo sapiens	14LR197	Candida tropicalis	F4026	SRP428185	CDCF4026	411	AZR	Liaoning	4	CC1	Diploid	_	_	_	Y132F, S154F	Heterozygous	6	R	I/R	NWT	NWT	S	S	S	WT	WT	Yes
SRR23915593	3054036000	PRJNA946688	Homo sapiens	14SF022	Candida tropicalis	F4024	SRP428185	CDCF4024	209		Shangxi		CC6	Diploid	_	_	_	_	_	2	S	S	WT	NWT	S	S	S	WT	WT	Yes
SRR23915594	2031935400	PRJNA946688	Homo sapiens	15PU1042	Candida tropicalis	F4020	SRP428185	CDCF4020	405	AZR	Beijing	4	CC1	Diploid	_	_	_	Y132F, S154F	Heterozygous	7	R	I/R	NWT	NWT	S	S	S	WT	WT	Yes
SRR23915595	3110162700	PRJNA946688	Homo sapiens	15PU1032	Candida tropicalis	F4018	SRP428185	CDCF4018	120		Beijing		CC161	Diploid	_	_	_	_	_	2	S	S	WT	WT	S	S	S	WT	WT	Yes
SRR23915596	1798749600	PRJNA946688	Homo sapiens	14PU828	Candida tropicalis	F4016	SRP428185	CDCF4016	168	CTC13	Beijing	9	CC4	Diploid	_	_	_	_	_	2	S	S	WT	WT	S	S	S	WT	WT	Yes
SRR23915597	2434724100	PRJNA946688	Homo sapiens	15J2048	Candida tropicalis	F4014	SRP428185	CDCF4014	223	CTC01	Jiangxi	5	CC7	Diploid	_	_	_	_	_	2	S	I/R	WT	WT	S	S	S	WT	WT	Yes
SRR23915598	2352853800	PRJNA946688	Homo sapiens	15CQ246	Candida tropicalis	F4010	SRP428185	CDCF4010	234	CTC01	Chongqing	5	CC7	Diploid	_	_	_	_	_	2	S	S	WT	WT	S	S	S	WT	WT	Yes
SRR23915599	2192306700	PRJNA946688	Homo sapiens	15CZ005	Candida tropicalis	F4006	SRP428185	CDCF4006	625	CTC03	Shanghai	23	CC16	Diploid	_	_	_	_	_	2	S	I/R	WT	NWT	S	S	S	WT	WT	Yes
SRR23915600	2574433500	PRJNA946688	Homo sapiens	13RJ151	Candida tropicalis	F4002	SRP428185	CDCF4002	218	CTC01	Shanghai	5	CC132	Diploid	_	Chromosome 4-position 1-4_	_	_	_	2	S	S	WT	WT	S	S	S	WT	WT	Yes
SRR23915601	2073048300	PRJNA946688	Homo sapiens	16CH188	Candida tropicalis	F3354	SRP428185	CDCF3354	612	CTC03	Shanghai	23	CC113	Diploid	_	_	_	_	_	2	S	S	WT	WT	S	S	S	WT	WT	Yes
SRR23915602	3004332900	PRJNA946688	Homo sapiens	15LZ098	Candida tropicalis	F4000	SRP428185	CDCF4000	107	CTC11	Gansu		CC145	Diploid	_	_	_	_	_	2	S	S	WT	WT	S	S	S	WT	WT	Yes
SRR23915603	2163396300	PRJNA946688	Homo sapiens	15LZ090	Candida tropicalis	F3998	SRP428185	CDCF3998	613	CTC03	Gansu		CC53	Diploid	_	_	_	_	_	2	S	S	WT	WT	S	S	S	WT	WT	Yes
SRR23915604	2033749800	PRJNA946688	Homo sapiens	15LR263	Candida tropicalis	F3996	SRP428185	CDCF3996	408	AZR	Liaoning	4	CC1	Diploid	_	_	_	Y132F, S154F	Heterozygous	9	R	I/R	NWT	NWT	S	S	S	WT	WT	Yes
SRR23915605	2558826900	PRJNA946688	Homo sapiens	15FJ459	Candida tropicalis	F3846	SRP428185	CDCF3846	311		Fujian		CC18	Triploid	_	_	_	_	_	2	S	I/R	WT	WT	S	S	S	WT	WT	Yes
SRR23915606	2088516600	PRJNA946688	Homo sapiens	15A1052	Candida tropicalis	F3844	SRP428185	CDCF3844	294	CTC06	Shaanxi	12	CC6	Diploid	_	_	_	_	_	2	S	S	WT	WT	S	S	S	WT	WT	Yes
SRR23915607	2012835600	PRJNA946688	Homo sapiens	15GH476	Candida tropicalis	F3340	SRP428185	CDCF3340	269		Beijing	19	CC112	Diploid	_	_	_	_	_	2	S	S	WT	WT	S	S	S	WT	WT	Yes
SRR23915608	2050252800	PRJNA946688	Homo sapiens	15A1060	Candida tropicalis	F3842	SRP428185	CDCF3842	161	CTC13	Shaanxi	9	CC4	Diploid	_	_	_	_	_	2	S	S	WT	WT	S	S	S	WT	WT	Yes
SRR23915609	2304947700	PRJNA946688	Homo sapiens	15A1033	Candida tropicalis	F3840	SRP428185	CDCF3840	286	CTC06	Shaanxi	12	CC6	Diploid	_	Chromosome 4-position 1-2_	_	_	_	2	S	S	WT	WT	S	S	S	WT	WT	Yes
SRR23915610	1965831000	PRJNA946688	Homo sapiens	15K1037	Candida tropicalis	F3838	SRP428185	CDCF3838	620	CTC03	Yunnan	23	CC16	Diploid	_	_	_	_	_	2	S	S	WT	WT	S	S	S	WT	WT	Yes
SRR23915611	2923565700	PRJNA946688	Homo sapiens	15PU1000	Candida tropicalis	F3836	SRP428185	CDCF3836	288	CTC06	Beijing	12	CC6	Diploid	_	_	_	_	_	2	R	I/R	NWT	NWT	S	S	S	WT	WT	Yes
SRR23915612	2504047200	PRJNA946688	Homo sapiens	16SD251	Candida tropicalis	F3834	SRP428185	CDCF3834	140		Shandong	N5	CC58	Diploid	_	_	_	_	_	2	S	S	WT	WT	S	S	S	WT	WT	Yes
SRR23915613	2982675600	PRJNA946688	Homo sapiens	16SJ220	Candida tropicalis	F3832	SRP428185	CDCF3832	141		Liaoning	N5	CC148	Diploid	_	Chromosome 6-position 1-2_	_	_	_	2	S	S	WT	WT	S	S	S	WT	WT	Yes
SRR23915614	2344400100	PRJNA946688	Homo sapiens	16SJ251	Candida tropicalis	F3830	SRP428185	CDCF3830	323	CTC07	Liaoning	N8	CC12	Diploid	_	_	_	_	_	2	S	I/R	WT	WT	S	S	S	WT	WT	Yes
SRR23915615	1940544000	PRJNA946688	Homo sapiens	15LR267	Candida tropicalis	F3828	SRP428185	CDCF3828	412	AZR	Liaoning	4	CC1	Diploid	_	_	_	Y132F, S154F	Heterozygous	7	R	I/R	NWT	NWT	S	S	S	WT	WT	Yes
SRR23915616	1861023300	PRJNA946688	Homo sapiens	16SS021	Candida tropicalis	F3826	SRP428185	CDCF3826	441	AZR	Shangxi	4	CC1	Diploid	_	_	_	Y132F, S154F	Heterozygous	4	R	I/R	WT	NWT	S	S	S	WT	WT	Yes
SRR23915617	2058709200	PRJNA946688	Homo sapiens	15Z2136	Candida tropicalis	F3824	SRP428185	CDCF3824	358	AZR-ADJ	Zhejiang		CC40	Diploid	_	_	_	_	_	2	S	S	WT	WT	S	S	S	WT	WT	Yes
SRR23915618	2666537400	PRJNA946688	Homo sapiens	15GH481	Candida tropicalis	F3338	SRP428185	CDCF3338	297	CTC06	Beijing	12	CC6	Diploid	_	_	_	_	_	2	S	S	WT	WT	S	S	S	WT	WT	Yes
SRR23915619	2122316700	PRJNA946688	Homo sapiens	15Z2146	Candida tropicalis	F3822	SRP428185	CDCF3822	287	CTC06	Zhejiang	12	CC6	Diploid	_	_	_	_	_	2	S	S	WT	WT	S	S	S	WT	WT	Yes
SRR23915620	1805305500	PRJNA946688	Homo sapiens	15Z2137	Candida tropicalis	F3820	SRP428185	CDCF3820	410	AZR	Zhejiang	4	CC1	Diploid	_	_	_	Y132F, S154F	Homozygous	10	SDD	I/R	WT	WT	S	S	S	WT	WT	Yes
SRR23915621	2290830000	PRJNA946688	Homo sapiens	15Z2150	Candida tropicalis	F3818	SRP428185	CDCF3818	274	CTC06	Zhejiang	12	CC6	Diploid	_	_	_	_	_	2	S	S	WT	WT	S	S	S	WT	WT	Yes
SRR23915622	1902348900	PRJNA946688	Homo sapiens	15PU999	Candida tropicalis	F3816	SRP428185	CDCF3816	456		Beijing	8	CC46	Diploid	_	Chromosome 4-position 1-1.5_	_	_	_	2	S	I/R	WT	NWT	S	S	S	WT	WT	Yes
SRR23915623	1800665700	PRJNA946688	Homo sapiens	15PU1044	Candida tropicalis	F3814	SRP428185	CDCF3814	264		Beijing	12	CC35	Diploid	_	_	_	_	_	2	S	S	WT	WT	S	S	S	WT	WT	Yes
SRR23915624	1825878600	PRJNA946688	Homo sapiens	15K1048	Candida tropicalis	F3812	SRP428185	CDCF3812	392	AZR	Yunnan	4	CC1	Diploid	_	_	_	Y132F, S154F	Heterozygous	8	R	I/R	WT	NWT	S	S	S	WT	WT	Yes
SRR23915625	2014604700	PRJNA946688	Homo sapiens	15K1042	Candida tropicalis	F3810	SRP428185	CDCF3810	555		Yunnan		CC147	Diploid	_	Chromosome 4-position 1-1.5_	_	_	_	2	S	S	WT	WT	S	S	S	WT	WT	Yes
SRR23915626	2194212600	PRJNA946688	Homo sapiens	14F1052	Candida tropicalis	F3806	SRP428185	CDCF3806	159	CTC13	Fujian	9	CC4	Diploid	_	_	_	_	_	2	S	S	WT	WT	S	S	S	WT	WT	Yes
SRR23915627	1976291700	PRJNA946688	Homo sapiens	14DZ015	Candida tropicalis	F3804	SRP428185	CDCF3804	380	AZR	Liaoning	4	CC1	Diploid	_	_	_	Y132F, S154F	Heterozygous	8	R	I/R	WT	NWT	S	S	S	WT	WT	Yes
SRR23915628	2382542400	PRJNA946688	Homo sapiens	14DZ013	Candida tropicalis	F3802	SRP428185	CDCF3802	13	CTC12	Liaoning	2	CC0	Diploid	_	_	_	_	_	2	S	S	WT	WT	S	S	S	WT	WT	Yes
SRR23915629	2586700200	PRJNA946688	Homo sapiens	16GY022	Candida tropicalis	F3666	SRP428185	CDCF3666	300	CTC06	Guizhou	12	CC6	Diploid	_	_	_	_	_	2	S	S	WT	WT	S	S	S	WT	WT	Yes
SRR23915630	2809263900	PRJNA946688	Homo sapiens	14JD036	Candida tropicalis	F3656	SRP428185	CDCF3656	254	CTC01	Jilin	5	CC7	Diploid	_	_	_	_	_	2	R	I/R	NWT	NWT	S	S	S	WT	WT	Yes
SRR23915631	2123284500	PRJNA946688	Homo sapiens	14J3067	Candida tropicalis	F3654	SRP428185	CDCF3654	389	AZR	Jiangxi	4	CC1	Diploid	_	_	_	Y132F, S154F	Heterozygous	7	R	I/R	NWT	NWT	S	S	S	WT	WT	Yes
SRR23915632	1823662200	PRJNA946688	Homo sapiens	14SJ104	Candida tropicalis	F3652	SRP428185	CDCF3652	458	CTC16	Liaoning		CC11	Diploid	_	_	_	_	_	2	S	S	WT	WT	S	S	S	WT	WT	Yes
SRR23915633	2112153300	PRJNA946688	Homo sapiens	14SF039	Candida tropicalis	F3650	SRP428185	CDCF3650	99		Shangxi		CC136	Diploid	_	_	_	_	_	2	S	S	WT	WT	S	S	S	WT	WT	Yes
SRR23915634	1944157200	PRJNA946688	Homo sapiens	14HB045	Candida tropicalis	F3648	SRP428185	CDCF3648	467	CTC15	Heibei	10	CC44	Diploid	_	_	_	_	_	2	S	S	WT	WT	S	S	S	WT	WT	Yes
SRR23915635	1825897200	PRJNA946688	Homo sapiens	16nx232	Candida tropicalis	F3256	SRP428185	CDCF3256	621	CTC03	Ningxia	23	CC16	Diploid	_	_	_	_	_	2	S	S	WT	WT	I	S	S	WT	WT	Yes
SRR23915636	2107496700	PRJNA946688	Homo sapiens	14HB040	Candida tropicalis	F3646	SRP428185	CDCF3646	628	CTC03	Heibei	23	CC16	Diploid	_	_	_	_	_	2	S	S	WT	WT	S	S	S	WT	WT	Yes
SRR23915637	1893604500	PRJNA946688	Homo sapiens	15H1470	Candida tropicalis	F3644	SRP428185	CDCF3644	275	CTC06	Heilongjiang	12	CC6	Diploid	_	_	_	_	_	2	S	S	WT	WT	S	S	S	WT	WT	Yes
SRR23915638	2145222000	PRJNA946688	Homo sapiens	15H1469	Candida tropicalis	F3642	SRP428185	CDCF3642	276	CTC06	Heilongjiang	12	CC6	Diploid	_	_	_	_	_	2	S	S	WT	WT	S	S	S	WT	WT	Yes
SRR23915639	1981931400	PRJNA946688	Homo sapiens	16HS348	Candida tropicalis	F3640	SRP428185	CDCF3640	9	CTC12	Shanghai	2	CC0	Diploid	_	_	_	_	_	2	S	S	WT	WT	S	S	S	WT	WT	Yes
SRR23915640	1840610100	PRJNA946688	Homo sapiens	16HS341	Candida tropicalis	F3638	SRP428185	CDCF3638	265		Shanghai		CC135	Diploid	_	_	_	_	_	2	R	I/R	WT	WT	S	S	S	WT	WT	Yes
SRR23915641	1906608000	PRJNA946688	Homo sapiens	14HB039	Candida tropicalis	F3636	SRP428185	CDCF3636	296	CTC06	Heibei	12	CC6	Diploid	_	_	_	_	_	2	S	S	WT	WT	S	S	S	WT	WT	Yes
SRR23915642	3658887000	PRJNA946688	Homo sapiens	14HB037	Candida tropicalis	F3634	SRP428185	CDCF3634	614	CTC03	Heibei		CC53	Diploid	Chromosome 6-1.5_	_	_	_	_	2	S	S	WT	WT	S	S	S	WT	WT	Yes
SRR23915643	2128041900	PRJNA946688	Homo sapiens	13J3039	Candida tropicalis	F3632	SRP428185	CDCF3632	466		Jiangxi	13	CC126	Diploid	_	_	_	_	_	2	S	S	WT	NWT	S	S	S	WT	WT	Yes
SRR23915644	2132496900	PRJNA946688	Homo sapiens	13J3048	Candida tropicalis	F3630	SRP428185	CDCF3630	255	CTC01	Jiangxi	5	CC7	Triploid	Chromosome 6-0.5_	_	_	_	_	2	S	S	WT	WT	S	S	S	WT	WT	Yes
SRR23915645	2220080400	PRJNA946688	Homo sapiens	13J3032	Candida tropicalis	F3628	SRP428185	CDCF3628	496	CTC04	Jiangxi	N4	CC1	Diploid	_	_	_	_	_	2	S	S	WT	WT	S	S	S	WT	WT	Yes
SRR23915646	1640534700	PRJNA946688	Homo sapiens	15NX137	Candida tropicalis	F3232	SRP428185	CDCF3232	213		Ningxia	12	CC6	Diploid	_	_	_	_	_	2	S	S	WT	WT	S	S	S	WT	WT	Yes
SRR23915647	2533629300	PRJNA946688	Homo sapiens	13J3019	Candida tropicalis	F3626	SRP428185	CDCF3626	8	CTC12	Jiangxi	2	CC0	Diploid	_	_	_	_	_	2	SDD	I/R	WT	WT	S	S	S	WT	WT	Yes
SRR23915648	2339552100	PRJNA946688	Homo sapiens	14GX058	Candida tropicalis	F3624	SRP428185	CDCF3624	503	CTC05	Guangxi	6	CC10	Diploid	_	_	_	_	_	2	R	I/R	WT	NWT	S	S	S	WT	WT	Yes
SRR23915649	2655247800	PRJNA946688	Homo sapiens	14GX033	Candida tropicalis	F3622	SRP428185	CDCF3622	438	AZR	Guangxi	4	CC1	Diploid	_	_	_	Y132F, S154F	Heterozygous	5	R	I/R	NWT	NWT	S	S	S	WT	WT	Yes
SRR23915650	1955928300	PRJNA946688	Homo sapiens	14CQ080	Candida tropicalis	F3620	SRP428185	CDCF3620	511	CTC05	Chongqing	6	CC10	Diploid	_	_	_	_	_	2	S	S	WT	WT	S	S	S	WT	WT	Yes
SRR23915651	1979798100	PRJNA946688	Homo sapiens	14CQ077	Candida tropicalis	F3618	SRP428185	CDCF3618	80	CTC10	Chongqing	3	CC2	Diploid	_	_	_	_	_	2	S	S	WT	WT	S	S	S	WT	WT	Yes
SRR23915652	2183192100	PRJNA946688	Homo sapiens	14JD054	Candida tropicalis	F3614	SRP428185	CDCF3614	11	CTC12	Jilin	2	CC0	Diploid	_	_	_	_	_	2	S	S	WT	WT	S	S	S	WT	WT	Yes
SRR23915653	2588506800	PRJNA946688	Homo sapiens	15JS391	Candida tropicalis	F3558	SRP428185	CDCF3558	540		Jiangsu		CC131	Diploid	_	Chromosome 4-position 1-4_	_	_	_	2	S	S	WT	WT	S	S	S	WT	WT	Yes
SRR23915654	2213133600	PRJNA946688	Homo sapiens	15JS389	Candida tropicalis	F3556	SRP428185	CDCF3556	270	CTC06	Jiangsu	12	CC6	Diploid	_	_	_	_	_	2	S	S	WT	WT	S	S	S	WT	WT	Yes
SRR23915655	2018517000	PRJNA946688	Homo sapiens	15K1054	Candida tropicalis	F3200	SRP428185	CDCF3200	104	CTC11	Yunnan		CC111	Diploid	_	_	_	_	_	2	S	S	WT	WT	S	S	S	WT	NWT	Yes
SRR23915656	2239587000	PRJNA946688	Homo sapiens	15HX815	Candida tropicalis	F3554	SRP428185	CDCF3554	617	CTC03	Sichuan	23	CC16	Diploid	_	_	_	_	_	2	S	S	WT	WT	S	S	S	WT	WT	Yes
SRR23915657	2180507700	PRJNA946688	Homo sapiens	15LZ085	Candida tropicalis	F3552	SRP428185	CDCF3552	622	CTC03	Gansu	23	CC16	Diploid	_	_	_	_	_	2	S	S	WT	WT	S	S	S	WT	WT	Yes
SRR23915658	1856791200	PRJNA946688	Homo sapiens	15LZ083	Candida tropicalis	F3550	SRP428185	CDCF3550	520		Gansu		CC122	Diploid	_	_	_	_	_	2	S	S	WT	WT	S	S	S	WT	WT	Yes
SRR23915659	2375326800	PRJNA946688	Homo sapiens	15JD093	Candida tropicalis	F3548	SRP428185	CDCF3548	368	AZR	Jilin	4	CC1	Diploid	_	_	_	Y132F, S154F	Heterozygous	8	R	I/R	NWT	NWT	S	S	S	WT	WT	Yes
SRR23915660	2363421000	PRJNA946688	Homo sapiens	15JD085	Candida tropicalis	F3546	SRP428185	CDCF3546	328	CTC07	Jilin	N8	CC12	Diploid	_	_	_	_	_	2	S	I/R	WT	NWT	S	S	S	WT	WT	Yes
SRR23915661	2631350700	PRJNA946688	Homo sapiens	15JS414	Candida tropicalis	F3544	SRP428185	CDCF3544	437	AZR	Jiangsu	4	CC1	Diploid	_	_	_	Y132F, S154F	Heterozygous	8	R	I/R	WT	NWT	S	S	S	WT	WT	Yes
SRR23915662	2070786900	PRJNA946688	Homo sapiens	15JS410	Candida tropicalis	F3542	SRP428185	CDCF3542	574		Jiangsu	N2	CC14	Diploid	_	_	_	_	_	2	S	S	WT	WT	S	S	S	WT	WT	Yes
SRR23915663	2231988900	PRJNA946688	Homo sapiens	15JS405	Candida tropicalis	F3540	SRP428185	CDCF3540	398	AZR	Jiangsu	4	CC1	Diploid	_	Chromosome 4-position 1-3_	_	Y132F, S154F	Heterozygous	6	R	I/R	WT	NWT	S	S	S	WT	WT	Yes
SRR23915664	2574375000	PRJNA946688	Homo sapiens	15JS477	Candida tropicalis	F3538	SRP428185	CDCF3538	624	CTC03	Jiangsu	23	CC16	Diploid	_	_	_	_	_	2	S	S	WT	WT	S	S	S	WT	WT	Yes
SRR23915665	2478940500	PRJNA946688	Homo sapiens	15JS394	Candida tropicalis	F3536	SRP428185	CDCF3536	150		Jiangsu		CC41	Diploid	_	_	_	_	_	2	S	S	WT	WT	S	S	S	WT	WT	Yes
SRR23915666	2343022200	PRJNA946688	Homo sapiens	15A1037	Candida tropicalis	F3196	SRP428185	CDCF3196	208	CTC02	Shaanxi	N2	CC25	Diploid	_	_	_	_	_	2	S	S	WT	WT	S	S	S	WT	WT	Yes
SRR23915667	2082603900	PRJNA946688	Homo sapiens	15JS403	Candida tropicalis	F3534	SRP428185	CDCF3534	396	AZR	Jiangsu	4	CC1	Diploid	_	_	_	Y132F, S154F	Heterozygous	8	R	I/R	WT	NWT	S	S	S	WT	WT	Yes
SRR23915668	5406545400	PRJNA946688	Homo sapiens	15JS396	Candida tropicalis	F3532	SRP428185	CDCF3532	394	AZR	Jiangsu	4	CC1	Diploid	_	_	_	Y132F, S154F	Heterozygous	8	R	I/R	WT	NWT	S	S	S	WT	WT	Yes
SRR23915669	2837650200	PRJNA946688	Homo sapiens	15HX814	Candida tropicalis	F3530	SRP428185	CDCF3530	477		Sichuan	8	CC130	Diploid	_	_	_	_	_	2	S	S	WT	WT	S	S	S	WT	WT	Yes
SRR23915670	2186417400	PRJNA946688	Homo sapiens	15JS395	Candida tropicalis	F3528	SRP428185	CDCF3528	395	AZR	Jiangsu	4	CC1	Diploid	_	_	_	Y132F, S154F	Heterozygous	8	R	I/R	WT	NWT	S	S	S	WT	WT	Yes
SRR23915671	1839080100	PRJNA946688	Homo sapiens	15FJ425	Candida tropicalis	F3526	SRP428185	CDCF3526	382	AZR	Fujian	4	CC1	Diploid	_	_	_	Y132F, S154F	Heterozygous	8	R	I/R	NWT	NWT	S	S	S	WT	WT	Yes
SRR23915672	2208130800	PRJNA946688	Homo sapiens	15FJ427	Candida tropicalis	F3524	SRP428185	CDCF3524	44		Fujian		CC129	Diploid	_	_	_	_	_	2	S	S	WT	WT	S	S	S	WT	WT	Yes
SRR23915673	1955632200	PRJNA946688	Homo sapiens	14DL017	Candida tropicalis	F3520	SRP428185	CDCF3520	359	AZR-ADJ	Liaoning		CC40	Diploid	_	_	_	Y132F, S154F	Homozygous	2	R	I/R	NWT	NWT	S	S	S	WT	WT	Yes
SRR23915674	2126451600	PRJNA946688	Homo sapiens	15GX070	Candida tropicalis	F3518	SRP428185	CDCF3518	512	CTC05	Guangxi	6	CC10	Diploid	_	_	_	_	_	2	S	I/R	WT	WT	S	S	S	WT	WT	Yes
SRR23915675	2036101800	PRJNA946688	Homo sapiens	15GX071	Candida tropicalis	F3516	SRP428185	CDCF3516	369	AZR	Guangxi	4	CC1	Diploid	_	_	_	Y132F, S154F	Heterozygous	8	R	I/R	NWT	NWT	S	S	S	WT	WT	Yes
SRR23915676	1656806100	PRJNA946688	Homo sapiens	15GX074	Candida tropicalis	F3514	SRP428185	CDCF3514	420	AZR	Guangxi	4	CC1	Diploid	_	_	_	Y132F, S154F	Heterozygous	3	R	I/R	NWT	NWT	S	S	S	WT	WT	Yes
SRR23915677	2194233600	PRJNA946688	Homo sapiens	14K1023	Candida tropicalis	F3194	SRP428185	CDCF3194	629	CTC03	Yunnan	23	CC16	Diploid	_	_	_	_	_	2	S	S	WT	WT	S	S	S	WT	NWT	Yes
SRR23915678	1995180600	PRJNA946688	Homo sapiens	16GY014	Candida tropicalis	F3144	SRP428185	CDCF3144	616	CTC03	Guizhou		CC53	Diploid	_	_	_	_	_	2	S	S	WT	WT	S	S	S	WT	WT	Yes
SRR23915679	1621047900	PRJNA946688	Homo sapiens	15A1074	Candida tropicalis	F3130	SRP428185	CDCF3130	171	CTC13	Shaanxi	9	CC4	Diploid	_	_	_	_	_	2	S	S	WT	WT	S	S	S	WT	WT	Yes
SRR26319154	4444846500	PRJNA946688	Homo sapiens	16H4226	Candida tropicalis	F4082-VOR-10	SRP428185	V82-10	NA	NA	NA	NA	NA	NA	NA	NA	NA	NA	NA	NA	NA	NA	NA	NA	NA	NA	NA	NA	NA	NA
SRR26319155	4560245400	PRJNA946688	Homo sapiens	16H4226	Candida tropicalis	F4082-FZ-10	SRP428185	F82-10	NA	NA	NA	NA	NA	NA	NA	NA	NA	NA	NA	NA	NA	NA	NA	NA	NA	NA	NA	NA	NA	NA
