sample_name	isolate_name	year_of_isolation	isolate_from_carriage_or_pyomyositis	pvl_presence_inferred_from_blast
SRR6346824	2012_456	2012	Carriage	0
SRR6346825	COP198	2008	Carriage	1
SRR6346826	COP1981	2008	Carriage	1
SRR6346827	COP2519	2008	Carriage	1
SRR6346828	PYO1224	2008	Pyomyositis	1
SRR6346829	COP2544	2008	Carriage	0
SRR6346830	COP693	2008	Carriage	0
SRR6346831	PYO356	2007	Pyomyositis	1
SRR6346832	COP1152	2008	Carriage	1
SRR6346833	COP1021	2008	Carriage	0
SRR6346834	PYO757	2007	Pyomyositis	1
SRR6346835	COP255	2008	Carriage	1
SRR6346836	2012_971.1	2012	Carriage	0
SRR6346837	COP1706	2008	Carriage	0
SRR6346838	2012_428	2012	Carriage	0
SRR6346839	2012_449	2012	Carriage	0
SRR6346840	2012_770	2012	Carriage	0
SRR6346841	2012_544	2012	Carriage	0
SRR6346842	2012_162	2012	Carriage	0
SRR6346843	2012_977	2012	Carriage	1
SRR6346844	COP1884	2008	Carriage	0
SRR6346845	2012_515	2012	Carriage	0
SRR6346846	PYO1354	2009	Pyomyositis	1
SRR6346847	COP727	2008	Carriage	1
SRR6346848	COP2291	2008	Carriage	1
SRR6346849	COP357	2008	Carriage	0
SRR6346850	2012_231	2012	Carriage	1
SRR6346851	PYO782	2007	Pyomyositis	1
SRR6346852	COP1632	2008	Carriage	0
SRR6346853	PYO353	2007	Pyomyositis	1
SRR6346854	2012_986	2012	Carriage	0
SRR6346855	2012_100	2012	Carriage	0
SRR6346856	2012_368	2012	Carriage	1
SRR6346857	COP2179	2008	Carriage	0
SRR6346858	COP1621	2008	Carriage	0
SRR6346859	2012_62	2012	Carriage	0
SRR6346860	PYO2095	2010	Pyomyositis	1
SRR6346861	COP723	2008	Carriage	0
SRR6346862	COP2175	2008	Carriage	0
SRR6346863	COP932	2008	Carriage	0
SRR6346864	2012_417	2012	Carriage	0
SRR6346865	2012_988	2012	Carriage	0
SRR6346866	2012_839	2012	Carriage	1
SRR6346867	COP601	2008	Carriage	0
SRR6346868	2012_422	2012	Carriage	0
SRR6346869	COP2051	2008	Carriage	0
SRR6346870	COP192	2008	Carriage	0
SRR6346871	COP259	2008	Carriage	0
SRR6346872	2012_336	2012	Carriage	0
SRR6346873	COP193	2008	Carriage	1
SRR6346874	COP1407	2008	Carriage	0
SRR6346875	COP548	2008	Carriage	0
SRR6346876	COP2427	2008	Carriage	1
SRR6346877	2012_800	2012	Carriage	0
SRR6346878	2012_634	2012	Carriage	0
SRR6346879	2012_951	2012	Carriage	0
SRR6346880	PYO3092	2011	Pyomyositis	1
SRR6346881	2012_25	2012	Carriage	0
SRR6346882	PYO585	2007	Pyomyositis	1
SRR6346883	COP1496	2008	Carriage	0
SRR6346884	COP2531	2008	Carriage	1
SRR6346885	COP434	2008	Carriage	1
SRR6346886	2012_299	2012	Carriage	0
SRR6346887	PYO3655	2011	Pyomyositis	1
SRR6346888	COP850	2008	Carriage	0
SRR6346889	PYO588	2007	Pyomyositis	1
SRR6346890	PYO461	2007	Pyomyositis	1
SRR6346891	COP946	2008	Carriage	0
SRR6346892	PYO409	2007	Pyomyositis	1
SRR6346893	2012_19	2012	Carriage	0
SRR6346894	2012_998	2012	Carriage	1
SRR6346895	2012_121	2012	Carriage	0
SRR6346896	2012_620	2012	Carriage	0
SRR6346897	2012_249	2012	Carriage	0
SRR6346898	COP561	2008	Carriage	0
SRR6346899	COP1996	2008	Carriage	0
SRR6346900	2012_195	2012	Carriage	0
SRR6346901	2012_555	2012	Carriage	0
SRR6346902	2012_861	2012	Carriage	0
SRR6346903	COP2315	2008	Carriage	0
SRR6346904	2012_771	2012	Carriage	1
SRR6346905	2012_310	2012	Carriage	0
SRR6346906	COP2464	2008	Carriage	1
SRR6346907	COP2103	2008	Carriage	1
SRR6346908	COP680	2008	Carriage	0
SRR6346909	COP638	2008	Carriage	0
SRR6346910	PYO3206	2011	Pyomyositis	1
SRR6346911	COP49	2008	Carriage	1
SRR6346912	COP512	2008	Carriage	0
SRR6346913	COP2053	2008	Carriage	0
SRR6346914	COP39	2008	Carriage	0
SRR6346915	COP1072	2008	Carriage	1
SRR6346916	2012_741	2012	Carriage	0
SRR6346917	2012_572	2012	Carriage	0
SRR6346918	COP2109	2008	Carriage	0
SRR6346919	2012_242	2012	Carriage	0
SRR6346920	2012_624	2012	Carriage	0
SRR6346921	COP490	2008	Carriage	1
SRR6346922	2012_384	2012	Carriage	0
SRR6346923	2012_953	2012	Carriage	0
SRR6346924	COP838	2008	Carriage	1
SRR6346925	PYO1862	2010	Pyomyositis	1
SRR6346926	COP214	2008	Carriage	0
SRR6346927	2012_201	2012	Carriage	0
SRR6346928	COP190	2008	Carriage	0
SRR6346929	PYO924	2008	Pyomyositis	1
SRR6346930	2012_661	2012	Carriage	0
SRR6346931	2012_895	2012	Carriage	0
SRR6346932	2012_692	2012	Carriage	1
SRR6346933	2012_320	2012	Carriage	0
SRR6346934	COP1183	2008	Carriage	0
SRR6346935	PYO2416	2010	Pyomyositis	1
SRR6346936	COP2367	2008	Carriage	0
SRR6346937	COP1701	2008	Carriage	1
SRR6346938	PYO407	2007	Pyomyositis	1
SRR6346939	COP2358	2008	Carriage	0
SRR6346940	2012_855	2012	Carriage	0
SRR6346941	COP905	2008	Carriage	1
SRR6346942	COP313	2008	Carriage	0
SRR6346943	PYO3986	2011	Pyomyositis	1
SRR6346944	COP1281	2008	Carriage	0
SRR6346945	2012_434	2012	Carriage	0
SRR6346946	COP1534	2008	Carriage	0
SRR6346947	2012_636	2012	Carriage	0
SRR6346948	PYO1300	2009	Pyomyositis	1
SRR6346949	2012_385	2012	Carriage	1
SRR6346950	PYO676	2007	Pyomyositis	1
SRR6346951	PYO1709	2009	Pyomyositis	1
SRR6346952	COP2139	2008	Carriage	0
SRR6346953	COP2214	2008	Carriage	0
SRR6346954	PYO351	2007	Pyomyositis	1
SRR6346955	2012_127	2012	Carriage	0
SRR6346956	COP605	2008	Carriage	0
SRR6346957	2012_157	2012	Carriage	0
SRR6346958	COP2400	2008	Carriage	0
SRR6346959	2012_345	2012	Carriage	0
SRR6346960	COP160	2008	Carriage	1
SRR6346961	PYO1536	2009	Pyomyositis	1
SRR6346962	PYO352	2007	Pyomyositis	1
SRR6346963	2012_788	2012	Carriage	1
SRR6346964	2012_1023	2012	Carriage	0
SRR6346965	COP1167	2008	Carriage	0
SRR6346966	2012_1041	2012	Carriage	0
SRR6346967	COP609	2008	Carriage	0
SRR6346968	COP1660	2008	Carriage	0
SRR6346969	PYO3032	2011	Pyomyositis	1
SRR6346970	2012_830	2012	Carriage	0
SRR6346971	2012_579	2012	Carriage	0
SRR6346972	PYO425	2007	Pyomyositis	1
SRR6346973	2012_970	2012	Carriage	0
SRR6346974	2012_910	2012	Carriage	0
SRR6346975	COP1967	2008	Carriage	0
SRR6346976	COP1272	2008	Carriage	0
SRR6346977	2012_31	2012	Carriage	1
SRR6346978	2012_440	2012	Carriage	0
SRR6346979	COP1249	2008	Carriage	0
SRR6346980	PYO603	2007	Pyomyositis	0
SRR6346981	COP2266	2008	Carriage	0
SRR6346982	COP1882	2008	Carriage	0
SRR6346983	COP2376	2008	Carriage	0
SRR6346984	2012_1012	2012	Carriage	0
SRR6346985	COP2019	2008	Carriage	0
SRR6346986	COP1589	2008	Carriage	1
SRR6346987	COP1413	2008	Carriage	1
SRR6346988	COP2041	2008	Carriage	0
SRR6346989	COP2154	2008	Carriage	0
SRR6346990	PYO891	2008	Pyomyositis	0
SRR6346991	COP1846	2008	Carriage	1
SRR6346992	2012_802	2012	Carriage	1
SRR6346993	PYO4096	2011	Pyomyositis	1
SRR6346994	COP1342	2008	Carriage	1
SRR6346995	2012_266	2012	Carriage	0
SRR6346996	COP2432	2008	Carriage	0
SRR6346997	COP1914	2008	Carriage	0
SRR6346998	PYO596	2007	Pyomyositis	1
SRR6346999	COP2046	2008	Carriage	0
SRR6347000	COP1372	2008	Carriage	0
SRR6347001	COP744	2008	Carriage	0
SRR6347002	2012_670	2012	Carriage	0
SRR6347003	COP2180	2008	Carriage	1
SRR6347004	COP1105	2008	Carriage	0
SRR6347005	2012_934	2012	Carriage	0
SRR6347006	2012_1002	2012	Carriage	0
SRR6347007	COP1019	2008	Carriage	0
SRR6347008	COP442	2008	Carriage	0
SRR6347009	COP469	2008	Carriage	0
SRR6347010	PYO4092	2011	Pyomyositis	1
SRR6347011	COP2233	2008	Carriage	0
SRR6347012	COP2388	2008	Carriage	0
SRR6347013	2012_679	2012	Carriage	0
SRR6347014	PYO751	2007	Pyomyositis	1
SRR6347015	2012_869	2012	Carriage	0
SRR6347016	PYO2994	2011	Pyomyositis	1
SRR6347017	COP295	2008	Carriage	0
SRR6347018	2012_740	2012	Carriage	0
SRR6347019	2012_965	2012	Carriage	0
SRR6347020	COP1659	2008	Carriage	0
SRR6347021	COP166	2008	Carriage	0
SRR6347022	COP1079	2008	Carriage	0
SRR6347023	PYO2244	2010	Pyomyositis	1
SRR6347024	2012_870.1	2012	Carriage	0
SRR6347025	COP1253	2008	Carriage	0
SRR6347026	COP496	2008	Carriage	0
SRR6347027	2012_203	2012	Carriage	0
SRR6347028	COP1312	2008	Carriage	0
SRR6347029	PYO2160	2010	Pyomyositis	1
SRR6347030	2012_962	2012	Carriage	0
SRR6347031	COP1646	2008	Carriage	1
SRR6347032	COP1477	2008	Carriage	1
SRR6347033	PYO582	2007	Pyomyositis	1
SRR6347034	PYO1823	2010	Pyomyositis	1
SRR6347035	PYO3366	2011	Pyomyositis	1
SRR6347036	COP1125	2008	Carriage	0
SRR6347037	COP1030	2008	Carriage	0
SRR6347038	PYO432	2007	Pyomyositis	1
SRR6347039	COP2193	2008	Carriage	1
SRR6347040	2012_874	2012	Carriage	0
SRR6347041	PYO465	2007	Pyomyositis	1
SRR6347042	COP975	2008	Carriage	1
SRR6347043	2012_427	2012	Carriage	1
SRR6347044	2012_490	2012	Carriage	0
SRR6347045	2012_690	2012	Carriage	0
SRR6347046	PYO2874	2009	Pyomyositis	1
SRR6347047	PYO3540	2011	Pyomyositis	1
SRR6347048	COP1982	2008	Carriage	0
SRR6347049	COP1237	2008	Carriage	0
SRR6347050	COP1576	2008	Carriage	0
SRR6347051	2012_763.1	2012	Carriage	0
SRR6347052	COP349	2008	Carriage	0
SRR6347053	2012_660	2012	Carriage	0
SRR6347054	COP463	2008	Carriage	1
SRR6347055	2012_795	2012	Carriage	0
SRR6347056	2012_178	2012	Carriage	1
SRR6347057	COP569	2008	Carriage	0
SRR6347058	2012_864	2012	Carriage	0
SRR6347059	COP1097	2008	Carriage	0
SRR6347060	COP196	2008	Carriage	0
SRR6347061	COP2371	2008	Carriage	0
SRR6347062	COP1378	2008	Carriage	0
SRR6347063	2012_246	2012	Carriage	0
SRR6347064	COP1579	2008	Carriage	1
SRR6347065	COP2299	2008	Carriage	0
SRR6347066	2012_597	2012	Carriage	0
SRR6347067	COP2326	2008	Carriage	1
SRR6347068	COP1245	2008	Carriage	0
SRR6347069	PYO2492	2010	Pyomyositis	1
SRR6347070	COP780	2008	Carriage	1
SRR6347071	PYO1391	2009	Pyomyositis	1
SRR6347072	PYO877	2008	Pyomyositis	1
SRR6347073	2012_301	2012	Carriage	0
SRR6347074	COP1939	2008	Carriage	0
SRR6347075	2012_844	2012	Carriage	0
SRR6347076	2012_921	2012	Carriage	1
SRR6347077	2012_1014	2012	Carriage	0
SRR6347078	COP45	2008	Carriage	0
SRR6347079	PYO1225	2008	Pyomyositis	1
SRR6347080	2012_1056	2012	Carriage	0
SRR6347081	PYO2502	2010	Pyomyositis	1
SRR6347082	2012_553	2012	Carriage	0
SRR6347083	2012_875	2012	Carriage	0
SRR6347084	2012_250	2012	Carriage	1
SRR6347085	PYO2151	2010	Pyomyositis	1
SRR6347086	COP155	2008	Carriage	0
SRR6347087	COP1947	2008	Carriage	1
SRR6347088	PYO455	2007	Pyomyositis	1
SRR6347089	PYO2134	2010	Pyomyositis	1
SRR6347090	2012_232	2012	Carriage	0
SRR6347091	COP1020	2008	Carriage	0
SRR6347092	PYO691	2007	Pyomyositis	1
SRR6347093	2012_1009	2012	Carriage	0
SRR6347094	COP1736	2008	Carriage	0
SRR6347095	COP285	2008	Carriage	1
SRR6347096	COP2232	2008	Carriage	1
SRR6347097	PYO685	2007	Pyomyositis	1
SRR6347098	2012_94	2012	Carriage	0
SRR6347099	2012_1040	2012	Carriage	0
SRR6347100	2012_798	2012	Carriage	0
SRR6347101	2012_974	2012	Carriage	0
SRR6347102	COP1031	2008	Carriage	0
SRR6347103	COP1033	2008	Carriage	1
SRR6347104	2012_711	2012	Carriage	0
SRR6347105	2012_327	2012	Carriage	0
SRR6347106	2012_1044	2012	Carriage	1
SRR6347107	2012_586	2012	Carriage	0
SRR6347108	2012_460	2012	Carriage	0
SRR6347109	2012_186	2012	Carriage	1
SRR6347110	PYO722	2007	Pyomyositis	1
SRR6347111	COP1118	2008	Carriage	0
SRR6347112	COP1871	2008	Carriage	0
SRR6347113	COP362	2008	Carriage	0
SRR6347114	PYO488	2007	Pyomyositis	1
SRR6347115	COP136	2008	Carriage	0
SRR6347116	COP55	2008	Carriage	0
SRR6347117	2012_282	2012	Carriage	0
SRR6347118	2012_671	2012	Carriage	0
SRR6347119	2012_796	2012	Carriage	0
SRR6347120	COP1878	2008	Carriage	1
SRR6347121	2012_450	2012	Carriage	0
SRR6347122	2012_702	2012	Carriage	0
SRR6347123	2012_429	2012	Carriage	0
SRR6347124	PYO3415	2011	Pyomyositis	1
SRR6347125	2012_210	2012	Carriage	0
SRR6347126	COP1338	2008	Carriage	1
SRR6347127	2012_654	2012	Carriage	0
SRR6347128	2012_476	2012	Carriage	0
SRR6347129	2012_150	2012	Carriage	0
SRR6347130	2012_893	2012	Carriage	1
SRR6347131	PYO2923	2011	Pyomyositis	1
SRR6347132	2012_8	2012	Carriage	0
SRR6347133	PYO598	2007	Pyomyositis	1
SRR6347134	2012_240	2012	Carriage	0
SRR6347135	PYO1230	2008	Pyomyositis	1
SRR6347136	2012_1057	2012	Carriage	0
SRR6347137	PYO1551	2009	Pyomyositis	1
SRR6347138	2012_1030	2012	Carriage	0
SRR6347139	COP1084	2008	Carriage	0
SRR6347140	2012_339	2012	Carriage	0
SRR6347141	COP948	2008	Carriage	0
SRR6347142	COP1316	2008	Carriage	0
SRR6347143	2012_899	2012	Carriage	0
SRR6347144	COP2027	2008	Carriage	0
SRR6347145	PYO430	2007	Pyomyositis	1
SRR6347146	COP2108	2008	Carriage	0
SRR6347147	COP1777	2008	Carriage	0
SRR6347148	COP1008	2008	Carriage	0
SRR6347149	PYO2530	2010	Pyomyositis	1
SRR6347150	COP1458	2008	Carriage	0
SRR6347151	COP153	2008	Carriage	0
SRR6347152	COP2081	2008	Carriage	0
SRR6347153	2012_1038	2012	Carriage	0
SRR6347154	COP245	2008	Carriage	0
SRR6347155	PYO2844	2009	Pyomyositis	1
SRR6347156	COP1609	2008	Carriage	1
SRR6347157	COP867	2008	Carriage	1
SRR6347158	PYO748	2007	Pyomyositis	1
SRR6347159	2012_946	2012	Carriage	0
SRR6347160	2012_67	2012	Carriage	1
SRR6347161	2012_883	2012	Carriage	1
SRR6347162	2012_794	2012	Carriage	0
SRR6347163	COP1348	2008	Carriage	0
SRR6347164	COP1207	2008	Carriage	1
SRR6347165	COP1629	2008	Carriage	0
SRR6347166	2012_898	2012	Carriage	0
SRR6347167	2012_1048	2012	Carriage	0
SRR6347168	COP322	2008	Carriage	0
SRR6347169	PYO2785	2009	Pyomyositis	1
SRR6347170	COP301	2008	Carriage	0
SRR6347171	COP2106	2008	Carriage	0
SRR6347172	COP1433	2008	Carriage	0
SRR6347173	2012_838	2012	Carriage	0
SRR6347174	2012_1004	2012	Carriage	0
SRR6347175	PYO573	2007	Pyomyositis	1
SRR6347176	2012_613	2012	Carriage	0
SRR6347177	2012_319	2012	Carriage	0
SRR6347178	2012_1047	2012	Carriage	0
SRR6347179	COP2028	2008	Carriage	0
SRR6347180	2012_731	2012	Carriage	0
SRR6347181	2012_697	2012	Carriage	1
SRR6347182	PYO375	2007	Pyomyositis	1
SRR6347183	PYO1132	2008	Pyomyositis	1
SRR6347184	COP1657	2008	Carriage	0
SRR6347185	PYO490	2007	Pyomyositis	0
SRR6347186	COP2165	2008	Carriage	0
SRR6347187	COP2120	2008	Carriage	0
SRR6347188	COP2280	2008	Carriage	0
SRR6347189	COP1960	2008	Carriage	1
SRR6347190	COP1671	2008	Carriage	1
SRR6347191	COP1151	2008	Carriage	1
SRR6347192	2012_131	2012	Carriage	0
SRR6347193	COP2284	2008	Carriage	0
SRR6347194	COP848	2008	Carriage	1
SRR6347195	2012_997	2012	Carriage	0
SRR6347196	2012_356.1	2012	Carriage	0
SRR6347197	COP1525	2008	Carriage	0
SRR6347198	2012_401	2012	Carriage	0
SRR6347199	PYO562	2007	Pyomyositis	1
SRR6347200	COP2031	2008	Carriage	0
SRR6347201	COP2138	2008	Carriage	0
SRR6347202	COP1138	2008	Carriage	0
SRR6347203	2012_1020	2012	Carriage	0
SRR6347204	PYO507	2007	Pyomyositis	1
SRR6347205	2012_687	2012	Carriage	0
SRR6347206	COP2311	2008	Carriage	0
SRR6347207	2012_791	2012	Carriage	1
SRR6347208	2012_204	2012	Carriage	0
SRR6347209	PYO2767	2009	Pyomyositis	1
SRR6347210	2012_90	2012	Carriage	0
SRR6347211	2012_173	2012	Carriage	1
SRR6347212	COP1662	2008	Carriage	0
SRR6347213	COP1785	2008	Carriage	0
SRR6347214	COP2143	2008	Carriage	0
SRR6347215	2012_24	2012	Carriage	0
SRR6347216	2012_441	2012	Carriage	1
SRR6347217	PYO554	2007	Pyomyositis	1
SRR6347218	COP2532	2008	Carriage	0
SRR6347219	PYO1952	2010	Pyomyositis	1
SRR6347220	2012_241	2012	Carriage	0
SRR6347221	2012_407	2012	Carriage	1
SRR6347222	COP580	2008	Carriage	0
SRR6347223	PYO671	2007	Pyomyositis	1
SRR6347224	2012_75	2012	Carriage	0
SRR6347225	2012_1042	2012	Carriage	0
SRR6347226	PYO2866	2009	Pyomyositis	1
SRR6347227	COP678	2008	Carriage	1
SRR6347228	COP1613	2008	Carriage	0
SRR6347229	COP1189	2008	Carriage	1
SRR6347230	COP2245	2008	Carriage	1
SRR6347231	2012_680	2012	Carriage	0
SRR6347232	COP2543	2008	Carriage	0
SRR6347233	2012_638	2012	Carriage	0
SRR6347234	COP542	2008	Carriage	0
SRR6347235	2012_628	2012	Carriage	0
SRR6347236	PYO545	2007	Pyomyositis	1
SRR6347237	PYO1232	2008	Pyomyositis	1
SRR6347238	2012_298	2012	Carriage	0
SRR6347239	COP161	2008	Carriage	0
SRR6347240	2012_622	2012	Carriage	0
SRR6347241	2012_358	2012	Carriage	0
SRR6347242	2012_926	2012	Carriage	0
SRR6347243	PYO484	2007	Pyomyositis	1
SRR6347244	COP720	2008	Carriage	0
SRR6347245	COP2282	2008	Carriage	0
SRR6347246	COP1043	2008	Carriage	0
SRR6347247	2012_995	2012	Carriage	0
SRR6347248	COP1166	2008	Carriage	0
SRR6347249	2012_739	2012	Carriage	0
SRR6347250	COP1975	2008	Carriage	1
SRR6347251	COP637	2008	Carriage	0
SRR6347252	2012_584	2012	Carriage	0
SRR6347253	PYO1544	2009	Pyomyositis	1
SRR6347254	2012_1001	2012	Carriage	1
SRR6347255	PYO2506	2010	Pyomyositis	1
SRR6347256	PYO925	2008	Pyomyositis	1
SRR6347257	COP820	2008	Carriage	0
SRR6347258	COP1041	2008	Carriage	0
SRR6347259	2012_931	2012	Carriage	1
SRR6347260	2012_950	2012	Carriage	0
SRR6347261	2012_1	2012	Carriage	1
SRR6347262	COP1840	2008	Carriage	0
SRR6347263	COP1514	2008	Carriage	1
SRR6347264	2012_1029	2012	Carriage	0
SRR6347265	2012_723	2012	Carriage	0
SRR6347266	COP2285	2008	Carriage	0
SRR6347267	COP2368	2008	Carriage	0
SRR6347268	COP327	2008	Carriage	0
SRR6347269	2012_409	2012	Carriage	0
SRR6347270	PYO485	2007	Pyomyositis	1
SRR6347271	COP158	2008	Carriage	0
SRR6347272	2012_391	2012	Carriage	0
SRR6347273	COP1308	2008	Carriage	0
SRR6347274	2012_396	2012	Carriage	0
SRR6347275	COP2303	2008	Carriage	0
SRR6347276	2012_415	2012	Carriage	0
SRR6347277	PYO1007	2008	Pyomyositis	1
SRR6347278	2012_26	2012	Carriage	0
SRR6347279	PYO3085	2011	Pyomyositis	1
SRR6347280	COP770	2008	Carriage	1
SRR6347281	2012_153	2012	Carriage	0
SRR6347282	COP2047	2008	Carriage	0
SRR6347283	2012_324	2012	Carriage	0
SRR6347284	2012_430	2012	Carriage	1
SRR6347285	COP2492	2008	Carriage	0
SRR6347286	COP493	2008	Carriage	0
SRR6347287	PYO2846	2009	Pyomyositis	1
SRR6347288	COP71	2008	Carriage	0
SRR6347289	COP2382	2008	Carriage	0
SRR6347290	2012_1021	2012	Carriage	1
SRR6347291	2012_845	2012	Carriage	0
SRR6347292	COP1498	2008	Carriage	0
SRR6347293	COP584	2008	Carriage	0
SRR6347294	2012_360	2012	Carriage	0
SRR6347295	PYO1627	2009	Pyomyositis	1
SRR6347296	2012_222	2012	Carriage	0
SRR6347297	PYO1350	2009	Pyomyositis	1
SRR6347298	COP622	2008	Carriage	0
SRR6347299	2012_727	2012	Carriage	0
SRR6347300	PYO977	2008	Pyomyositis	1
SRR6347301	COP714	2008	Carriage	0
SRR6347302	2012_699	2012	Carriage	0
SRR6347303	COP1854	2008	Carriage	0
SRR6347304	2012_756	2012	Carriage	0
SRR6347305	2012_60	2012	Carriage	1
SRR6347306	PYO1268	2008	Pyomyositis	1
SRR6347307	COP2530	2008	Carriage	0
SRR6347308	2012_576	2012	Carriage	0
SRR6347309	2012_119	2012	Carriage	0
SRR6347310	2012_689	2012	Carriage	1
SRR6347311	2012_1025	2012	Carriage	0
SRR6347312	PYO3195	2011	Pyomyositis	1
SRR6347313	2012_183	2012	Carriage	0
SRR6347314	COP596	2008	Carriage	0
SRR6347315	PYO1702	2009	Pyomyositis	1
SRR6347316	2012_1006	2012	Carriage	0
SRR6347317	2012_646	2012	Carriage	0
SRR6347318	COP974	2008	Carriage	0
SRR6347319	PYO3233	2011	Pyomyositis	1
SRR6347320	COP2496	2008	Carriage	0
SRR6347321	COP1455	2008	Carriage	0
SRR6347322	2012_598	2012	Carriage	0
SRR6347323	PYO959	2008	Pyomyositis	1
SRR6347324	COP1819	2008	Carriage	0
SRR6347325	COP513	2008	Carriage	0
SRR6347326	PYO477	2007	Pyomyositis	1
SRR6347327	COP980	2008	Carriage	0
SRR6347328	COP2483	2008	Carriage	0
SRR6347329	2012_751	2012	Carriage	0
SRR6347330	COP1527	2008	Carriage	0
SRR6347331	PYO3996	2011	Pyomyositis	1
SRR6347332	PYO578	2007	Pyomyositis	1
SRR6347333	PYO1146	2008	Pyomyositis	1
SRR6347334	PYO971	2008	Pyomyositis	1
SRR6347335	COP2338	2008	Carriage	0
SRR6347336	2012_330	2012	Carriage	0
SRR6347337	PYO3422	2011	Pyomyositis	1
SRR6347338	COP2431	2008	Carriage	0
SRR6347339	COP2375	2008	Carriage	0
SRR6347340	PYO2789	2009	Pyomyositis	1
SRR6347341	2012_219	2012	Carriage	0
