sample_name	Year_of_sampling	Disease_onset_classification	Isolation_tissue	Capsular_serotype	Sequence_type_MLST	Clonal_complex_MLST	BAPS_clade_or_lineage	disease_onset_and_isolation_tissue
ERR1624733	1988	EOD	Blood	Ia	23	23	4	EOD_Blood
ERR1624832	1990	EOD	Blood	Ib	12	10	1	EOD_Blood
ERR1624833	1991	LOD	CSF	III	19	19	3	LOD_CSF
ERR1624834	1991	EOD	Blood	III	19	19	3	EOD_Blood
ERR1624835	1991	LOD	CSF	III	19	19	3	LOD_CSF
ERR1624838	1991	LOD	CSF	III	19	19	3	LOD_CSF
ERR1624839	1991	LOD	CSF	III	148	17	6	LOD_CSF
ERR1624840	1991	LOD	CSF	III	17	17	6	LOD_CSF
ERR1624844	1991	LOD	CSF	III	17	17	6	LOD_CSF
ERR1624847	1991	LOD	Blood	III	1602	10	1	LOD_Blood
ERR1624848	1991	EOD	Blood	Ia	23	23	4	EOD_Blood
ERR1624849	1991	LOD	CSF	III	17	17	6	LOD_CSF
ERR1624850	1991	EOD	Blood	Ia	23	23	4	EOD_Blood
ERR1624851	1991	EOD	Blood	V	19	19	3	EOD_Blood
ERR1624744	1988	LOD	Blood	Ia	23	23	4	LOD_Blood
ERR1624852	1991	EOD	Blood	Ia	24	23	4	EOD_Blood
ERR1624853	1991	LOD	Blood	Ib	9	10	1	LOD_Blood
ERR1624854	1991	EOD	Blood	Ia	24	23	4	EOD_Blood
ERR1624855	1991	LOD	CSF	III	109	17	6	LOD_CSF
ERR1624856	1991	EOD	Blood	III	17	17	6	EOD_Blood
ERR1624857	1991	LOD	Blood	Ib	10	10	1	LOD_Blood
ERR1624859	1991	EOD	Blood	III	19	19	3	EOD_Blood
ERR1624860	1991	LOD	CSF	III	19	19	3	LOD_CSF
ERR1624861	1991	EOD	Blood	Ib	10	10	1	EOD_Blood
ERR1624862	1991	EOD	Blood	Ia	23	23	4	EOD_Blood
ERR1624863	1991	EOD	CSF	Ia	23	23	4	EOD_CSF
ERR1624864	1991	LOD	CSF	III	17	17	6	LOD_CSF
ERR1624865	1991	EOD	Blood	Ib	10	10	1	EOD_Blood
ERR1624867	1992	LOD	CSF	III	19	19	3	LOD_CSF
ERR1624868	1992	LOD	CSF	III	19	19	3	LOD_CSF
ERR1624869	1992	EOD	CSF	Ib	1589	10	1	EOD_CSF
ERR1624870	1992	EOD	Blood	Ia	23	23	4	EOD_Blood
ERR1624871	1992	LOD	CSF	III	17	17	6	LOD_CSF
ERR1624746	1988	LOD	CSF	III	19	19	3	LOD_CSF
ERR1624873	1992	EOD	Blood	II	19	19	3	EOD_Blood
ERR1624874	1992	EOD	Blood	Ib	12	10	1	EOD_Blood
ERR1624875	1992	EOD	Blood	II	2	1	2	EOD_Blood
ERR1624876	1992	EOD	Blood	II	19	19	3	EOD_Blood
ERR1624877	1992	LOD	CSF	III	17	17	6	LOD_CSF
ERR1624878	1992	LOD	CSF	III	19	19	3	LOD_CSF
ERR1624879	1992	EOD	CSF	II	1555	19	3	EOD_CSF
ERR1624880	1992	EOD	Blood	III	17	17	6	EOD_Blood
ERR1624881	1992	EOD	Blood	III	19	19	3	EOD_Blood
ERR1624747	1988	EOD	Blood	V	7	10	1	EOD_Blood
ERR1624882	1992	LOD	CSF	III	19	19	3	LOD_CSF
ERR1624883	1992	LOD	Blood	Ia	2	1	2	LOD_Blood
ERR1624884	1992	EOD	CSF	III	1556	19	3	EOD_CSF
ERR1624885	1992	EOD	Blood	III	17	17	6	EOD_Blood
ERR1624887	1992	LOD	CSF	III	19	19	3	LOD_CSF
ERR1624888	1992	LOD	CSF	III	19	19	3	LOD_CSF
ERR1624889	1992	LOD	CSF	III	19	19	3	LOD_CSF
ERR1624890	1992	LOD	CSF	III	997	19	3	LOD_CSF
ERR1624891	1992	EOD	Blood	III	19	19	3	EOD_Blood
ERR1624748	1988	LOD	CSF	III	19	19	3	LOD_CSF
ERR1624893	1992	LOD	CSF	III	19	19	3	LOD_CSF
ERR1624894	1992	EOD	Blood	III	19	19	3	EOD_Blood
ERR1624895	1992	EOD	Blood	III	17	17	6	EOD_Blood
ERR1624896	1992	EOD	Blood	III	328	19	3	EOD_Blood
ERR1624897	1992	EOD	Blood	Ia	23	23	4	EOD_Blood
ERR1624898	1992	EOD	Blood	Ia	23	23	4	EOD_Blood
ERR1624749	1988	EOD	CSF	III	17	17	6	EOD_CSF
ERR1624902	1992	LOD	CSF	III	17	17	6	LOD_CSF
ERR1624903	1992	EOD	Blood	Ia	7	10	1	EOD_Blood
ERR1624904	1992	EOD	Blood	III	19	19	3	EOD_Blood
ERR1624905	1992	EOD	CSF	III	1598	19	3	EOD_CSF
ERR1624907	1992	EOD	CSF	III	17	17	6	EOD_CSF
ERR1624908	1992	LOD	Blood	III	19	19	3	LOD_Blood
ERR1624909	1992	EOD	Blood	III	19	19	3	EOD_Blood
ERR1624910	1992	EOD	CSF	III	19	19	3	EOD_CSF
ERR1624911	1992	LOD	CSF	II	19	19	3	LOD_CSF
ERR1624912	1992	LOD	CSF	III	17	17	6	LOD_CSF
ERR1624913	1993	LOD	Blood	III	19	19	3	LOD_Blood
ERR1624914	1993	EOD	Blood	III	19	19	3	EOD_Blood
ERR1624915	1987	EOD	CSF	III	17	17	6	EOD_CSF
ERR1624916	1987	EOD	CSF	III	19	19	3	EOD_CSF
ERR1624918	1987	EOD	CSF	III	17	17	6	EOD_CSF
ERR1624922	1993	EOD	Blood	III	23	N/D	5	EOD_Blood
ERR1624734	1988	EOD	CSF	III	19	19	3	EOD_CSF
ERR1624753	1989	EOD	CSF	III	17	17	6	EOD_CSF
ERR1624754	1989	LOD	Blood	II	19	19	3	LOD_Blood
ERR1624755	1989	LOD	CSF	III	17	17	6	LOD_CSF
ERR1624756	1989	EOD	CSF	II	28	19	3	EOD_CSF
ERR1624757	1989	LOD	CSF	Ib	1530	10	1	LOD_CSF
ERR1624758	1989	LOD	CSF	III	17	17	6	LOD_CSF
ERR1624761	1989	EOD	CSF	III	27	19	3	EOD_CSF
ERR1624735	1988	EOD	Blood	Ib	6	10	1	EOD_Blood
ERR1624763	1989	LOD	CSF	III	17	17	6	LOD_CSF
ERR1624764	1989	EOD	Blood	Ia	23	23	4	EOD_Blood
ERR1624765	1989	LOD	CSF	III	17	17	6	LOD_CSF
ERR1624766	1989	LOD	Blood	III	17	17	6	LOD_Blood
ERR1624767	1989	LOD	CSF	III	19	19	3	LOD_CSF
ERR1624768	1989	LOD	CSF	III	19	19	3	LOD_CSF
ERR1624769	1989	EOD	Blood	III	17	17	6	EOD_Blood
ERR1624770	1989	LOD	CSF	III	17	17	6	LOD_CSF
ERR1624771	1989	EOD	CSF	III	19	19	3	EOD_CSF
ERR1624736	1988	EOD	CSF	III	19	19	3	EOD_CSF
ERR1624772	1989	LOD	CSF	III	17	17	6	LOD_CSF
ERR1624774	1989	LOD	CSF	III	17	17	6	LOD_CSF
ERR1624775	1989	EOD	CSF	III	17	17	6	EOD_CSF
ERR1624776	1989	LOD	CSF	III	19	19	3	LOD_CSF
ERR1624778	1989	LOD	CSF	Ib	10	10	1	LOD_CSF
ERR1624779	1989	EOD	CSF	III	17	17	6	EOD_CSF
ERR1624780	1989	EOD	Blood	III	19	19	3	EOD_Blood
ERR1624737	1988	EOD	CSF	III	17	17	6	EOD_CSF
ERR1624782	1989	EOD	CSF	III	19	19	3	EOD_CSF
ERR1624783	1989	LOD	CSF	III	19	19	3	LOD_CSF
ERR1624784	1989	EOD	CSF	V	1	1	2	EOD_CSF
ERR1624785	1989	LOD	Blood	III	17	17	6	LOD_Blood
ERR1624786	1989	EOD	CSF	III	19	19	3	EOD_CSF
ERR1624789	1989	EOD	CSF	III	17	17	6	EOD_CSF
ERR1624790	1989	EOD	CSF	Ib	1603	10	1	EOD_CSF
ERR1624791	1989	LOD	CSF	III	19	19	3	LOD_CSF
ERR1624738	1988	EOD	Blood	Ib	12	10	1	EOD_Blood
ERR1624792	1989	LOD	CSF	III	19	19	3	LOD_CSF
ERR1624793	1989	EOD	CSF	Ib	12	10	1	EOD_CSF
ERR1624794	1989	EOD	Blood	III	19	19	3	EOD_Blood
ERR1624795	1989	EOD	Blood	III	1137	17	6	EOD_Blood
ERR1624797	1989	EOD	CSF	III	19	19	3	EOD_CSF
ERR1624800	1990	LOD	CSF	III	19	19	3	LOD_CSF
ERR1624802	1990	LOD	CSF	III	17	17	6	LOD_CSF
ERR1624803	1990	EOD	Blood	III	19	19	3	EOD_Blood
ERR1624804	1990	LOD	CSF	III	19	19	3	LOD_CSF
ERR1624805	1990	LOD	Blood	NT	19	19	3	LOD_Blood
ERR1624806	1990	LOD	CSF	Ia	23	23	4	LOD_CSF
ERR1624807	1990	LOD	Blood	III	17	17	6	LOD_Blood
ERR1624808	1990	LOD	Blood	III	17	17	6	LOD_Blood
ERR1624810	1990	EOD	Blood	III	19	19	3	EOD_Blood
ERR1624811	1990	EOD	Blood	Ib	12	10	1	EOD_Blood
ERR1624740	1988	LOD	CSF	III	17	17	6	LOD_CSF
ERR1624812	1990	EOD	Blood	III	17	17	6	EOD_Blood
ERR1624813	1990	LOD	CSF	III	17	17	6	LOD_CSF
ERR1624815	1990	EOD	Blood	III	19	19	3	EOD_Blood
ERR1624817	1990	EOD	Blood	III	19	19	3	EOD_Blood
ERR1624819	1990	EOD	CSF	Ia	23	23	4	EOD_CSF
ERR1624820	1990	EOD	Blood	III	27	19	3	EOD_Blood
ERR1624741	1988	EOD	Blood	II	1531	1	2	EOD_Blood
ERR1624823	1987	LOD	CSF	Ia	7	10	1	LOD_CSF
ERR1624824	1987	EOD	CSF	Ib	12	10	1	EOD_CSF
ERR1624825	1987	LOD	CSF	III	19	19	3	LOD_CSF
ERR1624826	1987	EOD	CSF	III	17	17	6	EOD_CSF
ERR1624827	1987	EOD	CSF	III	19	19	3	EOD_CSF
ERR1624828	1990	EOD	CSF	Ia	23	23	4	EOD_CSF
ERR1624829	1990	EOD	Blood	II	28	19	3	EOD_Blood
ERR1624831	1990	EOD	Blood	Ia	23	23	4	EOD_Blood
ERR1624923	1993	LOD	CSF	III	164	19	3	LOD_CSF
ERR1624932	1993	EOD	CSF	III	19	19	3	EOD_CSF
ERR1625022	1995	EOD	CSF	III	17	17	6	EOD_CSF
ERR1625023	1995	EOD	Blood	Ia	23	23	4	EOD_Blood
ERR1625024	1995	LOD	CSF	III	19	19	3	LOD_CSF
ERR1625025	1995	EOD	Blood	III	1583	19	3	EOD_Blood
ERR1625026	1995	LOD	Blood	III	182	19	3	LOD_Blood
ERR1625027	1995	LOD	CSF	III	19	19	3	LOD_CSF
ERR1625028	1995	LOD	CSF	III	17	17	6	LOD_CSF
ERR1625029	1996	EOD	Blood	II	19	19	3	EOD_Blood
ERR1625030	1996	EOD	Blood	Ia	23	23	4	EOD_Blood
ERR1625031	1996	LOD	CSF	III	17	17	6	LOD_CSF
ERR1624933	1993	EOD	Blood	II	2	1	2	EOD_Blood
ERR1625032	1996	EOD	Blood	II	19	19	3	EOD_Blood
ERR1625033	1996	LOD	CSF	III	17	17	6	LOD_CSF
ERR1625034	1996	EOD	Blood	III	17	17	6	EOD_Blood
ERR1625036	1996	EOD	CSF	Ia	24	23	4	EOD_CSF
ERR1625037	1996	EOD	CSF	Ib	12	10	1	EOD_CSF
ERR1625039	1996	EOD	CSF	III	17	17	6	EOD_CSF
ERR1625040	1996	LOD	Blood	III	19	19	3	LOD_Blood
ERR1625041	1996	EOD	Blood	III	19	19	3	EOD_Blood
ERR1624934	1993	EOD	Blood	III	19	19	3	EOD_Blood
ERR1625042	1996	EOD	CSF	II	1	1	2	EOD_CSF
ERR1625043	1996	EOD	CSF	III	550	17	6	EOD_CSF
ERR1625044	1996	EOD	CSF	III	17	17	6	EOD_CSF
ERR1625045	1996	EOD	Blood	IV	196	1	2	EOD_Blood
ERR1625047	1996	LOD	CSF	Ia	23	23	4	LOD_CSF
ERR1625048	1996	LOD	CSF	III	17	17	6	LOD_CSF
ERR1625049	1996	EOD	Blood	III	17	17	6	EOD_Blood
ERR1625050	1996	EOD	Blood	Ia	23	23	4	EOD_Blood
ERR1625051	1996	LOD	CSF	III	17	17	6	LOD_CSF
ERR1624935	1993	EOD	CSF	III	17	17	6	EOD_CSF
ERR1625052	1996	LOD	Blood	Ia	24	23	4	LOD_Blood
ERR1625053	1996	LOD	CSF	III	148	17	6	LOD_CSF
ERR1625054	1996	EOD	Blood	V	1	1	2	EOD_Blood
ERR1625055	1996	EOD	Blood	III	17	17	6	EOD_Blood
ERR1625056	1996	LOD	CSF	III	148	17	6	LOD_CSF
ERR1625057	1996	EOD	CSF	Ia	24	23	4	EOD_CSF
ERR1625058	1996	LOD	CSF	Ia	24	23	4	LOD_CSF
ERR1625059	1996	EOD	CSF	V	1	1	2	EOD_CSF
ERR1625060	1996	LOD	Blood	III	17	17	6	LOD_Blood
ERR1625061	1996	EOD	CSF	Ib	12	10	1	EOD_CSF
ERR1624936	1993	LOD	CSF	III	19	19	3	LOD_CSF
ERR1625062	1996	LOD	Blood	Ia	24	23	4	LOD_Blood
ERR1625063	1996	EOD	CSF	III	19	19	3	EOD_CSF
ERR1625064	1996	EOD	Blood	II	12	10	1	EOD_Blood
ERR1625066	1996	LOD	CSF	III	19	19	3	LOD_CSF
ERR1625067	1996	EOD	Blood	Ia	23	23	4	EOD_Blood
ERR1625068	1996	LOD	CSF	III	1604	N/D	5	LOD_CSF
ERR1625069	1996	EOD	Blood	Ia	23	23	4	EOD_Blood
ERR1625070	1996	EOD	Blood	III	17	17	6	EOD_Blood
ERR1625071	1996	EOD	Blood	II	1605	1	2	EOD_Blood
ERR1624937	1993	LOD	CSF	III	19	19	3	LOD_CSF
ERR1625072	1997	EOD	Blood	III	17	17	6	EOD_Blood
ERR1625075	1997	EOD	CSF	Ia	23	23	4	EOD_CSF
ERR1625076	1997	EOD	Blood	V	26	26	5	EOD_Blood
ERR1625077	1997	LOD	CSF	Ia	23	23	4	LOD_CSF
ERR1625078	1997	EOD	Blood	III	1532	17	6	EOD_Blood
ERR1625079	1997	LOD	CSF	III	19	19	3	LOD_CSF
ERR1625080	1997	LOD	Blood	III	17	17	6	LOD_Blood
ERR1624938	1993	EOD	CSF	III	17	17	6	EOD_CSF
ERR1625083	1997	EOD	Blood	II	28	19	3	EOD_Blood
ERR1625084	1997	EOD	Blood	III	106	19	3	EOD_Blood
ERR1625085	1997	LOD	CSF	III	17	17	6	LOD_CSF
ERR1625086	1997	LOD	Blood	III	17	17	6	LOD_Blood
ERR1625089	1997	EOD	CSF	III	17	17	6	EOD_CSF
ERR1625090	1997	LOD	Blood	III	19	19	3	LOD_Blood
ERR1625091	1997	EOD	Blood	Ia	23	23	4	EOD_Blood
ERR1624939	1993	EOD	CSF	III	17	17	6	EOD_CSF
ERR1625092	1997	LOD	CSF	III	19	19	3	LOD_CSF
ERR1625093	1997	EOD	Blood	Ia	23	23	4	EOD_Blood
ERR1625094	1997	EOD	Blood	Ib	8	10	1	EOD_Blood
ERR1625095	1997	LOD	CSF	III	19	19	3	LOD_CSF
ERR1625096	1997	LOD	CSF	III	17	17	6	LOD_CSF
ERR1625097	1997	EOD	Blood	Ia	23	23	4	EOD_Blood
ERR1625098	1997	EOD	CSF	III	19	19	3	EOD_CSF
ERR1625099	1997	EOD	CSF	III	17	17	6	EOD_CSF
ERR1625100	1997	EOD	Blood	VI	1	1	2	EOD_Blood
ERR1625101	1997	EOD	Blood	III	167	1	2	EOD_Blood
ERR1624940	1993	LOD	CSF	III	19	19	3	LOD_CSF
ERR1625102	1997	EOD	CSF	III	17	17	6	EOD_CSF
ERR1625103	1997	EOD	CSF	III	17	17	6	EOD_CSF
ERR1625105	1987	LOD	CSF	III	17	17	6	LOD_CSF
ERR1625106	1987	LOD	CSF	III	19	19	3	LOD_CSF
ERR1625107	1987	EOD	Blood	III	19	19	3	EOD_Blood
ERR1625108	1987	LOD	CSF	Ib	8	10	1	LOD_CSF
ERR1625109	1987	EOD	CSF	Ib	10	10	1	EOD_CSF
ERR1625110	1987	EOD	CSF	Ib	12	10	1	EOD_CSF
ERR1625111	1987	EOD	CSF	Ib	12	10	1	EOD_CSF
ERR1624941	1993	EOD	CSF	III	17	17	6	EOD_CSF
ERR1625112	1997	EOD	Blood	Ia	23	23	4	EOD_Blood
ERR1624924	1993	EOD	Blood	III	17	17	6	EOD_Blood
ERR1624942	1993	LOD	CSF	III	17	17	6	LOD_CSF
ERR1624943	1993	EOD	CSF	III	19	19	3	EOD_CSF
ERR1624944	1993	LOD	CSF	Ib	10	10	1	LOD_CSF
ERR1624945	1993	LOD	CSF	III	17	17	6	LOD_CSF
ERR1624946	1993	LOD	CSF	III	19	19	3	LOD_CSF
ERR1624947	1993	EOD	Blood	III	19	19	3	EOD_Blood
ERR1624948	1993	EOD	Blood	III	19	19	3	EOD_Blood
ERR1624949	1993	LOD	CSF	III	19	19	3	LOD_CSF
ERR1624950	1993	EOD	Blood	III	17	17	6	EOD_Blood
ERR1624925	1993	EOD	Blood	Ib	12	10	1	EOD_Blood
ERR1624952	1993	LOD	CSF	Ia	1534	23	4	LOD_CSF
ERR1624954	1993	EOD	Blood	Ia	23	23	4	EOD_Blood
ERR1624957	1993	LOD	CSF	III	17	17	6	LOD_CSF
ERR1624959	1994	LOD	CSF	III	17	17	6	LOD_CSF
ERR1624960	1994	LOD	CSF	III	17	17	6	LOD_CSF
ERR1624961	1994	LOD	CSF	III	17	17	6	LOD_CSF
ERR1624926	1993	LOD	CSF	III	17	17	6	LOD_CSF
ERR1624962	1994	LOD	CSF	III	19	19	3	LOD_CSF
ERR1624963	1994	LOD	CSF	III	19	19	3	LOD_CSF
ERR1624964	1994	EOD	Blood	Ib	8	10	1	EOD_Blood
ERR1624965	1994	LOD	CSF	Ia	23	23	4	LOD_CSF
ERR1624966	1994	EOD	Blood	V	1	1	2	EOD_Blood
ERR1624967	1994	LOD	CSF	III	1606	NT	5	LOD_CSF
ERR1624968	1994	EOD	Blood	III	181	19	3	EOD_Blood
ERR1624969	1994	LOD	CSF	III	19	19	3	LOD_CSF
ERR1624970	1994	EOD	CSF	Ia	23	23	4	EOD_CSF
ERR1624971	1994	LOD	Blood	III	17	17	6	LOD_Blood
ERR1624972	1994	EOD	Blood	Ib	12	10	1	EOD_Blood
ERR1624973	1994	LOD	CSF	III	17	17	6	LOD_CSF
ERR1624974	1994	EOD	Blood	III	19	19	3	EOD_Blood
ERR1624976	1994	LOD	CSF	III	19	19	3	LOD_CSF
ERR1624979	1994	EOD	CSF	III	17	17	6	EOD_CSF
ERR1624980	1994	EOD	Blood	III	19	19	3	EOD_Blood
ERR1624981	1994	LOD	CSF	III	17	17	6	LOD_CSF
ERR1624928	1993	EOD	Blood	Ia	23	23	4	EOD_Blood
ERR1624982	1994	LOD	Blood	Ia	23	23	4	LOD_Blood
ERR1624983	1994	LOD	CSF	III	17	17	6	LOD_CSF
ERR1624984	1994	LOD	Blood	III	17	17	6	LOD_Blood
ERR1624985	1994	EOD	Blood	II	19	19	3	EOD_Blood
ERR1624986	1995	LOD	CSF	III	547	19	3	LOD_CSF
ERR1624987	1995	EOD	CSF	Ib	9	10	1	EOD_CSF
ERR1624988	1995	EOD	Blood	IV	1553	1	2	EOD_Blood
ERR1624989	1995	EOD	Blood	III	17	17	6	EOD_Blood
ERR1624990	1995	EOD	Blood	Ia	7	10	1	EOD_Blood
ERR1624991	1995	EOD	Blood	Ib	12	10	1	EOD_Blood
ERR1624992	1995	LOD	CSF	III	19	19	3	LOD_CSF
ERR1624993	1995	EOD	Blood	III	17	17	6	EOD_Blood
ERR1624994	1995	LOD	CSF	III	106	19	3	LOD_CSF
ERR1624995	1995	LOD	CSF	III	17	17	6	LOD_CSF
ERR1624997	1995	EOD	Blood	III	19	19	3	EOD_Blood
ERR1624998	1995	EOD	CSF	Ia	23	23	4	EOD_CSF
ERR1624999	1995	EOD	CSF	III	19	19	3	EOD_CSF
ERR1625000	1995	EOD	Blood	Ib	6	10	1	EOD_Blood
ERR1625001	1995	EOD	Blood	Ib	12	10	1	EOD_Blood
ERR1624930	1993	EOD	Blood	II	28	19	3	EOD_Blood
ERR1625002	1995	LOD	CSF	III	17	17	6	LOD_CSF
ERR1625003	1995	EOD	CSF	Ia	23	23	4	EOD_CSF
ERR1625005	1995	EOD	CSF	Ib	10	10	1	EOD_CSF
ERR1625006	1995	EOD	Blood	II	28	19	3	EOD_Blood
ERR1625007	1995	LOD	CSF	III	17	17	6	LOD_CSF
ERR1625008	1995	LOD	CSF	III	17	17	6	LOD_CSF
ERR1625009	1995	EOD	Blood	V	19	19	3	EOD_Blood
ERR1625010	1987	LOD	CSF	III	17	17	6	LOD_CSF
ERR1625011	1987	LOD	CSF	III	17	17	6	LOD_CSF
ERR1624931	1993	EOD	CSF	III	27	19	3	EOD_CSF
ERR1625012	1987	LOD	Blood	III	17	17	6	LOD_Blood
ERR1625013	1987	EOD	Blood	Ia	23	23	4	EOD_Blood
ERR1625014	1987	LOD	CSF	III	107	19	3	LOD_CSF
ERR1625015	1987	EOD	CSF	III	17	17	6	EOD_CSF
ERR1625016	1987	EOD	Blood	III	19	19	3	EOD_Blood
ERR1625017	1995	EOD	CSF	III	1607	17	6	EOD_CSF
ERR1625018	1995	EOD	Blood	Ib	12	10	1	EOD_Blood
ERR1625019	1995	EOD	Blood	Ia	23	23	4	EOD_Blood
ERR1625020	1995	EOD	Blood	Ib	6	10	1	EOD_Blood
ERR1625021	1995	EOD	CSF	III	19	19	3	EOD_CSF
ERR1625113	1997	EOD	Blood	III	17	17	6	EOD_Blood
ERR1625122	1998	EOD	CSF	III	27	19	3	EOD_CSF
ERR1625212	1999	EOD	Blood	Ia	23	23	4	EOD_Blood
ERR1625213	1999	LOD	CSF	III	17	17	6	LOD_CSF
ERR1625214	1999	EOD	Blood	Ia	7	10	1	EOD_Blood
ERR1625215	1999	LOD	CSF	III	17	17	6	LOD_CSF
ERR1625216	1999	EOD	Blood	Ia	23	23	4	EOD_Blood
ERR1625217	1999	LOD	CSF	III	148	17	6	LOD_CSF
ERR1625218	2000	EOD	Blood	III	19	19	3	EOD_Blood
ERR1625219	2000	EOD	CSF	Ib	536	10	1	EOD_CSF
ERR1625221	2000	EOD	Blood	III	23	N/D	5	EOD_Blood
ERR1625123	1998	EOD	CSF	III	17	17	6	EOD_CSF
ERR1625222	2000	LOD	CSF	III	17	17	6	LOD_CSF
ERR1625223	2000	LOD	CSF	III	17	17	6	LOD_CSF
ERR1625224	2000	LOD	CSF	III	17	17	6	LOD_CSF
ERR1625226	2000	LOD	Blood	III	NT	19	3	LOD_Blood
ERR1625227	2000	LOD	CSF	V	2	1	2	LOD_CSF
ERR1625228	2000	EOD	Blood	III	17	17	6	EOD_Blood
ERR1625229	2000	EOD	CSF	III	17	17	6	EOD_CSF
ERR1625230	2000	EOD	Blood	III	19	19	3	EOD_Blood
ERR1625231	2000	EOD	Blood	Ia	23	23	4	EOD_Blood
ERR1625124	1998	EOD	Blood	Ia	933	249	5	EOD_Blood
ERR1625232	2000	LOD	Blood	III	17	17	6	LOD_Blood
ERR1625233	2000	EOD	CSF	III	17	17	6	EOD_CSF
ERR1625234	2000	EOD	Blood	Ia	23	23	4	EOD_Blood
ERR1625235	2000	LOD	Blood	Ia	23	23	4	LOD_Blood
ERR1625236	2000	EOD	Blood	Ia	144	23	4	EOD_Blood
ERR1625237	2000	LOD	CSF	III	1584	17	6	LOD_CSF
ERR1625239	2000	EOD	Blood	III	19	19	3	EOD_Blood
ERR1625240	2000	EOD	Blood	III	19	19	3	EOD_Blood
ERR1625125	1998	EOD	CSF	III	17	17	6	EOD_CSF
ERR1625242	2000	LOD	Blood	V	19	19	3	LOD_Blood
ERR1625243	2000	LOD	CSF	III	17	17	6	LOD_CSF
ERR1625244	2000	EOD	CSF	III	19	19	3	EOD_CSF
ERR1625245	2000	EOD	Blood	IV	2	1	2	EOD_Blood
ERR1625246	2000	EOD	Blood	Ia	23	23	4	EOD_Blood
ERR1625247	2000	EOD	Blood	II	10	10	1	EOD_Blood
ERR1625248	2000	EOD	Blood	Ib	12	10	1	EOD_Blood
ERR1625249	2000	EOD	Blood	V	110	19	3	EOD_Blood
ERR1625250	2000	EOD	CSF	III	19	19	3	EOD_CSF
ERR1625251	2000	LOD	Blood	III	17	17	6	LOD_Blood
ERR1625126	1998	EOD	Blood	Ib	8	10	1	EOD_Blood
ERR1625252	2000	EOD	CSF	III	1585	17	6	EOD_CSF
ERR1625253	2000	LOD	CSF	Ia	23	23	4	LOD_CSF
ERR1625254	2000	LOD	CSF	III	17	17	6	LOD_CSF
ERR1625255	2000	EOD	CSF	III	17	17	6	EOD_CSF
ERR1625256	2000	EOD	Blood	III	17	17	6	EOD_Blood
ERR1625257	2000	LOD	CSF	III	17	17	6	LOD_CSF
ERR1625258	2000	EOD	Blood	III	19	19	3	EOD_Blood
ERR1625259	2000	EOD	Blood	IX	130	130	5	EOD_Blood
ERR1625261	2000	LOD	Blood	III	17	17	6	LOD_Blood
ERR1625127	1998	EOD	Blood	III	19	19	3	EOD_Blood
ERR1625262	2000	LOD	CSF	III	19	19	3	LOD_CSF
ERR1625263	2000	EOD	Blood	Ia	1569	10	1	EOD_Blood
ERR1625264	2000	EOD	Blood	III	17	17	6	EOD_Blood
ERR1625265	2000	EOD	Blood	III	17	17	6	EOD_Blood
ERR1625267	2000	LOD	Blood	III	17	17	6	LOD_Blood
ERR1625268	2000	EOD	Blood	III	17	17	6	EOD_Blood
ERR1625269	2000	EOD	CSF	Ia	24	23	4	EOD_CSF
ERR1625270	2000	EOD	Blood	Ib	10	10	1	EOD_Blood
ERR1625271	2000	LOD	CSF	III	19	19	3	LOD_CSF
ERR1625128	1998	LOD	CSF	III	17	17	6	LOD_CSF
ERR1625272	2000	EOD	Blood	II	22	22	5	EOD_Blood
ERR1625273	2001	EOD	Blood	Ia	23	23	4	EOD_Blood
ERR1625274	2001	EOD	Blood	Ia	1559	1	2	EOD_Blood
ERR1625275	2001	EOD	Blood	IV	10	10	1	EOD_Blood
ERR1625276	2001	EOD	CSF	III	19	19	3	EOD_CSF
ERR1625277	2001	EOD	CSF	III	27	19	3	EOD_CSF
ERR1625278	2001	LOD	CSF	III	17	17	6	LOD_CSF
ERR1625279	2001	LOD	Blood	III	17	17	6	LOD_Blood
ERR1625281	2001	EOD	Blood	III	19	19	3	EOD_Blood
ERR1625129	1998	EOD	Blood	Ia	23	23	4	EOD_Blood
ERR1625282	2001	LOD	Blood	IV	459	1	2	LOD_Blood
ERR1625283	2001	LOD	Blood	III	17	17	6	LOD_Blood
ERR1625284	2001	LOD	CSF	III	17	17	6	LOD_CSF
ERR1625285	2001	EOD	Blood	Ib	12	10	1	EOD_Blood
ERR1625286	2001	LOD	Blood	II	12	10	1	LOD_Blood
ERR1625287	2001	EOD	CSF	III	328	19	3	EOD_CSF
ERR1625288	2001	LOD	Blood	III	17	17	6	LOD_Blood
ERR1625289	2001	LOD	CSF	III	19	19	3	LOD_CSF
ERR1625290	2001	EOD	CSF	III	17	17	6	EOD_CSF
ERR1625291	2001	EOD	Blood	III	17	17	6	EOD_Blood
ERR1625130	1998	EOD	Blood	V	1	1	2	EOD_Blood
ERR1625292	2001	LOD	CSF	III	17	17	6	LOD_CSF
ERR1625293	2001	LOD	Blood	Ia	24	23	4	LOD_Blood
ERR1625294	2001	LOD	CSF	III	17	17	6	LOD_CSF
ERR1625295	1987	EOD	Blood	Ib	12	10	1	EOD_Blood
ERR1625298	1987	LOD	Blood	III	17	17	6	LOD_Blood
ERR1625299	1987	EOD	CSF	Ib	6	10	1	EOD_CSF
ERR1625300	1988	EOD	CSF	III	27	19	3	EOD_CSF
ERR1625301	1988	LOD	CSF	III	19	19	3	LOD_CSF
ERR1625131	1998	EOD	Blood	III	19	19	3	EOD_Blood
ERR1625302	2001	EOD	Blood	V	1	1	2	EOD_Blood
ERR1625114	1997	EOD	Blood	III	19	19	3	EOD_Blood
ERR1625132	1998	LOD	CSF	III	17	17	6	LOD_CSF
ERR1625133	1998	EOD	CSF	III	17	17	6	EOD_CSF
ERR1625134	1998	LOD	Blood	III	17	17	6	LOD_Blood
ERR1625135	1998	EOD	Blood	Ia	24	23	4	EOD_Blood
ERR1625136	1998	EOD	Blood	III	19	19	3	EOD_Blood
ERR1625137	1998	EOD	Blood	II	2	1	2	EOD_Blood
ERR1625138	1998	EOD	Blood	Ia	23	23	4	EOD_Blood
ERR1625139	1998	LOD	CSF	Ia	23	23	4	LOD_CSF
ERR1625141	1998	EOD	CSF	III	17	17	6	EOD_CSF
ERR1625115	1997	EOD	Blood	III	19	19	3	EOD_Blood
ERR1625142	1998	EOD	Blood	Ia	23	23	4	EOD_Blood
ERR1625143	1998	EOD	Blood	Ib	8	10	1	EOD_Blood
ERR1625144	1998	EOD	Blood	V	1	1	2	EOD_Blood
ERR1625145	1998	EOD	Blood	V	7	10	1	EOD_Blood
ERR1625146	1998	EOD	Blood	Ib	10	10	1	EOD_Blood
ERR1625147	1998	EOD	CSF	V	1579	26	5	EOD_CSF
ERR1625148	1998	EOD	Blood	III	19	19	3	EOD_Blood
ERR1625149	1998	EOD	Blood	III	17	17	6	EOD_Blood
ERR1625150	1998	EOD	Blood	II	2	1	2	EOD_Blood
ERR1625151	1998	EOD	CSF	III	19	19	3	EOD_CSF
ERR1625116	1997	LOD	CSF	Ia	23	23	4	LOD_CSF
ERR1625152	1998	LOD	Blood	III	17	17	6	LOD_Blood
ERR1625153	1998	LOD	Blood	III	17	17	6	LOD_Blood
ERR1625155	1998	EOD	Blood	Ia	7	10	1	EOD_Blood
ERR1625156	1998	EOD	Blood	Ia	23	23	4	EOD_Blood
ERR1625157	1998	LOD	Blood	V	1	1	2	LOD_Blood
ERR1625158	1999	LOD	Blood	III	17	17	6	LOD_Blood
ERR1625159	1999	EOD	CSF	Ia	4	1	2	EOD_CSF
ERR1625160	1999	EOD	Blood	Ia	23	23	4	EOD_Blood
ERR1625161	1999	LOD	CSF	III	19	19	3	LOD_CSF
ERR1625117	1997	EOD	CSF	III	19	19	3	EOD_CSF
ERR1625162	1999	LOD	CSF	III	17	17	6	LOD_CSF
ERR1625163	1999	EOD	Blood	III	1299	17	6	EOD_Blood
ERR1625164	1999	EOD	CSF	III	17	17	6	EOD_CSF
ERR1625165	1999	EOD	Blood	III	19	19	3	EOD_Blood
ERR1625166	1999	LOD	Blood	Ia	23	23	4	LOD_Blood
ERR1625167	1999	LOD	Blood	III	17	17	6	LOD_Blood
ERR1625168	1999	EOD	Blood	III	19	19	3	EOD_Blood
ERR1625169	1999	LOD	CSF	III	17	17	6	LOD_CSF
ERR1625170	1999	EOD	CSF	III	19	19	3	EOD_CSF
ERR1625118	1998	EOD	Blood	Ib	10	10	1	EOD_Blood
ERR1625172	1999	LOD	CSF	III	19	19	3	LOD_CSF
ERR1625173	1999	LOD	Blood	III	19	19	3	LOD_Blood
ERR1625174	1999	EOD	Blood	Ia	23	N/D	5	EOD_Blood
ERR1625176	1999	EOD	Blood	V	110	19	3	EOD_Blood
ERR1625178	1999	LOD	CSF	Ia	23	23	4	LOD_CSF
ERR1625179	1999	LOD	CSF	Ia	23	23	4	LOD_CSF
ERR1625180	1999	LOD	Blood	III	27	19	3	LOD_Blood
ERR1625181	1999	LOD	Blood	Ib	10	10	1	LOD_Blood
ERR1625119	1998	EOD	Blood	Ia	23	23	4	EOD_Blood
ERR1625182	1999	LOD	CSF	III	19	19	3	LOD_CSF
ERR1625183	1999	LOD	Blood	V	1	1	2	LOD_Blood
ERR1625184	1999	LOD	CSF	IV	291	17	6	LOD_CSF
ERR1625185	1999	EOD	Blood	III	19	19	3	EOD_Blood
ERR1625186	1999	LOD	CSF	III	19	19	3	LOD_CSF
ERR1625187	1999	LOD	CSF	III	17	17	6	LOD_CSF
ERR1625188	1999	EOD	Blood	III	17	17	6	EOD_Blood
ERR1625189	1999	EOD	CSF	III	19	19	3	EOD_CSF
ERR1625190	1999	LOD	Blood	II	12	10	1	LOD_Blood
ERR1625191	1999	LOD	Blood	III	17	17	6	LOD_Blood
ERR1625120	1998	EOD	CSF	III	27	19	3	EOD_CSF
ERR1625192	1999	LOD	CSF	III	19	19	3	LOD_CSF
ERR1625194	1999	EOD	Blood	Ia	23	23	4	EOD_Blood
ERR1625195	1999	LOD	Blood	III	17	17	6	LOD_Blood
ERR1625196	1999	EOD	CSF	Ia	23	23	4	EOD_CSF
ERR1625197	1999	LOD	CSF	III	19	19	3	LOD_CSF
ERR1625198	1999	LOD	CSF	III	148	17	6	LOD_CSF
ERR1625199	1999	EOD	Blood	III	1535	19	3	EOD_Blood
ERR1625200	1987	LOD	Blood	Ib	1580	10	1	LOD_Blood
ERR1625201	1987	LOD	Blood	III	27	19	3	LOD_Blood
ERR1625121	1998	LOD	CSF	III	17	17	6	LOD_CSF
ERR1625202	1987	EOD	Blood	Ib	12	10	1	EOD_Blood
ERR1625205	1987	LOD	CSF	III	19	19	3	LOD_CSF
ERR1625206	1987	EOD	Blood	Ia	23	23	4	EOD_Blood
ERR1625207	1999	LOD	CSF	III	17	17	6	LOD_CSF
ERR1625208	1999	LOD	Blood	III	23	N/D	5	LOD_Blood
ERR1625209	1999	LOD	Blood	III	17	17	6	LOD_Blood
ERR1625210	1999	LOD	CSF	III	17	17	6	LOD_CSF
ERR1625211	1999	EOD	CSF	III	19	19	3	EOD_CSF
ERR1625303	2001	LOD	CSF	III	17	17	6	LOD_CSF
ERR1625312	2001	EOD	Blood	Ia	24	23	4	EOD_Blood
ERR1625402	2003	LOD	CSF	III	17	17	6	LOD_CSF
ERR1625403	2003	LOD	CSF	III	17	17	6	LOD_CSF
ERR1625404	2003	EOD	CSF	Ia	23	23	4	EOD_CSF
ERR1625405	2003	LOD	CSF	Ib	10	10	1	LOD_CSF
ERR1625406	2003	LOD	Blood	Ib	10	10	1	LOD_Blood
ERR1625407	2003	EOD	Blood	III	17	17	6	EOD_Blood
ERR1625408	2003	EOD	CSF	III	1537	17	6	EOD_CSF
ERR1625409	2003	EOD	Blood	V	7	10	1	EOD_Blood
ERR1625410	2003	EOD	Blood	Ia	23	23	4	EOD_Blood
ERR1625411	2003	EOD	Blood	III	17	17	6	EOD_Blood
ERR1625313	2001	EOD	Blood	III	19	19	3	EOD_Blood
ERR1625412	2003	LOD	Blood	II	28	19	3	LOD_Blood
ERR1625414	2003	EOD	Blood	II	19	19	3	EOD_Blood
ERR1625415	2003	EOD	Blood	II	12	10	1	EOD_Blood
ERR1625416	2003	EOD	Blood	Ia	23	23	4	EOD_Blood
ERR1625417	2003	EOD	Blood	III	17	17	6	EOD_Blood
ERR1625418	2003	EOD	Blood	IX	130	130	5	EOD_Blood
ERR1625419	2003	EOD	Blood	III	19	19	3	EOD_Blood
ERR1625421	2003	EOD	Blood	Ia	23	23	4	EOD_Blood
ERR1625314	2001	EOD	Blood	II	28	19	3	EOD_Blood
ERR1625422	2003	EOD	Blood	III	148	17	6	EOD_Blood
ERR1625423	2003	EOD	CSF	III	1586	17	6	EOD_CSF
ERR1625424	2003	EOD	Blood	III	17	17	6	EOD_Blood
ERR1625425	2003	EOD	Blood	Ib	1570	10	1	EOD_Blood
ERR1625426	2003	EOD	Blood	Ib	1571	10	1	EOD_Blood
ERR1625427	2003	LOD	Blood	II	2	1	2	LOD_Blood
ERR1625428	2003	LOD	CSF	III	19	19	3	LOD_CSF
ERR1625429	2003	EOD	CSF	III	17	17	6	EOD_CSF
ERR1625431	2003	EOD	Blood	Ia	23	23	4	EOD_Blood
ERR1625315	2001	EOD	Blood	III	17	17	6	EOD_Blood
ERR1625432	2003	EOD	CSF	Ia	23	23	4	EOD_CSF
ERR1625433	2003	EOD	Blood	III	19	19	3	EOD_Blood
ERR1625435	2003	EOD	Blood	III	17	17	6	EOD_Blood
ERR1625436	2003	LOD	CSF	III	19	19	3	LOD_CSF
ERR1625438	2003	LOD	Blood	III	17	17	6	LOD_Blood
ERR1625439	2003	EOD	Blood	Ia	4	1	2	EOD_Blood
ERR1625440	2003	EOD	Blood	Ia	23	23	4	EOD_Blood
ERR1625441	2003	EOD	Blood	III	19	19	3	EOD_Blood
ERR1625442	2003	EOD	Blood	III	19	19	3	EOD_Blood
ERR1625443	2003	EOD	Blood	Ia	7	10	1	EOD_Blood
ERR1625444	2003	EOD	CSF	III	27	19	3	EOD_CSF
ERR1625445	2003	EOD	Blood	Ia	24	23	4	EOD_Blood
ERR1625447	2003	LOD	CSF	III	19	19	3	LOD_CSF
ERR1625448	2003	EOD	Blood	Ib	8	10	1	EOD_Blood
ERR1625449	2003	EOD	Blood	IV	196	1	2	EOD_Blood
ERR1625450	2003	LOD	Blood	III	17	17	6	LOD_Blood
ERR1625451	2003	EOD	Blood	V	7	10	1	EOD_Blood
ERR1625317	2001	LOD	CSF	III	18	17	6	LOD_CSF
ERR1625452	2003	EOD	Blood	V	1	1	2	EOD_Blood
ERR1625453	2003	EOD	CSF	III	17	17	6	EOD_CSF
ERR1625454	2003	LOD	Blood	III	17	17	6	LOD_Blood
ERR1625455	2003	LOD	CSF	III	17	17	6	LOD_CSF
ERR1625456	2003	EOD	CSF	Ia	23	23	4	EOD_CSF
ERR1625457	2003	EOD	CSF	III	17	17	6	EOD_CSF
ERR1625458	2003	LOD	CSF	III	17	17	6	LOD_CSF
ERR1625459	2003	LOD	CSF	III	17	17	6	LOD_CSF
ERR1625460	2003	LOD	CSF	III	17	17	6	LOD_CSF
ERR1625461	2004	LOD	CSF	III	17	17	6	LOD_CSF
ERR1625318	2001	EOD	Blood	III	19	19	3	EOD_Blood
ERR1625462	2004	EOD	CSF	V	1	1	2	EOD_CSF
ERR1625463	2004	LOD	Blood	III	17	17	6	LOD_Blood
ERR1625464	2004	LOD	Blood	III	17	17	6	LOD_Blood
ERR1625469	2004	EOD	CSF	III	17	17	6	EOD_CSF
ERR1625470	2004	EOD	Blood	III	17	17	6	EOD_Blood
ERR1625471	2004	EOD	Blood	III	17	17	6	EOD_Blood
ERR1625319	2001	LOD	Blood	III	17	17	6	LOD_Blood
ERR1625473	2004	EOD	Blood	III	23	N/D	5	EOD_Blood
ERR1625474	2004	EOD	Blood	III	19	19	3	EOD_Blood
ERR1625475	2004	LOD	Blood	V	327	19	3	LOD_Blood
ERR1625476	2004	LOD	CSF	III	1538	19	3	LOD_CSF
ERR1625477	2004	EOD	Blood	III	19	19	3	EOD_Blood
ERR1625478	2004	EOD	CSF	III	17	17	6	EOD_CSF
ERR1625479	2004	EOD	Blood	III	17	17	6	EOD_Blood
ERR1625480	2004	EOD	CSF	III	1537	17	6	EOD_CSF
ERR1625481	2004	EOD	CSF	Ib	10	10	1	EOD_CSF
ERR1625320	2001	EOD	Blood	IV	196	1	2	EOD_Blood
ERR1625482	2004	LOD	CSF	III	17	17	6	LOD_CSF
ERR1625483	2004	LOD	CSF	Ia	23	23	4	LOD_CSF
ERR1625484	2004	LOD	CSF	Ib	12	10	1	LOD_CSF
ERR1625485	1988	EOD	Blood	IV	196	1	2	EOD_Blood
ERR1625486	1988	LOD	CSF	Ia	7	10	1	LOD_CSF
ERR1625488	1988	EOD	Blood	III	106	19	3	EOD_Blood
ERR1625489	1988	LOD	CSF	Ib	10	10	1	LOD_CSF
ERR1625490	1988	EOD	CSF	III	27	19	3	EOD_CSF
ERR1625491	1988	LOD	CSF	Ia	7	10	1	LOD_CSF
ERR1625321	2001	LOD	Blood	Ia	23	23	4	LOD_Blood
ERR1625304	2001	EOD	Blood	II	28	19	3	EOD_Blood
ERR1625322	2001	EOD	Blood	Ia	23	23	4	EOD_Blood
ERR1625323	2001	LOD	Blood	III	997	19	3	LOD_Blood
ERR1625324	2001	EOD	CSF	III	17	17	6	EOD_CSF
ERR1625325	2001	EOD	Blood	Ia	24	23	4	EOD_Blood
ERR1625326	2001	EOD	Blood	III	19	19	3	EOD_Blood
ERR1625327	2001	LOD	Blood	III	17	17	6	LOD_Blood
ERR1625328	2001	LOD	CSF	III	19	19	3	LOD_CSF
ERR1625329	2002	LOD	Blood	III	17	17	6	LOD_Blood
ERR1625330	2002	EOD	CSF	III	17	17	6	EOD_CSF
ERR1625331	2002	LOD	Blood	III	17	17	6	LOD_Blood
ERR1625305	2001	EOD	Blood	V	1	1	2	EOD_Blood
ERR1625333	2002	EOD	Blood	Ib	8	10	1	EOD_Blood
ERR1625334	2002	EOD	Blood	V	1	1	2	EOD_Blood
ERR1625335	2002	LOD	CSF	III	19	19	3	LOD_CSF
ERR1625336	2002	EOD	Blood	II	751	10	1	EOD_Blood
ERR1625337	2002	EOD	CSF	III	17	17	6	EOD_CSF
ERR1625338	2002	LOD	CSF	III	27	19	3	LOD_CSF
ERR1625340	2002	EOD	Blood	III	12	10	1	EOD_Blood
ERR1625341	2002	EOD	Blood	III	17	17	6	EOD_Blood
ERR1625306	2001	EOD	Blood	III	17	17	6	EOD_Blood
ERR1625342	2002	EOD	Blood	III	19	19	3	EOD_Blood
ERR1625343	2002	EOD	Blood	V	10	10	1	EOD_Blood
ERR1625345	2002	EOD	CSF	V	1	1	2	EOD_CSF
ERR1625346	2002	LOD	CSF	III	17	17	6	LOD_CSF
ERR1625347	2002	EOD	Blood	Ia	23	23	4	EOD_Blood
ERR1625348	2002	LOD	CSF	III	17	17	6	LOD_CSF
ERR1625349	2002	EOD	CSF	III	1540	19	3	EOD_CSF
ERR1625351	2002	LOD	CSF	Ib	8	10	1	LOD_CSF
ERR1625307	2001	LOD	Blood	III	17	17	6	LOD_Blood
ERR1625352	2002	EOD	CSF	III	19	19	3	EOD_CSF
ERR1625353	2002	EOD	CSF	Ia	144	23	4	EOD_CSF
ERR1625354	2002	LOD	Blood	IV	2	1	2	LOD_Blood
ERR1625355	2002	EOD	Blood	II	2	1	2	EOD_Blood
ERR1625356	2002	LOD	CSF	III	17	17	6	LOD_CSF
ERR1625357	2002	EOD	Blood	V	1	1	2	EOD_Blood
ERR1625358	2002	EOD	Blood	Ia	1590	23	4	EOD_Blood
ERR1625359	2002	LOD	Blood	Ia	7	10	1	LOD_Blood
ERR1625361	2002	LOD	Blood	Ia	23	23	4	LOD_Blood
ERR1625308	2001	LOD	CSF	III	23	N/D	5	LOD_CSF
ERR1625362	2002	EOD	CSF	III	19	19	3	EOD_CSF
ERR1625363	2002	EOD	Blood	VII	1	1	2	EOD_Blood
ERR1625364	2002	LOD	CSF	III	19	19	3	LOD_CSF
ERR1625365	2002	EOD	Blood	III	19	19	3	EOD_Blood
ERR1625366	2002	EOD	CSF	III	19	19	3	EOD_CSF
ERR1625367	2002	EOD	CSF	III	17	17	6	EOD_CSF
ERR1625368	2002	EOD	Blood	III	27	19	3	EOD_Blood
ERR1625369	2002	LOD	CSF	Ib	10	10	1	LOD_CSF
ERR1625370	2002	EOD	CSF	III	484	17	6	EOD_CSF
ERR1625371	2002	EOD	Blood	V	1	1	2	EOD_Blood
ERR1625372	2002	LOD	CSF	III	17	17	6	LOD_CSF
ERR1625373	2002	LOD	CSF	III	17	17	6	LOD_CSF
ERR1625376	2002	EOD	Blood	III	19	19	3	EOD_Blood
ERR1625377	2002	EOD	Blood	III	17	17	6	EOD_Blood
ERR1625378	2002	LOD	Blood	III	1004	17	6	LOD_Blood
ERR1625379	2002	EOD	Blood	III	19	19	3	EOD_Blood
ERR1625381	2002	LOD	Blood	II	28	19	3	LOD_Blood
ERR1625382	2002	EOD	Blood	III	27	19	3	EOD_Blood
ERR1625383	2002	LOD	Blood	III	17	17	6	LOD_Blood
ERR1625384	2002	EOD	Blood	II	2	1	2	EOD_Blood
ERR1625385	2003	EOD	Blood	II	12	10	1	EOD_Blood
ERR1625386	2003	EOD	Blood	Ib	10	10	1	EOD_Blood
ERR1625387	2003	LOD	Blood	III	17	17	6	LOD_Blood
ERR1625388	2003	LOD	CSF	III	17	17	6	LOD_CSF
ERR1625391	1988	EOD	CSF	III	19	19	3	EOD_CSF
ERR1625311	2001	EOD	Blood	III	17	17	6	EOD_Blood
ERR1625392	1988	EOD	Blood	III	19	19	3	EOD_Blood
ERR1625393	1988	EOD	CSF	III	17	17	6	EOD_CSF
ERR1625394	1988	EOD	Blood	Ib	12	10	1	EOD_Blood
ERR1625395	1988	EOD	Blood	II	1572	19	3	EOD_Blood
ERR1625396	1988	EOD	CSF	III	1561	17	6	EOD_CSF
ERR1625397	2003	EOD	Blood	III	17	17	6	EOD_Blood
ERR1625398	2003	EOD	CSF	III	17	17	6	EOD_CSF
ERR1625399	2003	EOD	Blood	II	28	19	3	EOD_Blood
ERR1625400	2003	EOD	Blood	IV	196	1	2	EOD_Blood
ERR1625401	2003	EOD	Blood	III	17	17	6	EOD_Blood
ERR1659680	2013	EOD	Blood	Ib	12	10	1	EOD_Blood
ERR1659689	2013	EOD	Blood	III	17	17	6	EOD_Blood
ERR1659779	2014	EOD	Blood	III	19	19	3	EOD_Blood
ERR1659780	2014	EOD	Blood	III	17	17	6	EOD_Blood
ERR1659781	2014	EOD	CSF	III	17	17	6	EOD_CSF
ERR1659782	2014	LOD	CSF	III	17	17	6	LOD_CSF
ERR1659783	2014	EOD	Blood	III	17	17	6	EOD_Blood
ERR1659784	2014	EOD	Blood	III	529	19	3	EOD_Blood
ERR1659785	2014	EOD	CSF	III	1423	17	6	EOD_CSF
ERR1659786	2014	EOD	Blood	Ia	23	23	4	EOD_Blood
ERR1659787	2014	EOD	Blood	V	110	19	3	EOD_Blood
ERR1659788	2014	EOD	Blood	II	1562	10	1	EOD_Blood
ERR1659690	2013	LOD	Blood	III	17	17	6	LOD_Blood
ERR1659789	2014	EOD	Blood	II	19	19	3	EOD_Blood
ERR1659790	2014	EOD	Blood	II	12	10	1	EOD_Blood
ERR1659791	2014	EOD	Blood	III	17	17	6	EOD_Blood
ERR1659792	2014	EOD	Blood	III	17	17	6	EOD_Blood
ERR1659793	2014	EOD	Blood	III	27	19	3	EOD_Blood
ERR1659794	2014	EOD	Blood	III	19	19	3	EOD_Blood
ERR1659795	2014	LOD	CSF	III	19	19	3	LOD_CSF
ERR1659796	2014	LOD	Blood	Ia	144	23	4	LOD_Blood
ERR1659797	2014	EOD	Blood	Ia	88	N/D	5	EOD_Blood
ERR1659798	2014	EOD	CSF	III	17	17	6	EOD_CSF
ERR1659691	2013	EOD	Blood	III	17	17	6	EOD_Blood
ERR1659799	2014	EOD	Blood	V	1	1	2	EOD_Blood
ERR1659801	2014	LOD	Blood	III	17	17	6	LOD_Blood
ERR1659802	2014	EOD	CSF	III	17	17	6	EOD_CSF
ERR1659803	2014	EOD	CSF	III	17	17	6	EOD_CSF
ERR1659804	2014	EOD	CSF	III	287	17	6	EOD_CSF
ERR1659805	2014	EOD	Blood	II	1591	19	3	EOD_Blood
ERR1659806	2014	EOD	Blood	III	17	17	6	EOD_Blood
ERR1659808	2014	EOD	Blood	III	19	19	3	EOD_Blood
ERR1659692	2013	LOD	CSF	III	287	17	6	LOD_CSF
ERR1659809	2014	EOD	CSF	III	19	19	3	EOD_CSF
ERR1659810	2014	EOD	CSF	III	17	17	6	EOD_CSF
ERR1659811	2014	EOD	CSF	VI	1	1	2	EOD_CSF
ERR1659812	2014	LOD	Blood	III	19	19	3	LOD_Blood
ERR1659814	2014	LOD	Blood	Ib	10	10	1	LOD_Blood
ERR1659816	2014	LOD	Blood	V	7	10	1	LOD_Blood
ERR1659817	2015	LOD	Blood	III	17	17	6	LOD_Blood
ERR1659818	2015	EOD	Blood	III	17	17	6	EOD_Blood
ERR1659693	2013	EOD	Blood	Ia	23	23	4	EOD_Blood
ERR1659819	2015	EOD	Blood	Ia	23	23	4	EOD_Blood
ERR1659820	2015	EOD	Blood	IV	1189	1	2	EOD_Blood
ERR1659821	2015	LOD	CSF	Ia	144	23	4	LOD_CSF
ERR1659822	2015	EOD	CSF	Ia	23	23	4	EOD_CSF
ERR1659823	2015	LOD	Blood	III	17	17	6	LOD_Blood
ERR1659825	2015	EOD	Blood	Ia	23	23	4	EOD_Blood
ERR1659826	2015	LOD	Blood	III	17	17	6	LOD_Blood
ERR1659827	2015	LOD	Blood	III	17	17	6	LOD_Blood
ERR1659828	2015	LOD	CSF	III	17	17	6	LOD_CSF
ERR1659694	2013	EOD	CSF	III	17	17	6	EOD_CSF
ERR1659830	2015	EOD	Blood	III	19	19	3	EOD_Blood
ERR1659831	2015	EOD	Blood	II	22	22	5	EOD_Blood
ERR1659832	2015	EOD	Blood	III	17	17	6	EOD_Blood
ERR1659833	2015	EOD	Blood	III	19	19	3	EOD_Blood
ERR1659834	2015	EOD	Blood	V	1542	10	1	EOD_Blood
ERR1659835	2015	EOD	Blood	II	1587	10	1	EOD_Blood
ERR1659836	2015	LOD	CSF	III	1219	17	6	LOD_CSF
ERR1659837	2015	EOD	Blood	Ia	23	23	4	EOD_Blood
ERR1659838	2015	EOD	Blood	III	19	19	3	EOD_Blood
ERR1659695	2013	EOD	Blood	II	10	10	1	EOD_Blood
ERR1659839	2015	EOD	Blood	III	17	17	6	EOD_Blood
ERR1659840	2015	EOD	Blood	II	2	1	2	EOD_Blood
ERR1659841	2015	EOD	Blood	II	28	19	3	EOD_Blood
ERR1659842	2015	EOD	CSF	III	17	17	6	EOD_CSF
ERR1659843	2015	EOD	Blood	III	106	19	3	EOD_Blood
ERR1659844	2015	EOD	Blood	Ia	23	23	4	EOD_Blood
ERR1659845	2015	LOD	CSF	III	17	17	6	LOD_CSF
ERR1659846	2015	LOD	CSF	III	17	17	6	LOD_CSF
ERR1659847	2015	EOD	Blood	Ia	103	103	5	EOD_Blood
ERR1659848	2015	LOD	CSF	III	17	17	6	LOD_CSF
ERR1659696	2013	LOD	CSF	III	148	17	6	LOD_CSF
ERR1659849	2015	EOD	Blood	III	17	17	6	EOD_Blood
ERR1659850	2015	EOD	Blood	Ia	23	23	4	EOD_Blood
ERR1659851	2015	EOD	Blood	Ia	24	23	4	EOD_Blood
ERR1659854	2015	EOD	Blood	III	17	17	6	EOD_Blood
ERR1659856	2015	EOD	Blood	Ia	23	23	4	EOD_Blood
ERR1659857	2015	EOD	Blood	Ia	23	23	4	EOD_Blood
ERR1659858	2015	EOD	Blood	Ib	255	10	1	EOD_Blood
ERR1659697	2013	LOD	Blood	III	17	17	6	LOD_Blood
ERR1659859	2015	EOD	Blood	III	17	17	6	EOD_Blood
ERR1659860	2015	EOD	CSF	III	17	17	6	EOD_CSF
ERR1659861	2015	LOD	CSF	III	17	17	6	LOD_CSF
ERR1659862	2015	EOD	Blood	II	28	19	3	EOD_Blood
ERR1659863	2015	LOD	CSF	III	19	19	3	LOD_CSF
ERR1659864	2015	EOD	Blood	III	19	19	3	EOD_Blood
ERR1659865	2015	LOD	CSF	III	17	17	6	LOD_CSF
ERR1659866	2016	LOD	Blood	III	17	17	6	LOD_Blood
ERR1659867	2016	LOD	Blood	III	17	17	6	LOD_Blood
ERR1659698	2013	LOD	Blood	III	17	17	6	LOD_Blood
ERR1659681	2013	EOD	Blood	Ia	23	23	4	EOD_Blood
ERR1659699	2013	LOD	CSF	Ia	144	23	4	LOD_CSF
ERR1659700	2013	EOD	Blood	IV	196	1	2	EOD_Blood
ERR1659701	2013	EOD	Blood	Ib	12	10	1	EOD_Blood
ERR1659702	2013	EOD	Blood	Ib	12	10	1	EOD_Blood
ERR1659703	2013	EOD	Blood	III	17	17	6	EOD_Blood
ERR1659704	2013	EOD	Blood	Ia	144	23	4	EOD_Blood
ERR1659705	2013	EOD	Blood	Ia	23	23	4	EOD_Blood
ERR1659706	2013	EOD	Blood	V	1	1	2	EOD_Blood
ERR1659707	2013	EOD	Blood	V	23	23	4	EOD_Blood
ERR1659708	2013	EOD	Blood	III	19	19	3	EOD_Blood
ERR1659709	2013	LOD	CSF	Ia	24	23	4	LOD_CSF
ERR1659711	2013	LOD	Blood	III	17	17	6	LOD_Blood
ERR1659712	2013	EOD	Blood	III	17	17	6	EOD_Blood
ERR1659713	2013	EOD	Blood	Ib	1370	10	1	EOD_Blood
ERR1659714	2013	LOD	CSF	III	17	17	6	LOD_CSF
ERR1659715	2013	EOD	Blood	III	19	19	3	EOD_Blood
ERR1659716	2013	LOD	CSF	III	17	17	6	LOD_CSF
ERR1659717	2013	EOD	Blood	Ib	8	10	1	EOD_Blood
ERR1659683	2013	EOD	Blood	III	1563	19	3	EOD_Blood
ERR1659719	2013	EOD	Blood	Ia	498	23	4	EOD_Blood
ERR1659720	2013	EOD	Blood	Ia	23	23	4	EOD_Blood
ERR1659721	2013	LOD	Blood	III	17	17	6	LOD_Blood
ERR1659722	2013	LOD	CSF	Ia	23	23	4	LOD_CSF
ERR1659723	2013	LOD	Blood	III	1339	17	6	LOD_Blood
ERR1659724	2013	EOD	Blood	Ia	23	23	4	EOD_Blood
ERR1659725	2013	LOD	Blood	III	17	17	6	LOD_Blood
ERR1659726	2013	EOD	CSF	Ia	23	23	4	EOD_CSF
ERR1659727	2013	EOD	Blood	Ib	8	10	1	EOD_Blood
ERR1659728	2013	LOD	Blood	III	17	17	6	LOD_Blood
ERR1659684	2013	EOD	Blood	II	1	1	2	EOD_Blood
ERR1659729	2013	EOD	Blood	IV	196	1	2	EOD_Blood
ERR1659730	2013	EOD	Blood	Ia	23	23	4	EOD_Blood
ERR1659731	2013	EOD	Blood	Ia	144	23	4	EOD_Blood
ERR1659732	2013	LOD	CSF	III	17	17	6	LOD_CSF
ERR1659733	2013	EOD	Blood	III	19	19	3	EOD_Blood
ERR1659735	2013	LOD	CSF	Ib	8	10	1	LOD_CSF
ERR1659736	2014	EOD	CSF	III	17	17	6	EOD_CSF
ERR1659737	2014	LOD	Blood	III	1573	17	6	LOD_Blood
ERR1659738	2014	EOD	Blood	III	17	17	6	EOD_Blood
ERR1659685	2013	LOD	CSF	III	27	19	3	LOD_CSF
ERR1659739	2014	LOD	CSF	III	17	17	6	LOD_CSF
ERR1659740	2014	LOD	Blood	III	1573	17	6	LOD_Blood
ERR1659741	2014	EOD	Blood	III	17	17	6	EOD_Blood
ERR1659742	2014	LOD	Blood	III	17	17	6	LOD_Blood
ERR1659743	2014	LOD	Blood	III	17	17	6	LOD_Blood
ERR1659744	2014	LOD	Blood	III	17	17	6	LOD_Blood
ERR1659745	2014	EOD	Blood	Ia	23	23	4	EOD_Blood
ERR1659746	2014	LOD	Blood	III	17	17	6	LOD_Blood
ERR1659747	2014	EOD	Blood	IV	196	1	2	EOD_Blood
ERR1659748	2014	EOD	Blood	III	17	17	6	EOD_Blood
ERR1659686	2013	EOD	Blood	Ia	498	23	4	EOD_Blood
ERR1659749	2014	EOD	Blood	III	NT	19	3	EOD_Blood
ERR1659750	2014	EOD	Blood	Ia	23	23	4	EOD_Blood
ERR1659751	2014	EOD	Blood	II	8	10	1	EOD_Blood
ERR1659752	2014	LOD	Blood	III	17	17	6	LOD_Blood
ERR1659753	2014	EOD	Blood	III	17	17	6	EOD_Blood
ERR1659754	2014	EOD	Blood	Ib	1	1	2	EOD_Blood
ERR1659755	2014	EOD	CSF	V	1	1	2	EOD_CSF
ERR1659756	2014	LOD	Blood	VI	1	1	2	LOD_Blood
ERR1659757	2014	EOD	Blood	V	1	1	2	EOD_Blood
ERR1659758	2014	LOD	CSF	III	17	17	6	LOD_CSF
ERR1659687	2013	LOD	Blood	III	17	17	6	LOD_Blood
ERR1659759	2014	EOD	Blood	II	19	19	3	EOD_Blood
ERR1659760	2014	EOD	Blood	III	17	17	6	EOD_Blood
ERR1659761	2014	LOD	CSF	III	17	17	6	LOD_CSF
ERR1659762	2014	EOD	Blood	III	17	17	6	EOD_Blood
ERR1659763	2014	LOD	CSF	III	17	17	6	LOD_CSF
ERR1659764	2014	EOD	Blood	III	17	17	6	EOD_Blood
ERR1659765	2014	LOD	Blood	III	17	17	6	LOD_Blood
ERR1659766	2014	LOD	CSF	III	19	19	3	LOD_CSF
ERR1659767	2014	EOD	CSF	III	17	17	6	EOD_CSF
ERR1659688	2013	EOD	Blood	III	17	17	6	EOD_Blood
ERR1659769	2015	LOD	Blood	Ia	24	23	4	LOD_Blood
ERR1659770	2015	EOD	CSF	Ia	23	23	4	EOD_CSF
ERR1659771	2015	EOD	Blood	III	17	17	6	EOD_Blood
ERR1659772	2015	LOD	Blood	III	17	17	6	LOD_Blood
ERR1659773	2015	LOD	Blood	III	27	19	3	LOD_Blood
ERR1659774	2015	EOD	Blood	III	17	17	6	EOD_Blood
ERR1659775	2014	EOD	Blood	III	17	17	6	EOD_Blood
ERR1659776	2014	EOD	CSF	III	27	19	3	EOD_CSF
ERR1659777	2014	EOD	Blood	III	17	17	6	EOD_Blood
ERR1659778	2014	LOD	Blood	III	17	17	6	LOD_Blood
ERR1672372	2004	EOD	Blood	Ia	144	23	4	EOD_Blood
ERR1672381	2004	EOD	Blood	III	19	19	3	EOD_Blood
ERR1672471	2006	LOD	CSF	III	19	19	3	LOD_CSF
ERR1672472	2006	LOD	CSF	III	17	17	6	LOD_CSF
ERR1672473	2006	LOD	Blood	III	17	17	6	LOD_Blood
ERR1672474	2006	EOD	Blood	Ib	12	10	1	EOD_Blood
ERR1672475	2006	EOD	Blood	V	1	1	2	EOD_Blood
ERR1672477	2006	EOD	Blood	III	19	19	3	EOD_Blood
ERR1672478	2006	LOD	CSF	III	17	17	6	LOD_CSF
ERR1672479	2006	EOD	Blood	III	17	17	6	EOD_Blood
ERR1672480	2006	LOD	Blood	IV	2	1	2	LOD_Blood
ERR1672382	2004	EOD	Blood	Ia	23	23	4	EOD_Blood
ERR1672481	2006	EOD	Blood	IV	2	1	2	EOD_Blood
ERR1672482	2006	EOD	Blood	Ib	8	10	1	EOD_Blood
ERR1672483	2006	EOD	Blood	II	2	1	2	EOD_Blood
ERR1672484	2006	EOD	Blood	Ia	23	23	4	EOD_Blood
ERR1672485	2006	LOD	CSF	III	1544	19	3	LOD_CSF
ERR1672486	2006	EOD	Blood	Ia	23	23	4	EOD_Blood
ERR1672487	2006	LOD	CSF	III	17	17	6	LOD_CSF
ERR1672488	2006	EOD	Blood	V	1	1	2	EOD_Blood
ERR1672489	2006	LOD	Blood	III	17	17	6	LOD_Blood
ERR1672490	2006	EOD	Blood	Ia	23	23	4	EOD_Blood
ERR1672383	2004	LOD	Blood	III	17	17	6	LOD_Blood
ERR1672491	2006	EOD	Blood	III	17	17	6	EOD_Blood
ERR1672492	2006	EOD	Blood	III	17	17	6	EOD_Blood
ERR1672493	2006	EOD	Blood	III	17	17	6	EOD_Blood
ERR1672494	2006	EOD	CSF	III	106	19	3	EOD_CSF
ERR1672495	2006	EOD	Blood	Ia	144	23	4	EOD_Blood
ERR1672496	2007	LOD	CSF	III	1592	17	6	LOD_CSF
ERR1672498	2007	LOD	Blood	Ia	23	23	4	LOD_Blood
ERR1672499	2007	LOD	Blood	III	17	17	6	LOD_Blood
ERR1672384	2004	LOD	Blood	III	1581	17	6	LOD_Blood
ERR1672501	2007	EOD	Blood	Ia	23	23	4	EOD_Blood
ERR1672502	2007	EOD	Blood	Ia	24	23	4	EOD_Blood
ERR1672503	2007	LOD	CSF	III	19	19	3	LOD_CSF
ERR1672505	2007	LOD	Blood	Ia	23	23	4	LOD_Blood
ERR1672506	2007	LOD	CSF	III	17	17	6	LOD_CSF
ERR1672507	2007	EOD	Blood	III	17	17	6	EOD_Blood
ERR1672508	2007	EOD	Blood	III	19	19	3	EOD_Blood
ERR1672509	2007	LOD	CSF	III	17	17	6	LOD_CSF
ERR1672510	2007	LOD	Blood	III	17	17	6	LOD_Blood
ERR1672385	2004	EOD	Blood	III	19	19	3	EOD_Blood
ERR1672511	2007	EOD	Blood	III	19	19	3	EOD_Blood
ERR1672512	2007	EOD	Blood	II	19	19	3	EOD_Blood
ERR1672513	2007	LOD	CSF	Ia	23	23	4	LOD_CSF
ERR1672514	2007	EOD	Blood	VI	1	1	2	EOD_Blood
ERR1672515	2007	EOD	CSF	III	17	17	6	EOD_CSF
ERR1672516	2007	LOD	CSF	Ia	24	23	4	LOD_CSF
ERR1672517	2007	EOD	Blood	III	17	17	6	EOD_Blood
ERR1672518	2007	EOD	Blood	III	17	17	6	EOD_Blood
ERR1672519	2007	EOD	Blood	III	19	19	3	EOD_Blood
ERR1672520	2007	EOD	Blood	Ia	144	23	4	EOD_Blood
ERR1672386	2004	EOD	Blood	Ib	12	10	1	EOD_Blood
ERR1672521	2007	LOD	Blood	Ia	24	23	4	LOD_Blood
ERR1672522	2007	LOD	CSF	III	17	17	6	LOD_CSF
ERR1672523	2007	EOD	CSF	III	17	17	6	EOD_CSF
ERR1672524	2007	EOD	Blood	III	515	17	6	EOD_Blood
ERR1672525	2007	EOD	Blood	III	17	17	6	EOD_Blood
ERR1672526	2007	EOD	Blood	III	17	17	6	EOD_Blood
ERR1672527	2007	LOD	CSF	III	17	17	6	LOD_CSF
ERR1672528	2007	EOD	CSF	III	17	17	6	EOD_CSF
ERR1672529	2007	EOD	Blood	III	19	19	3	EOD_Blood
ERR1672387	2004	LOD	CSF	III	17	17	6	LOD_CSF
ERR1672531	2007	LOD	Blood	III	19	19	3	LOD_Blood
ERR1672532	2007	EOD	Blood	III	17	17	6	EOD_Blood
ERR1672533	2007	EOD	CSF	III	17	17	6	EOD_CSF
ERR1672535	2007	EOD	Blood	III	19	19	3	EOD_Blood
ERR1672536	2007	EOD	Blood	IV	645	1	2	EOD_Blood
ERR1672537	2007	EOD	Blood	Ia	23	23	4	EOD_Blood
ERR1672538	2007	LOD	Blood	III	19	19	3	LOD_Blood
ERR1672539	2007	LOD	Blood	Ia	4	1	2	LOD_Blood
ERR1672540	2007	EOD	Blood	III	17	17	6	EOD_Blood
ERR1672388	2004	EOD	Blood	III	17	17	6	EOD_Blood
ERR1672541	2007	EOD	CSF	III	23	N/D	5	EOD_CSF
ERR1672543	2007	LOD	Blood	III	1608	19	3	LOD_Blood
ERR1672544	2007	LOD	CSF	III	17	17	6	LOD_CSF
ERR1672545	2007	LOD	Blood	III	17	17	6	LOD_Blood
ERR1672546	2007	EOD	Blood	III	19	19	3	EOD_Blood
ERR1672547	2007	EOD	CSF	III	17	17	6	EOD_CSF
ERR1672548	2007	EOD	Blood	III	17	17	6	EOD_Blood
ERR1672549	2007	EOD	CSF	III	17	17	6	EOD_CSF
ERR1672550	2007	EOD	Blood	V	1575	19	3	EOD_Blood
ERR1672389	2004	EOD	Blood	II	2	1	2	EOD_Blood
ERR1672551	2007	LOD	CSF	III	17	17	6	LOD_CSF
ERR1672552	2001	LOD	Blood	III	17	17	6	LOD_Blood
ERR1672553	2012	LOD	Blood	Ia	23	23	4	LOD_Blood
ERR1672554	2013	LOD	Blood	III	17	17	6	LOD_Blood
ERR1672555	2016	EOD	Blood	III	1564	17	6	EOD_Blood
ERR1672556	2016	LOD	Blood	Ia	23	23	4	LOD_Blood
ERR1672557	2016	EOD	Blood	III	17	17	6	EOD_Blood
ERR1672558	2016	EOD	Blood	IV	196	1	2	EOD_Blood
ERR1672559	2007	EOD	CSF	Ia	24	23	4	EOD_CSF
ERR1672560	2007	EOD	Blood	Ia	23	23	4	EOD_Blood
ERR1672390	2004	LOD	CSF	III	17	17	6	LOD_CSF
ERR1672373	2004	EOD	Blood	Ia	23	23	4	EOD_Blood
ERR1672391	2004	EOD	CSF	III	27	19	3	EOD_CSF
ERR1672392	2004	LOD	CSF	III	17	17	6	LOD_CSF
ERR1672393	2004	LOD	CSF	III	17	17	6	LOD_CSF
ERR1672394	2004	EOD	Blood	Ia	23	23	4	EOD_Blood
ERR1672395	2004	EOD	CSF	III	1576	17	6	EOD_CSF
ERR1672396	2004	EOD	Blood	III	17	17	6	EOD_Blood
ERR1672398	2005	EOD	Blood	II	12	10	1	EOD_Blood
ERR1672399	2005	EOD	Blood	III	17	17	6	EOD_Blood
ERR1672400	2005	EOD	CSF	III	19	19	3	EOD_CSF
ERR1672374	2004	EOD	CSF	III	17	17	6	EOD_CSF
ERR1672401	2005	EOD	Blood	Ia	23	23	4	EOD_Blood
ERR1672402	2005	EOD	CSF	Ia	23	23	4	EOD_CSF
ERR1672404	2005	EOD	Blood	V	1	1	2	EOD_Blood
ERR1672405	2005	EOD	Blood	III	27	19	3	EOD_Blood
ERR1672406	2005	EOD	CSF	III	1593	17	6	EOD_CSF
ERR1672407	2005	LOD	CSF	Ib	10	10	1	LOD_CSF
ERR1672408	2005	LOD	CSF	III	17	17	6	LOD_CSF
ERR1672409	2005	EOD	Blood	III	27	19	3	EOD_Blood
ERR1672410	2005	EOD	CSF	III	19	19	3	EOD_CSF
ERR1672375	2004	EOD	Blood	III	17	17	6	EOD_Blood
ERR1672411	2005	EOD	Blood	Ia	23	23	4	EOD_Blood
ERR1672412	2005	LOD	CSF	Ia	23	23	4	LOD_CSF
ERR1672413	2005	EOD	Blood	Ia	23	23	4	EOD_Blood
ERR1672415	2005	EOD	Blood	III	19	19	3	EOD_Blood
ERR1672416	2005	LOD	Blood	III	17	17	6	LOD_Blood
ERR1672417	2005	EOD	Blood	III	19	19	3	EOD_Blood
ERR1672418	2005	EOD	Blood	Ia	23	23	4	EOD_Blood
ERR1672419	2005	EOD	Blood	III	17	17	6	EOD_Blood
ERR1672420	2005	EOD	Blood	II	19	19	3	EOD_Blood
ERR1672376	2004	EOD	Blood	II	19	19	3	EOD_Blood
ERR1672421	2005	EOD	Blood	III	19	19	3	EOD_Blood
ERR1672422	2005	LOD	CSF	III	182	19	3	LOD_CSF
ERR1672423	2005	LOD	CSF	Ia	1599	23	4	LOD_CSF
ERR1672424	2005	EOD	CSF	III	1545	17	6	EOD_CSF
ERR1672425	2005	EOD	CSF	III	17	17	6	EOD_CSF
ERR1672426	2005	LOD	CSF	III	17	17	6	LOD_CSF
ERR1672427	2005	EOD	Blood	III	17	17	6	EOD_Blood
ERR1672428	2005	EOD	Blood	III	17	17	6	EOD_Blood
ERR1672429	2005	LOD	CSF	III	17	17	6	LOD_CSF
ERR1672430	2005	LOD	CSF	III	17	17	6	LOD_CSF
ERR1672377	2004	EOD	CSF	Ib	8	10	1	EOD_CSF
ERR1672431	2005	EOD	Blood	III	19	19	3	EOD_Blood
ERR1672432	2005	EOD	CSF	III	17	17	6	EOD_CSF
ERR1672433	2005	LOD	Blood	III	17	17	6	LOD_Blood
ERR1672434	2005	LOD	CSF	III	17	17	6	LOD_CSF
ERR1672435	2005	LOD	CSF	III	17	17	6	LOD_CSF
ERR1672436	2005	EOD	Blood	Ia	24	23	4	EOD_Blood
ERR1672437	2005	EOD	Blood	Ia	23	23	4	EOD_Blood
ERR1672438	2005	LOD	Blood	III	17	17	6	LOD_Blood
ERR1672439	2005	EOD	Blood	Ia	23	23	4	EOD_Blood
ERR1672440	2005	EOD	CSF	III	19	19	3	EOD_CSF
ERR1672378	2004	EOD	CSF	II	12	10	1	EOD_CSF
ERR1672441	2005	EOD	Blood	III	17	17	6	EOD_Blood
ERR1672442	2005	EOD	Blood	Ia	23	23	4	EOD_Blood
ERR1672443	2005	LOD	CSF	III	17	17	6	LOD_CSF
ERR1672444	2005	LOD	CSF	III	17	17	6	LOD_CSF
ERR1672446	2006	LOD	Blood	IX	130	130	5	LOD_Blood
ERR1672447	2006	EOD	Blood	Ia	24	23	4	EOD_Blood
ERR1672448	2006	EOD	Blood	III	17	17	6	EOD_Blood
ERR1672449	2006	LOD	CSF	III	17	17	6	LOD_CSF
ERR1672450	2006	EOD	CSF	Ia	23	23	4	EOD_CSF
ERR1672379	2004	EOD	Blood	II	10	10	1	EOD_Blood
ERR1672451	2006	EOD	CSF	III	19	19	3	EOD_CSF
ERR1672452	2006	LOD	CSF	III	1498	17	6	LOD_CSF
ERR1672453	2006	EOD	Blood	III	17	17	6	EOD_Blood
ERR1672454	2006	EOD	CSF	III	27	19	3	EOD_CSF
ERR1672455	2006	EOD	Blood	Ia	23	23	4	EOD_Blood
ERR1672456	2006	EOD	Blood	Ia	24	23	4	EOD_Blood
ERR1672457	2006	LOD	Blood	II	12	10	1	LOD_Blood
ERR1672458	2006	EOD	Blood	III	17	17	6	EOD_Blood
ERR1672459	2006	LOD	CSF	Ia	1546	23	4	LOD_CSF
ERR1672460	1988	LOD	CSF	Ia	1609	23	4	LOD_CSF
ERR1672380	2004	EOD	CSF	III	19	19	3	EOD_CSF
ERR1672461	1988	LOD	CSF	III	17	17	6	LOD_CSF
ERR1672462	1988	EOD	Blood	IV	196	1	2	EOD_Blood
ERR1672463	1988	EOD	Blood	II	2	1	2	EOD_Blood
ERR1672465	2006	LOD	CSF	V	19	19	3	LOD_CSF
ERR1672466	2006	LOD	CSF	III	17	17	6	LOD_CSF
ERR1672467	2006	EOD	Blood	Ib	12	10	1	EOD_Blood
ERR1672468	2006	EOD	Blood	III	17	17	6	EOD_Blood
ERR1672469	2006	LOD	Blood	III	17	17	6	LOD_Blood
ERR1672470	2006	EOD	CSF	III	1565	17	6	EOD_CSF
ERR1672561	2007	EOD	Blood	III	19	19	3	EOD_Blood
ERR1672570	2008	LOD	CSF	III	17	17	6	LOD_CSF
ERR1672660	2009	LOD	Blood	III	17	17	6	LOD_Blood
ERR1672661	2009	LOD	Blood	III	17	17	6	LOD_Blood
ERR1672662	2009	EOD	Blood	III	148	17	6	EOD_Blood
ERR1672664	2009	EOD	Blood	III	17	17	6	EOD_Blood
ERR1672665	2009	EOD	Blood	III	17	17	6	EOD_Blood
ERR1672666	2009	EOD	Blood	Ia	23	23	4	EOD_Blood
ERR1672667	2009	EOD	Blood	V	1	1	2	EOD_Blood
ERR1672668	2009	EOD	CSF	III	17	17	6	EOD_CSF
ERR1672571	2008	EOD	CSF	III	17	17	6	EOD_CSF
ERR1672670	2009	LOD	Blood	III	17	17	6	LOD_Blood
ERR1672671	2009	EOD	Blood	Ia	23	23	4	EOD_Blood
ERR1672672	2009	EOD	Blood	III	17	17	6	EOD_Blood
ERR1672673	2009	LOD	Blood	III	1610	17	6	LOD_Blood
ERR1672675	2009	EOD	Blood	III	280	N/D	5	EOD_Blood
ERR1672676	2009	EOD	CSF	III	17	17	6	EOD_CSF
ERR1672677	2009	EOD	Blood	V	1	1	2	EOD_Blood
ERR1672678	2009	EOD	Blood	III	27	19	3	EOD_Blood
ERR1672679	2009	EOD	Blood	Ia	23	23	4	EOD_Blood
ERR1672572	2008	LOD	CSF	III	17	17	6	LOD_CSF
ERR1672680	2009	EOD	Blood	III	17	17	6	EOD_Blood
ERR1672681	2009	EOD	Blood	III	17	17	6	EOD_Blood
ERR1672682	2009	LOD	Blood	III	17	17	6	LOD_Blood
ERR1672683	2009	EOD	Blood	II	28	19	3	EOD_Blood
ERR1672684	2009	EOD	Blood	III	17	17	6	EOD_Blood
ERR1672685	2009	EOD	Blood	III	17	17	6	EOD_Blood
ERR1672686	2009	EOD	Blood	III	19	19	3	EOD_Blood
ERR1672688	2009	LOD	Blood	III	17	17	6	LOD_Blood
ERR1672689	2009	LOD	Blood	Ia	23	23	4	LOD_Blood
ERR1672573	2008	LOD	Blood	III	17	17	6	LOD_Blood
ERR1672690	2009	LOD	Blood	V	1	1	2	LOD_Blood
ERR1672691	2010	EOD	Blood	II	12	10	1	EOD_Blood
ERR1672692	2010	EOD	Blood	Ia	1594	23	4	EOD_Blood
ERR1672693	2010	LOD	Blood	III	17	17	6	LOD_Blood
ERR1672694	2010	EOD	Blood	III	17	17	6	EOD_Blood
ERR1672695	2010	EOD	Blood	Ia	23	23	4	EOD_Blood
ERR1672696	2010	EOD	CSF	III	19	19	3	EOD_CSF
ERR1672697	2010	LOD	Blood	V	7	10	1	LOD_Blood
ERR1672698	2010	EOD	Blood	III	17	17	6	EOD_Blood
ERR1672699	2010	EOD	CSF	Ia	4	1	2	EOD_CSF
ERR1672574	2008	LOD	Blood	III	17	17	6	LOD_Blood
ERR1672700	2010	LOD	CSF	Ia	23	23	4	LOD_CSF
ERR1672701	2010	EOD	CSF	III	19	19	3	EOD_CSF
ERR1672702	2010	LOD	CSF	III	17	17	6	LOD_CSF
ERR1672703	2010	LOD	Blood	III	17	17	6	LOD_Blood
ERR1672704	2010	LOD	Blood	III	17	17	6	LOD_Blood
ERR1672705	2010	EOD	Blood	III	19	19	3	EOD_Blood
ERR1672706	2010	EOD	Blood	Ib	1595	10	1	EOD_Blood
ERR1672708	2010	EOD	Blood	III	17	17	6	EOD_Blood
ERR1672575	2008	LOD	CSF	III	1544	19	3	LOD_CSF
ERR1672711	2010	LOD	Blood	V	1	1	2	LOD_Blood
ERR1672712	2010	LOD	CSF	III	19	19	3	LOD_CSF
ERR1672713	2010	EOD	Blood	II	2	1	2	EOD_Blood
ERR1672714	2010	LOD	Blood	Ia	498	23	4	LOD_Blood
ERR1672715	2010	EOD	Blood	III	1299	17	6	EOD_Blood
ERR1672716	2010	EOD	Blood	Ia	23	23	4	EOD_Blood
ERR1672718	2010	LOD	CSF	III	148	17	6	LOD_CSF
ERR1672719	2010	EOD	Blood	III	19	19	3	EOD_Blood
ERR1672720	2010	LOD	Blood	III	1323	19	3	LOD_Blood
ERR1672721	2010	EOD	Blood	Ia	23	23	4	EOD_Blood
ERR1672722	2010	LOD	CSF	III	1323	19	3	LOD_CSF
ERR1672723	2010	EOD	CSF	III	17	17	6	EOD_CSF
ERR1672724	2010	LOD	Blood	III	148	17	6	LOD_Blood
ERR1672725	2010	LOD	CSF	III	17	17	6	LOD_CSF
ERR1672728	2010	EOD	Blood	V	110	19	3	EOD_Blood
ERR1672729	2010	EOD	Blood	III	515	17	6	EOD_Blood
ERR1672577	2008	LOD	Blood	III	17	17	6	LOD_Blood
ERR1672730	2010	EOD	Blood	III	17	17	6	EOD_Blood
ERR1672731	2010	EOD	CSF	III	17	17	6	EOD_CSF
ERR1672732	2010	EOD	Blood	V	1	1	2	EOD_Blood
ERR1672733	2010	LOD	Blood	III	1588	17	6	LOD_Blood
ERR1672734	2010	LOD	CSF	III	17	17	6	LOD_CSF
ERR1672735	2010	EOD	CSF	Ia	23	23	4	EOD_CSF
ERR1672736	2010	LOD	CSF	III	17	17	6	LOD_CSF
ERR1672737	2010	LOD	Blood	II	10	10	1	LOD_Blood
ERR1672738	2010	EOD	Blood	II	1582	22	5	EOD_Blood
ERR1672739	2010	LOD	CSF	III	17	17	6	LOD_CSF
ERR1672578	2008	LOD	Blood	III	17	17	6	LOD_Blood
ERR1672740	2010	EOD	Blood	Ia	23	23	4	EOD_Blood
ERR1672741	2010	EOD	Blood	III	147	17	6	EOD_Blood
ERR1672742	2016	LOD	CSF	III	182	19	3	LOD_CSF
ERR1672743	2016	LOD	CSF	III	17	17	6	LOD_CSF
ERR1672744	2016	EOD	Blood	IV	196	1	2	EOD_Blood
ERR1672745	2016	LOD	Blood	III	19	19	3	LOD_Blood
ERR1672746	2016	LOD	CSF	III	17	17	6	LOD_CSF
ERR1672747	2016	EOD	Blood	V	26	26	5	EOD_Blood
ERR1672748	2016	LOD	Blood	III	17	17	6	LOD_Blood
ERR1672579	2008	EOD	Blood	III	17	17	6	EOD_Blood
ERR1672562	2008	LOD	Blood	III	17	17	6	LOD_Blood
ERR1672580	2008	LOD	Blood	Ia	24	23	4	LOD_Blood
ERR1672581	2008	LOD	Blood	VII	1	1	2	LOD_Blood
ERR1672582	2008	EOD	Blood	Ia	23	23	4	EOD_Blood
ERR1672583	2008	EOD	Blood	Ib	8	10	1	EOD_Blood
ERR1672584	2008	EOD	Blood	III	17	17	6	EOD_Blood
ERR1672585	2008	EOD	Blood	III	17	17	6	EOD_Blood
ERR1672586	2008	EOD	Blood	III	1544	19	3	EOD_Blood
ERR1672587	2008	EOD	Blood	Ia	23	23	4	EOD_Blood
ERR1672588	2008	EOD	Blood	Ia	23	23	4	EOD_Blood
ERR1672563	2008	EOD	Blood	III	17	17	6	EOD_Blood
ERR1672591	2008	LOD	CSF	III	17	17	6	LOD_CSF
ERR1672592	2008	EOD	Blood	III	19	19	3	EOD_Blood
ERR1672593	2008	LOD	CSF	III	1566	17	6	LOD_CSF
ERR1672594	2008	LOD	Blood	III	17	17	6	LOD_Blood
ERR1672595	2008	EOD	Blood	III	17	17	6	EOD_Blood
ERR1672596	2008	LOD	Blood	III	1498	17	6	LOD_Blood
ERR1672597	2008	EOD	Blood	II	19	19	3	EOD_Blood
ERR1672598	2008	EOD	Blood	Ia	23	23	4	EOD_Blood
ERR1672599	2008	LOD	Blood	III	17	17	6	LOD_Blood
ERR1672564	2008	EOD	CSF	III	17	17	6	EOD_CSF
ERR1672600	2008	LOD	Blood	III	17	17	6	LOD_Blood
ERR1672601	2008	EOD	Blood	III	19	19	3	EOD_Blood
ERR1672602	2008	EOD	Blood	III	17	17	6	EOD_Blood
ERR1672604	2008	EOD	Blood	III	17	17	6	EOD_Blood
ERR1672605	2008	EOD	Blood	NT	19	19	3	EOD_Blood
ERR1672606	2008	EOD	Blood	III	27	19	3	EOD_Blood
ERR1672607	2008	LOD	Blood	III	19	19	3	LOD_Blood
ERR1672608	2008	EOD	CSF	III	27	19	3	EOD_CSF
ERR1672609	2008	EOD	CSF	Ia	23	23	4	EOD_CSF
ERR1672565	2008	LOD	CSF	III	17	17	6	LOD_CSF
ERR1672610	2008	EOD	Blood	III	17	17	6	EOD_Blood
ERR1672611	2008	EOD	Blood	Ia	23	23	4	EOD_Blood
ERR1672612	2008	EOD	CSF	III	19	19	3	EOD_CSF
ERR1672613	2008	LOD	Blood	Ib	12	10	1	LOD_Blood
ERR1672614	2008	EOD	Blood	II	28	19	3	EOD_Blood
ERR1672615	2008	EOD	Blood	Ia	24	23	4	EOD_Blood
ERR1672616	2008	EOD	Blood	II	19	19	3	EOD_Blood
ERR1672617	2008	EOD	Blood	III	19	19	3	EOD_Blood
ERR1672618	2008	EOD	Blood	III	19	19	3	EOD_Blood
ERR1672619	2008	EOD	Blood	V	167	1	2	EOD_Blood
ERR1672566	2008	LOD	Blood	IV	196	1	2	LOD_Blood
ERR1672620	2009	EOD	Blood	Ia	23	23	4	EOD_Blood
ERR1672621	2009	EOD	Blood	Ia	23	23	4	EOD_Blood
ERR1672623	2009	EOD	Blood	III	233	19	3	EOD_Blood
ERR1672625	2009	EOD	Blood	III	17	17	6	EOD_Blood
ERR1672626	2009	EOD	CSF	Ia	23	23	4	EOD_CSF
ERR1672627	2009	EOD	Blood	Ia	23	23	4	EOD_Blood
ERR1672629	2009	EOD	Blood	III	17	17	6	EOD_Blood
ERR1672567	2008	EOD	Blood	III	19	19	3	EOD_Blood
ERR1672630	2009	EOD	Blood	Ia	23	23	4	EOD_Blood
ERR1672632	2009	LOD	CSF	III	148	17	6	LOD_CSF
ERR1672633	2009	EOD	Blood	III	17	17	6	EOD_Blood
ERR1672634	2009	LOD	Blood	III	17	17	6	LOD_Blood
ERR1672635	2009	EOD	Blood	Ia	23	23	4	EOD_Blood
ERR1672636	2009	EOD	Blood	V	19	19	3	EOD_Blood
ERR1672637	2009	EOD	Blood	III	17	17	6	EOD_Blood
ERR1672639	2009	EOD	Blood	III	19	19	3	EOD_Blood
ERR1672568	2008	EOD	Blood	V	110	19	3	EOD_Blood
ERR1672640	2009	EOD	Blood	Ia	24	23	4	EOD_Blood
ERR1672641	2009	EOD	Blood	III	19	19	3	EOD_Blood
ERR1672642	2009	EOD	Blood	III	1550	19	3	EOD_Blood
ERR1672643	2009	EOD	Blood	II	28	19	3	EOD_Blood
ERR1672644	2009	EOD	Blood	III	19	19	3	EOD_Blood
ERR1672645	2009	EOD	Blood	Ia	7	10	1	EOD_Blood
ERR1672646	2009	LOD	Blood	III	17	17	6	LOD_Blood
ERR1672647	2016	EOD	Blood	III	1498	17	6	EOD_Blood
ERR1672648	2016	EOD	Blood	III	17	17	6	EOD_Blood
ERR1672569	2008	EOD	Blood	III	17	17	6	EOD_Blood
ERR1672650	2016	LOD	CSF	III	17	17	6	LOD_CSF
ERR1672651	2016	EOD	Blood	III	19	19	3	EOD_Blood
ERR1672652	2016	EOD	Blood	IV	196	1	2	EOD_Blood
ERR1672653	2016	LOD	CSF	III	17	17	6	LOD_CSF
ERR1672654	2009	EOD	Blood	Ib	12	10	1	EOD_Blood
ERR1672655	2009	EOD	Blood	Ia	144	23	4	EOD_Blood
ERR1672656	2009	EOD	Blood	III	17	17	6	EOD_Blood
ERR1672657	2009	LOD	Blood	III	17	17	6	LOD_Blood
ERR1672659	2009	EOD	CSF	III	17	17	6	EOD_CSF
ERR1672749	2010	EOD	CSF	III	1596	17	6	EOD_CSF
ERR1672758	2010	LOD	Blood	III	17	17	6	LOD_Blood
ERR1672848	2012	EOD	Blood	III	17	17	6	EOD_Blood
ERR1672849	2012	LOD	Blood	Ia	23	23	4	LOD_Blood
ERR1672850	2012	LOD	CSF	Ia	23	23	4	LOD_CSF
ERR1672852	2012	LOD	Blood	III	19	19	3	LOD_Blood
ERR1672853	2012	EOD	Blood	II	2	1	2	EOD_Blood
ERR1672854	2012	LOD	Blood	III	1567	17	6	LOD_Blood
ERR1672855	2012	LOD	Blood	Ia	23	23	4	LOD_Blood
ERR1672856	2012	EOD	Blood	III	1324	19	3	EOD_Blood
ERR1672857	2012	LOD	Blood	Ia	23	23	4	LOD_Blood
ERR1672759	2010	EOD	Blood	II	12	10	1	EOD_Blood
ERR1672859	2012	LOD	Blood	Ia	23	23	4	LOD_Blood
ERR1672860	2012	LOD	CSF	Ia	23	23	4	LOD_CSF
ERR1672862	2012	EOD	CSF	Ia	23	23	4	EOD_CSF
ERR1672863	2012	EOD	Blood	Ia	1577	23	4	EOD_Blood
ERR1672864	2012	LOD	CSF	III	17	17	6	LOD_CSF
ERR1672865	2012	EOD	Blood	Ia	144	23	4	EOD_Blood
ERR1672866	2012	LOD	Blood	Ia	23	23	4	LOD_Blood
ERR1672867	2012	EOD	Blood	Ib	1	1	2	EOD_Blood
ERR1672760	2010	LOD	Blood	Ia	1551	23	4	LOD_Blood
ERR1672868	2012	EOD	Blood	Ia	23	23	4	EOD_Blood
ERR1672869	2012	EOD	Blood	III	1498	17	6	EOD_Blood
ERR1672870	2012	LOD	Blood	III	19	19	3	LOD_Blood
ERR1672871	2012	EOD	Blood	III	109	17	6	EOD_Blood
ERR1672872	2012	LOD	Blood	V	19	19	3	LOD_Blood
ERR1672873	2012	LOD	Blood	Ia	23	23	4	LOD_Blood
ERR1672874	2012	LOD	Blood	III	17	17	6	LOD_Blood
ERR1672875	2012	EOD	Blood	III	17	17	6	EOD_Blood
ERR1672876	2012	EOD	Blood	Ib	10	10	1	EOD_Blood
ERR1672877	2012	EOD	Blood	Ia	144	23	4	EOD_Blood
ERR1672761	2010	EOD	Blood	IV	196	1	2	EOD_Blood
ERR1672878	2012	LOD	Blood	III	17	17	6	LOD_Blood
ERR1672880	2012	EOD	Blood	Ia	144	23	4	EOD_Blood
ERR1672881	2012	EOD	CSF	III	17	17	6	EOD_CSF
ERR1672882	2012	LOD	Blood	III	17	17	6	LOD_Blood
ERR1672883	2012	EOD	CSF	III	17	17	6	EOD_CSF
ERR1672884	2012	EOD	Blood	Ib	12	10	1	EOD_Blood
ERR1672885	2012	EOD	Blood	Ia	144	23	4	EOD_Blood
ERR1672886	2012	LOD	CSF	III	1544	19	3	LOD_CSF
ERR1672887	2012	LOD	CSF	III	23	N/D	5	LOD_CSF
ERR1672762	2010	LOD	Blood	III	17	17	6	LOD_Blood
ERR1672888	2012	EOD	Blood	II	751	10	1	EOD_Blood
ERR1672889	2012	EOD	Blood	V	1	1	2	EOD_Blood
ERR1672890	2012	EOD	Blood	Ia	23	23	4	EOD_Blood
ERR1672891	2012	EOD	CSF	IV	196	1	2	EOD_CSF
ERR1672892	2012	LOD	CSF	III	1600	19	3	LOD_CSF
ERR1672894	2012	LOD	Blood	III	106	19	3	LOD_Blood
ERR1672895	2012	EOD	CSF	III	12	10	1	EOD_CSF
ERR1672896	2012	LOD	CSF	III	148	17	6	LOD_CSF
ERR1672897	2012	EOD	Blood	Ia	23	23	4	EOD_Blood
ERR1672763	2010	LOD	Blood	III	17	17	6	LOD_Blood
ERR1672898	2012	EOD	CSF	III	17	17	6	EOD_CSF
ERR1672899	2012	LOD	CSF	Ia	24	23	4	LOD_CSF
ERR1672900	2012	LOD	Blood	III	529	19	3	LOD_Blood
ERR1672901	2012	LOD	Blood	Ia	24	23	4	LOD_Blood
ERR1672902	2012	EOD	Blood	III	17	17	6	EOD_Blood
ERR1672903	2012	LOD	Blood	III	17	17	6	LOD_Blood
ERR1672904	2012	EOD	Blood	V	23	23	4	EOD_Blood
ERR1672905	2012	EOD	Blood	III	17	17	6	EOD_Blood
ERR1672906	2012	EOD	CSF	III	27	19	3	EOD_CSF
ERR1672907	2012	LOD	CSF	III	17	17	6	LOD_CSF
ERR1672908	2012	EOD	Blood	IV	2	1	2	EOD_Blood
ERR1672909	2012	LOD	Blood	III	17	17	6	LOD_Blood
ERR1672910	2012	LOD	Blood	III	17	17	6	LOD_Blood
ERR1672912	2012	LOD	CSF	III	17	17	6	LOD_CSF
ERR1672913	2012	EOD	Blood	III	17	17	6	EOD_Blood
ERR1672914	2012	EOD	Blood	III	17	17	6	EOD_Blood
ERR1672915	2012	EOD	Blood	Ia	23	23	4	EOD_Blood
ERR1672916	2013	LOD	CSF	III	95	17	6	LOD_CSF
ERR1672917	2013	EOD	CSF	III	17	17	6	EOD_CSF
ERR1672765	2010	EOD	Blood	III	17	17	6	EOD_Blood
ERR1672918	2013	LOD	Blood	Ib	12	10	1	LOD_Blood
ERR1672919	2013	EOD	CSF	Ia	23	23	4	EOD_CSF
ERR1672921	2013	LOD	Blood	Ia	23	23	4	LOD_Blood
ERR1672922	2013	LOD	Blood	Ia	23	23	4	LOD_Blood
ERR1672923	2013	LOD	Blood	Ia	23	23	4	LOD_Blood
ERR1672924	2013	LOD	Blood	III	17	17	6	LOD_Blood
ERR1672925	2013	EOD	Blood	III	19	19	3	EOD_Blood
ERR1672926	2013	LOD	CSF	III	335	19	3	LOD_CSF
ERR1672927	2013	EOD	Blood	III	17	17	6	EOD_Blood
ERR1672766	2010	LOD	CSF	III	17	17	6	LOD_CSF
ERR1672928	2013	LOD	CSF	III	19	19	3	LOD_CSF
ERR1672929	2013	EOD	Blood	Ia	23	23	4	EOD_Blood
ERR1672930	2015	EOD	Blood	III	335	19	3	EOD_Blood
ERR1672931	2015	EOD	Blood	III	17	17	6	EOD_Blood
ERR1672932	2015	EOD	Blood	III	17	17	6	EOD_Blood
ERR1672933	2015	EOD	Blood	III	17	17	6	EOD_Blood
ERR1672934	2015	LOD	CSF	III	17	17	6	LOD_CSF
ERR1672935	2015	EOD	Blood	Ia	23	23	4	EOD_Blood
ERR1672936	2015	EOD	Blood	Ib	1	1	2	EOD_Blood
ERR1672767	2011	EOD	Blood	Ia	23	23	4	EOD_Blood
ERR1672750	2010	EOD	Blood	IV	196	1	2	EOD_Blood
ERR1672768	2011	EOD	CSF	III	17	17	6	EOD_CSF
ERR1672769	2011	EOD	Blood	Ia	23	23	4	EOD_Blood
ERR1672770	2011	EOD	CSF	III	17	17	6	EOD_CSF
ERR1672771	2011	EOD	Blood	Ia	24	23	4	EOD_Blood
ERR1672772	2011	EOD	Blood	III	529	19	3	EOD_Blood
ERR1672773	2011	LOD	CSF	III	335	19	3	LOD_CSF
ERR1672774	2011	LOD	Blood	Ia	23	23	4	LOD_Blood
ERR1672775	2011	LOD	Blood	Ia	498	23	4	LOD_Blood
ERR1672751	2010	EOD	Blood	III	17	17	6	EOD_Blood
ERR1672779	2011	LOD	Blood	V	19	19	3	LOD_Blood
ERR1672780	2011	LOD	Blood	Ia	4	1	2	LOD_Blood
ERR1672781	2011	EOD	Blood	Ia	1601	23	4	EOD_Blood
ERR1672783	2011	LOD	Blood	Ia	4	1	2	LOD_Blood
ERR1672784	2011	EOD	Blood	Ia	144	23	4	EOD_Blood
ERR1672785	2011	EOD	Blood	Ia	23	23	4	EOD_Blood
ERR1672786	2011	EOD	Blood	III	19	19	3	EOD_Blood
ERR1672752	2010	EOD	Blood	Ia	23	23	4	EOD_Blood
ERR1672788	2011	LOD	Blood	Ia	4	1	2	LOD_Blood
ERR1672789	2011	LOD	CSF	Ia	24	23	4	LOD_CSF
ERR1672790	2011	EOD	Blood	III	17	17	6	EOD_Blood
ERR1672791	2011	EOD	CSF	III	17	17	6	EOD_CSF
ERR1672792	2011	LOD	Blood	Ia	23	23	4	LOD_Blood
ERR1672793	2011	LOD	CSF	III	17	17	6	LOD_CSF
ERR1672794	2011	EOD	Blood	III	17	17	6	EOD_Blood
ERR1672795	2011	EOD	Blood	V	110	19	3	EOD_Blood
ERR1672796	2011	EOD	Blood	III	17	17	6	EOD_Blood
ERR1672797	2011	EOD	Blood	III	17	17	6	EOD_Blood
ERR1672753	2010	EOD	Blood	III	17	17	6	EOD_Blood
ERR1672798	2011	LOD	CSF	Ia	23	23	4	LOD_CSF
ERR1672799	2011	EOD	Blood	V	1	1	2	EOD_Blood
ERR1672800	2011	LOD	Blood	III	17	17	6	LOD_Blood
ERR1672801	2011	EOD	Blood	III	1498	17	6	EOD_Blood
ERR1672802	2011	LOD	CSF	III	17	17	6	LOD_CSF
ERR1672803	2011	LOD	Blood	Ia	23	23	4	LOD_Blood
ERR1672804	2011	EOD	Blood	Ia	23	23	4	EOD_Blood
ERR1672805	2011	LOD	CSF	III	17	17	6	LOD_CSF
ERR1672806	2011	EOD	Blood	III	19	19	3	EOD_Blood
ERR1672807	2011	EOD	Blood	III	17	17	6	EOD_Blood
ERR1672808	2011	LOD	Blood	III	17	17	6	LOD_Blood
ERR1672809	2011	LOD	Blood	Ia	24	23	4	LOD_Blood
ERR1672810	2011	LOD	CSF	Ia	23	23	4	LOD_CSF
ERR1672811	2011	EOD	Blood	Ia	144	23	4	EOD_Blood
ERR1672812	2011	LOD	CSF	Ia	24	23	4	LOD_CSF
ERR1672813	2011	EOD	CSF	III	17	17	6	EOD_CSF
ERR1672814	2011	LOD	CSF	Ia	23	23	4	LOD_CSF
ERR1672815	2011	LOD	Blood	III	529	19	3	LOD_Blood
ERR1672816	2011	LOD	Blood	III	529	19	3	LOD_Blood
ERR1672817	2011	LOD	Blood	III	17	17	6	LOD_Blood
ERR1672755	2010	EOD	Blood	III	19	19	3	EOD_Blood
ERR1672818	2011	EOD	Blood	V	10	10	1	EOD_Blood
ERR1672819	2011	EOD	Blood	V	19	19	3	EOD_Blood
ERR1672820	2011	EOD	Blood	Ia	23	23	4	EOD_Blood
ERR1672821	2011	LOD	Blood	III	17	17	6	LOD_Blood
ERR1672823	2011	EOD	Blood	III	17	17	6	EOD_Blood
ERR1672824	2011	LOD	Blood	III	17	17	6	LOD_Blood
ERR1672825	2011	EOD	CSF	Ia	24	23	4	EOD_CSF
ERR1672826	2011	EOD	Blood	Ia	23	23	4	EOD_Blood
ERR1672827	2011	LOD	Blood	IV	196	1	2	LOD_Blood
ERR1672756	2010	EOD	Blood	III	17	17	6	EOD_Blood
ERR1672828	2011	EOD	Blood	VI	153	1	2	EOD_Blood
ERR1672829	2011	EOD	Blood	III	1498	17	6	EOD_Blood
ERR1672830	2012	EOD	Blood	Ia	498	23	4	EOD_Blood
ERR1672832	2012	LOD	Blood	III	17	17	6	LOD_Blood
ERR1672833	2012	LOD	Blood	III	19	19	3	LOD_Blood
ERR1672834	2012	EOD	Blood	III	17	17	6	EOD_Blood
ERR1672835	2012	LOD	Blood	III	147	17	6	LOD_Blood
ERR1672836	2012	EOD	Blood	Ia	144	23	4	EOD_Blood
ERR1672837	2016	LOD	Blood	IX	130	130	5	LOD_Blood
ERR1672757	2010	EOD	Blood	IV	196	1	2	EOD_Blood
ERR1672838	2016	EOD	Blood	III	1578	17	6	EOD_Blood
ERR1672839	2016	EOD	Blood	V	110	19	3	EOD_Blood
ERR1672840	2016	EOD	Blood	III	17	17	6	EOD_Blood
ERR1672841	2016	EOD	Blood	Ia	23	23	4	EOD_Blood
ERR1672842	2012	EOD	Blood	Ia	23	23	4	EOD_Blood
ERR1672843	2012	EOD	Blood	II	28	19	3	EOD_Blood
ERR1672844	2012	LOD	CSF	III	17	17	6	LOD_CSF
ERR1672845	2012	EOD	Blood	III	19	19	3	EOD_Blood
ERR1672846	2012	LOD	CSF	III	1597	17	6	LOD_CSF
ERR1672847	2012	LOD	Blood	III	1498	17	6	LOD_Blood
