sample_name	biosample	amikacin_call
ERR2759449	SAMEA104138836	S
ERR2759450	SAMEA104138837	S
ERR2759451	SAMEA104138838	S
ERR2759452	SAMEA104138839	S
ERR2759453	SAMEA104138840	S
ERR2759454	SAMEA104138841	S
ERR2759455	SAMEA104138842	R
ERR2759456	SAMEA104138843	S
ERR2759457	SAMEA104138844	S
ERR2759458	SAMEA104138845	S
ERR2759459	SAMEA104138846	S
ERR2759460	SAMEA104138847	S
ERR2759461	SAMEA104138848	S
ERR2759462	SAMEA104138849	S
ERR2759464	SAMEA104138851	S
ERR2759465	SAMEA104138852	S
ERR2759467	SAMEA104138854	S
ERR2759530	SAMEA104138917	S
ERR119101	SAMEA1317691	R
ERR119095	SAMEA1317692	S
ERR119090	SAMEA1317693	S
ERR119107	SAMEA1317694	S
ERR119099	SAMEA1317696	R
ERR119088	SAMEA1317697	R
ERR119084	SAMEA1317698	R
ERR119096	SAMEA1317699	R
ERR119098	SAMEA1317700	R
ERR119087	SAMEA1317701	R
ERR119092	SAMEA1317702	S
ERR119100	SAMEA1317703	R
ERR119089	SAMEA1317704	R
ERR119106	SAMEA1317705	R
ERR119082	SAMEA1317706	R
ERR119094	SAMEA1317707	S
ERR119108	SAMEA1317708	S
ERR119104	SAMEA1317709	R
ERR119105	SAMEA1317710	R
ERR119091	SAMEA1317711	S
ERR119086	SAMEA1317712	R
ERR119093	SAMEA1317713	S
ERR119085	SAMEA1317714	R
ERR119083	SAMEA1317715	R
ERR119097	SAMEA1317717	S
ERR115018	SAMEA1464830	R
ERR115037	SAMEA1464831	R
ERR115064	SAMEA1464832	R
ERR115044	SAMEA1464833	R
ERR115026	SAMEA1464834	S
ERR115008	SAMEA1464835	S
ERR115086	SAMEA1464836	S
ERR115101	SAMEA1464837	R
ERR114979	SAMEA1464838	S
ERR115106	SAMEA1464839	S
ERR114990	SAMEA1464840	S
ERR114968	SAMEA1464841	S
ERR115038	SAMEA1464842	R
ERR115063	SAMEA1464843	S
ERR115082	SAMEA1464844	R
ERR115027	SAMEA1464845	S
ERR114998	SAMEA1464846	S
ERR115054	SAMEA1464847	S
ERR114977	SAMEA1464849	S
ERR114967	SAMEA1464850	S
ERR115087	SAMEA1464851	R
ERR115065	SAMEA1464852	S
ERR115036	SAMEA1464853	R
ERR115107	SAMEA1464854	R
ERR115045	SAMEA1464855	R
ERR114997	SAMEA1464856	S
ERR115007	SAMEA1464857	S
ERR115102	SAMEA1464858	S
ERR115073	SAMEA1464859	R
ERR115088	SAMEA1464860	R
ERR115055	SAMEA1464861	R
ERR115093	SAMEA1464862	S
ERR114978	SAMEA1464863	S
ERR115028	SAMEA1464864	S
ERR115081	SAMEA1464865	S
ERR114991	SAMEA1464866	S
ERR114992	SAMEA1464867	S
ERR115024	SAMEA1464868	R
ERR115001	SAMEA1464869	S
ERR115108	SAMEA1464870	R
ERR114981	SAMEA1464871	S
ERR115061	SAMEA1464872	S
ERR115066	SAMEA1464873	R
ERR115099	SAMEA1464874	S
ERR115006	SAMEA1464875	R
ERR115046	SAMEA1464876	S
ERR115089	SAMEA1464877	R
ERR115080	SAMEA1464879	R
ERR115098	SAMEA1464880	S
ERR114970	SAMEA1464881	S
ERR115040	SAMEA1464882	S
ERR115100	SAMEA1464883	R
ERR115000	SAMEA1464884	S
ERR115079	SAMEA1464885	S
ERR115062	SAMEA1464886	S
ERR115004	SAMEA1464887	S
ERR114969	SAMEA1464889	R
ERR115039	SAMEA1464890	S
ERR115053	SAMEA1464892	S
ERR115005	SAMEA1464893	S
ERR114980	SAMEA1464894	S
ERR115090	SAMEA1464895	R
ERR115067	SAMEA1464896	R
ERR115019	SAMEA1464897	R
ERR115047	SAMEA1464898	S
ERR115052	SAMEA1464899	S
ERR115078	SAMEA1464900	R
ERR114974	SAMEA1464901	R
ERR115031	SAMEA1464902	S
ERR115105	SAMEA1464903	R
ERR115096	SAMEA1464904	R
ERR114994	SAMEA1464905	R
ERR115003	SAMEA1464906	R
ERR114985	SAMEA1464907	R
ERR115042	SAMEA1464908	R
ERR115068	SAMEA1464909	R
ERR115033	SAMEA1464910	S
ERR114993	SAMEA1464911	R
ERR115058	SAMEA1464912	R
ERR115092	SAMEA1464913	R
ERR115060	SAMEA1464914	R
ERR115012	SAMEA1464915	R
ERR115013	SAMEA1464916	R
ERR115097	SAMEA1464917	R
ERR115022	SAMEA1464918	R
ERR115032	SAMEA1464919	S
ERR115077	SAMEA1464920	S
ERR114973	SAMEA1464921	S
ERR115104	SAMEA1464922	S
ERR114982	SAMEA1464923	S
ERR114986	SAMEA1464924	S
ERR114972	SAMEA1464925	S
ERR115103	SAMEA1464926	S
ERR114971	SAMEA1464927	S
ERR115083	SAMEA1464928	R
ERR115069	SAMEA1464929	R
ERR115023	SAMEA1464930	R
ERR115059	SAMEA1464931	R
ERR115076	SAMEA1464932	R
ERR115091	SAMEA1464933	S
ERR115041	SAMEA1464934	S
ERR115021	SAMEA1464935	R
ERR115051	SAMEA1464936	R
ERR115071	SAMEA1464937	R
ERR114987	SAMEA1464938	R
ERR114996	SAMEA1464939	S
ERR115011	SAMEA1464940	R
ERR115014	SAMEA1464941	S
ERR115035	SAMEA1464942	S
ERR115029	SAMEA1464943	S
ERR114976	SAMEA1464944	S
ERR115056	SAMEA1464945	R
ERR115084	SAMEA1464946	S
ERR115094	SAMEA1464947	R
ERR114983	SAMEA1464948	R
ERR115002	SAMEA1464949	S
ERR115075	SAMEA1464950	R
ERR114966	SAMEA1464951	S
ERR115070	SAMEA1464952	S
ERR115010	SAMEA1464953	R
ERR115050	SAMEA1464954	R
ERR114988	SAMEA1464955	S
ERR114995	SAMEA1464956	S
ERR115034	SAMEA1464957	S
ERR115085	SAMEA1464958	S
ERR115048	SAMEA1464959	R
ERR115043	SAMEA1464960	S
ERR115015	SAMEA1464962	S
ERR115072	SAMEA1464963	R
ERR115049	SAMEA1464964	S
ERR115074	SAMEA1464965	S
ERR115095	SAMEA1464966	S
ERR115057	SAMEA1464967	S
ERR115016	SAMEA1464968	S
ERR114984	SAMEA1464969	S
ERR114989	SAMEA1464970	S
ERR114975	SAMEA1464971	R
ERR115009	SAMEA1464972	S
ERR114965	SAMEA1464973	S
ERR340574	SAMEA1963837	S
ERR349290	SAMEA1963842	S
ERR363470	SAMEA1964284	S
ERR330912	SAMEA1964382	S
ERR343193	SAMEA1964383	S
ERR363377	SAMEA1964489	S
ERR330814	SAMEA1964620	S
ERR330896	SAMEA1965051	S
ERR330769	SAMEA1965061	S
ERR363302	SAMEA1965955	S
ERR363240	SAMEA1966176	S
ERR363375	SAMEA1966274	S
ERR337848	SAMEA1966485	S
ERR363504	SAMEA1966577	S
ERR337803	SAMEA1967286	S
ERR330911	SAMEA1967325	S
ERR337832	SAMEA1967392	S
ERR363416	SAMEA1967818	S
ERR363472	SAMEA1968765	S
ERR369168	SAMEA1968959	R
ERR330864	SAMEA1969055	S
ERR343224	SAMEA1969436	R
ERR337865	SAMEA1969449	S
ERR340553	SAMEA1969770	S
ERR330876	SAMEA1970107	S
ERR340538	SAMEA1970161	S
ERR330863	SAMEA1970807	S
ERR363383	SAMEA1971044	S
ERR330884	SAMEA1971196	S
ERR369165	SAMEA1971262	S
ERR369149	SAMEA1971359	S
ERR343182	SAMEA1971773	S
ERR363462	SAMEA1972218	S
ERR349293	SAMEA1973117	S
ERR373963	SAMEA1973430	S
ERR337819	SAMEA1973540	S
ERR330777	SAMEA1973559	S
ERR374022	SAMEA1973616	S
ERR363250	SAMEA1973643	S
ERR330866	SAMEA2068664	S
ERR330869	SAMEA2068665	S
ERR330872	SAMEA2068666	S
ERR330875	SAMEA2068667	S
ERR330878	SAMEA2068668	S
ERR330881	SAMEA2068669	S
ERR330887	SAMEA2068670	S
ERR330890	SAMEA2068671	S
ERR330893	SAMEA2068672	S
ERR330899	SAMEA2068673	S
ERR330902	SAMEA2068674	S
ERR330905	SAMEA2068675	S
ERR330908	SAMEA2068676	S
ERR330914	SAMEA2068677	S
ERR330917	SAMEA2068678	S
ERR330920	SAMEA2068679	S
ERR337825	SAMEA2068681	S
ERR337828	SAMEA2068682	S
ERR337831	SAMEA2068683	S
ERR340568	SAMEA2068740	R
ERR340571	SAMEA2068741	S
ERR337834	SAMEA2068793	S
ERR337837	SAMEA2068794	S
ERR337840	SAMEA2068795	S
ERR337843	SAMEA2068796	S
ERR337846	SAMEA2068797	S
ERR337849	SAMEA2068798	S
ERR337852	SAMEA2068799	S
ERR337855	SAMEA2068800	S
ERR337858	SAMEA2068801	S
ERR337861	SAMEA2068802	S
ERR337864	SAMEA2068803	S
ERR337867	SAMEA2068804	S
ERR337870	SAMEA2068805	S
ERR337873	SAMEA2068806	S
ERR337876	SAMEA2068807	S
ERR337879	SAMEA2068808	S
ERR337882	SAMEA2068809	S
ERR337885	SAMEA2068810	S
ERR337888	SAMEA2068811	S
ERR337891	SAMEA2068812	S
ERR337894	SAMEA2068813	S
ERR337897	SAMEA2068814	S
ERR337900	SAMEA2068815	S
ERR343176	SAMEA2068816	S
ERR343179	SAMEA2068817	S
ERR343185	SAMEA2068953	S
ERR343191	SAMEA2068955	S
ERR343194	SAMEA2068956	S
ERR343197	SAMEA2068957	S
ERR343200	SAMEA2068958	S
ERR343206	SAMEA2068960	S
ERR343209	SAMEA2068961	S
ERR343212	SAMEA2068962	S
ERR343215	SAMEA2068963	S
ERR343217	SAMEA2068964	S
ERR374083	SAMEA2068965	S
ERR343221	SAMEA2068966	S
ERR374089	SAMEA2068967	S
ERR351973	SAMEA2068968	S
ERR343228	SAMEA2068969	S
ERR343230	SAMEA2068970	S
ERR343231	SAMEA2068971	S
ERR343234	SAMEA2068972	S
ERR351977	SAMEA2068973	S
ERR343239	SAMEA2068974	S
ERR343242	SAMEA2068975	S
ERR374116	SAMEA2068976	S
ERR343246	SAMEA2069132	S
ERR374122	SAMEA2069133	S
ERR374125	SAMEA2069134	S
ERR340498	SAMEA2069135	S
ERR340501	SAMEA2069136	S
ERR374137	SAMEA2069138	S
ERR340510	SAMEA2069139	S
ERR340513	SAMEA2069140	S
ERR340516	SAMEA2069141	S
ERR340519	SAMEA2069142	S
ERR340522	SAMEA2069143	S
ERR374155	SAMEA2069144	S
ERR374158	SAMEA2069145	S
ERR340531	SAMEA2069146	S
ERR374164	SAMEA2069147	S
ERR340537	SAMEA2069148	S
ERR374170	SAMEA2069149	S
ERR374173	SAMEA2069150	S
ERR340546	SAMEA2069151	S
ERR340549	SAMEA2069152	S
ERR340552	SAMEA2069153	S
ERR340555	SAMEA2069154	S
ERR340558	SAMEA2069155	S
ERR340561	SAMEA2069156	S
ERR374194	SAMEA2069315	S
ERR374197	SAMEA2069316	S
ERR340569	SAMEA2069317	R
ERR340572	SAMEA2069318	S
ERR330752	SAMEA2070152	S
ERR363241	SAMEA2070153	S
ERR363244	SAMEA2070154	S
ERR363247	SAMEA2070155	S
ERR330767	SAMEA2070156	S
ERR330770	SAMEA2070157	S
ERR363259	SAMEA2070158	S
ERR363262	SAMEA2070159	S
ERR330779	SAMEA2070160	S
ERR363268	SAMEA2070161	S
ERR363271	SAMEA2070162	S
ERR330788	SAMEA2070163	S
ERR330791	SAMEA2070164	S
ERR363280	SAMEA2070165	S
ERR363283	SAMEA2070166	S
ERR363286	SAMEA2070167	S
ERR330803	SAMEA2070285	S
ERR363292	SAMEA2070286	S
ERR330809	SAMEA2070287	S
ERR363298	SAMEA2070288	S
ERR363301	SAMEA2070289	S
ERR363304	SAMEA2070290	S
ERR330821	SAMEA2070291	S
ERR363310	SAMEA2070292	S
ERR363313	SAMEA2070293	S
ERR337735	SAMEA2070297	S
ERR363331	SAMEA2070298	R
ERR363334	SAMEA2070299	S
ERR363337	SAMEA2070300	S
ERR337750	SAMEA2070301	S
ERR337753	SAMEA2070302	S
ERR337756	SAMEA2070303	S
ERR363349	SAMEA2070304	S
ERR363355	SAMEA2070306	S
ERR363358	SAMEA2070307	R
ERR363361	SAMEA2070308	S
ERR363364	SAMEA2070411	S
ERR363367	SAMEA2070412	S
ERR363376	SAMEA2070415	S
ERR363379	SAMEA2070416	S
ERR363382	SAMEA2070417	S
ERR363385	SAMEA2070418	S
ERR363388	SAMEA2070419	S
ERR337801	SAMEA2070420	S
ERR363394	SAMEA2070421	S
ERR337807	SAMEA2070422	S
ERR363400	SAMEA2070423	S
ERR363403	SAMEA2070424	S
ERR363406	SAMEA2070425	S
ERR330838	SAMEA2070426	S
ERR330841	SAMEA2070427	S
ERR330844	SAMEA2070428	S
ERR330847	SAMEA2070429	S
ERR330850	SAMEA2070430	S
ERR330853	SAMEA2070431	S
ERR330856	SAMEA2070432	S
ERR330859	SAMEA2070433	S
ERR330862	SAMEA2070434	S
ERR330865	SAMEA2070435	S
ERR330868	SAMEA2070533	S
ERR330871	SAMEA2070534	S
ERR330874	SAMEA2070535	S
ERR330877	SAMEA2070536	S
ERR330880	SAMEA2070537	S
ERR330883	SAMEA2070538	S
ERR330886	SAMEA2070539	S
ERR330889	SAMEA2070540	S
ERR330892	SAMEA2070541	R
ERR330895	SAMEA2070542	S
ERR330898	SAMEA2070543	S
ERR330901	SAMEA2070544	S
ERR330904	SAMEA2070545	R
ERR330907	SAMEA2070546	S
ERR330910	SAMEA2070547	S
ERR330913	SAMEA2070548	S
ERR330916	SAMEA2070549	S
ERR330919	SAMEA2070550	S
ERR337818	SAMEA2070551	S
ERR337821	SAMEA2070552	S
ERR337824	SAMEA2070553	S
ERR337830	SAMEA2070555	S
ERR337833	SAMEA2070556	S
ERR337836	SAMEA2070557	S
ERR330753	SAMEA2070587	S
ERR330756	SAMEA2070588	S
ERR363245	SAMEA2070589	S
ERR363248	SAMEA2070590	S
ERR363251	SAMEA2070591	S
ERR330768	SAMEA2070592	S
ERR363257	SAMEA2070593	S
ERR363260	SAMEA2070594	S
ERR363266	SAMEA2070595	S
ERR363269	SAMEA2070596	S
ERR330786	SAMEA2070597	S
ERR363275	SAMEA2070598	S
ERR363278	SAMEA2070599	S
ERR363281	SAMEA2070600	S
ERR337839	SAMEA2070653	S
ERR337842	SAMEA2070654	S
ERR337845	SAMEA2070655	S
ERR337851	SAMEA2070656	S
ERR337854	SAMEA2070657	S
ERR337857	SAMEA2070658	S
ERR337860	SAMEA2070659	S
ERR337863	SAMEA2070660	S
ERR337866	SAMEA2070661	S
ERR337869	SAMEA2070662	S
ERR337872	SAMEA2070663	S
ERR337875	SAMEA2070664	S
ERR337878	SAMEA2070665	S
ERR337881	SAMEA2070666	S
ERR337884	SAMEA2070667	S
ERR337887	SAMEA2070668	S
ERR337890	SAMEA2070669	S
ERR337893	SAMEA2070670	S
ERR337896	SAMEA2070671	S
ERR337899	SAMEA2070672	S
ERR343175	SAMEA2070673	S
ERR343178	SAMEA2070674	S
ERR343181	SAMEA2070675	S
ERR343184	SAMEA2070676	S
ERR330798	SAMEA2070695	S
ERR363287	SAMEA2070696	S
ERR363290	SAMEA2070697	S
ERR363293	SAMEA2070698	S
ERR330810	SAMEA2070699	S
ERR330813	SAMEA2070700	S
ERR330819	SAMEA2070701	S
ERR330822	SAMEA2070702	R
ERR363311	SAMEA2070703	S
ERR363314	SAMEA2070704	S
ERR363320	SAMEA2070706	S
ERR363323	SAMEA2070707	S
ERR363329	SAMEA2070709	S
ERR363332	SAMEA2070710	S
ERR337748	SAMEA2070712	S
ERR337751	SAMEA2070713	S
ERR363344	SAMEA2070714	S
ERR363350	SAMEA2070716	S
ERR363353	SAMEA2070717	S
ERR363356	SAMEA2070718	S
ERR343187	SAMEA2070770	S
ERR343190	SAMEA2070771	S
ERR343199	SAMEA2070773	S
ERR343202	SAMEA2070774	S
ERR343205	SAMEA2070775	S
ERR374070	SAMEA2070776	S
ERR343211	SAMEA2070777	S
ERR343214	SAMEA2070778	R
ERR351969	SAMEA2070779	S
ERR351970	SAMEA2070780	S
ERR343220	SAMEA2070781	S
ERR343223	SAMEA2070782	S
ERR343227	SAMEA2070784	S
ERR351974	SAMEA2070785	S
ERR374100	SAMEA2070786	S
ERR343233	SAMEA2070787	S
ERR343236	SAMEA2070788	S
ERR343238	SAMEA2070789	S
ERR343241	SAMEA2070790	S
ERR351978	SAMEA2070791	S
ERR343245	SAMEA2070792	S
ERR343248	SAMEA2070793	S
ERR363359	SAMEA2070817	S
ERR363362	SAMEA2070818	S
ERR363365	SAMEA2070819	S
ERR363368	SAMEA2070820	S
ERR363371	SAMEA2070821	S
ERR363374	SAMEA2070822	S
ERR363380	SAMEA2070823	S
ERR363386	SAMEA2070824	S
ERR363389	SAMEA2070825	S
ERR363392	SAMEA2070826	S
ERR363398	SAMEA2070828	S
ERR337811	SAMEA2070829	S
ERR337814	SAMEA2070830	S
ERR330836	SAMEA2070831	S
ERR330839	SAMEA2070832	S
ERR330842	SAMEA2070833	S
ERR330845	SAMEA2070834	S
ERR330848	SAMEA2070835	S
ERR330851	SAMEA2070836	S
ERR330854	SAMEA2070837	S
ERR330857	SAMEA2070838	S
ERR330860	SAMEA2070839	S
ERR374124	SAMEA2070890	S
ERR340497	SAMEA2070891	S
ERR340500	SAMEA2070892	S
ERR340503	SAMEA2070893	S
ERR340506	SAMEA2070894	S
ERR374139	SAMEA2070895	S
ERR340512	SAMEA2070896	S
ERR340515	SAMEA2070897	S
ERR340518	SAMEA2070898	S
ERR340521	SAMEA2070899	S
ERR374154	SAMEA2070900	S
ERR374157	SAMEA2070901	S
ERR340530	SAMEA2070902	S
ERR374163	SAMEA2070903	S
ERR340536	SAMEA2070904	S
ERR340539	SAMEA2070905	S
ERR340542	SAMEA2070906	R
ERR340545	SAMEA2070907	S
ERR374178	SAMEA2070908	S
ERR374181	SAMEA2070909	S
ERR340554	SAMEA2070910	S
ERR374187	SAMEA2070911	S
ERR340560	SAMEA2070912	S
ERR374196	SAMEA2070914	S
ERR363237	SAMEA2071132	S
ERR363243	SAMEA2071133	S
ERR363246	SAMEA2071134	S
ERR363249	SAMEA2071135	S
ERR363252	SAMEA2071136	S
ERR363258	SAMEA2071181	S
ERR363261	SAMEA2071182	S
ERR363264	SAMEA2071183	S
ERR363267	SAMEA2071184	S
ERR363270	SAMEA2071185	S
ERR363273	SAMEA2071186	S
ERR363276	SAMEA2071187	S
ERR363279	SAMEA2071188	S
ERR363282	SAMEA2071189	S
ERR330799	SAMEA2071190	S
ERR363288	SAMEA2071191	S
ERR330805	SAMEA2071192	S
ERR330808	SAMEA2071193	S
ERR330811	SAMEA2071194	S
ERR330817	SAMEA2071195	S
ERR363306	SAMEA2071196	S
ERR363309	SAMEA2071197	R
ERR363312	SAMEA2071198	S
ERR330829	SAMEA2071199	S
ERR363321	SAMEA2071201	S
ERR337734	SAMEA2071202	S
ERR363330	SAMEA2071230	S
ERR363333	SAMEA2071231	S
ERR337746	SAMEA2071232	S
ERR337749	SAMEA2071233	S
ERR337752	SAMEA2071234	S
ERR363345	SAMEA2071235	S
ERR363348	SAMEA2071236	S
ERR363351	SAMEA2071237	S
ERR363357	SAMEA2071239	R
ERR363360	SAMEA2071240	S
ERR363363	SAMEA2071241	S
ERR363366	SAMEA2071242	S
ERR363372	SAMEA2071244	S
ERR363378	SAMEA2071245	S
ERR363381	SAMEA2071246	S
ERR363384	SAMEA2071247	S
ERR363387	SAMEA2071248	S
ERR363390	SAMEA2071249	S
ERR363396	SAMEA2071250	S
ERR363399	SAMEA2071251	R
ERR363402	SAMEA2071252	S
ERR363405	SAMEA2071281	S
ERR330837	SAMEA2071282	S
ERR330840	SAMEA2071283	S
ERR330843	SAMEA2071284	S
ERR330846	SAMEA2071285	S
ERR330849	SAMEA2071286	S
ERR330852	SAMEA2071287	S
ERR330855	SAMEA2071288	R
ERR330858	SAMEA2071289	S
ERR330861	SAMEA2071290	S
ERR330867	SAMEA2071291	S
ERR330870	SAMEA2071292	S
ERR330873	SAMEA2071293	S
ERR330879	SAMEA2071294	S
ERR330882	SAMEA2071295	S
ERR330885	SAMEA2071296	S
ERR330888	SAMEA2071297	S
ERR369226	SAMEA2071298	S
ERR330894	SAMEA2071299	S
ERR330897	SAMEA2071300	S
ERR330900	SAMEA2071301	S
ERR330903	SAMEA2071302	S
ERR330906	SAMEA2071303	S
ERR330909	SAMEA2071353	S
ERR330915	SAMEA2071354	S
ERR330918	SAMEA2071355	S
ERR337817	SAMEA2071356	S
ERR337820	SAMEA2071357	S
ERR337823	SAMEA2071358	S
ERR337826	SAMEA2071359	S
ERR337829	SAMEA2071360	S
ERR337835	SAMEA2071361	S
ERR337838	SAMEA2071362	S
ERR337841	SAMEA2071363	S
ERR337844	SAMEA2071364	S
ERR337847	SAMEA2071365	S
ERR337850	SAMEA2071366	S
ERR337853	SAMEA2071367	S
ERR337856	SAMEA2071368	S
ERR337859	SAMEA2071369	S
ERR337862	SAMEA2071370	S
ERR337868	SAMEA2071371	S
ERR369310	SAMEA2071372	S
ERR337874	SAMEA2071373	S
ERR337877	SAMEA2071374	S
ERR337880	SAMEA2071437	S
ERR337883	SAMEA2071438	S
ERR337886	SAMEA2071439	S
ERR337889	SAMEA2071440	S
ERR337892	SAMEA2071441	S
ERR337895	SAMEA2071442	S
ERR337898	SAMEA2071443	S
ERR337901	SAMEA2071444	S
ERR343177	SAMEA2071445	S
ERR343180	SAMEA2071446	S
ERR343183	SAMEA2071447	S
ERR343186	SAMEA2071448	S
ERR343189	SAMEA2071449	S
ERR343192	SAMEA2071450	S
ERR343195	SAMEA2071451	S
ERR343198	SAMEA2071452	R
ERR343201	SAMEA2071453	S
ERR343204	SAMEA2071454	S
ERR343207	SAMEA2071455	S
ERR343210	SAMEA2071456	S
ERR343213	SAMEA2071457	S
ERR343216	SAMEA2071458	S
ERR343218	SAMEA2071459	S
ERR343219	SAMEA2071460	S
ERR343222	SAMEA2071461	S
ERR343226	SAMEA2071538	S
ERR343229	SAMEA2071539	S
ERR374099	SAMEA2071540	R
ERR343232	SAMEA2071541	S
ERR343235	SAMEA2071542	S
ERR343240	SAMEA2071544	S
ERR343243	SAMEA2071545	S
ERR343244	SAMEA2071546	S
ERR343247	SAMEA2071547	S
ERR374123	SAMEA2071548	S
ERR374126	SAMEA2071549	S
ERR340499	SAMEA2071550	S
ERR340502	SAMEA2071551	S
ERR340505	SAMEA2071552	S
ERR340508	SAMEA2071553	S
ERR340511	SAMEA2071554	S
ERR340514	SAMEA2071555	S
ERR374147	SAMEA2071556	S
ERR340520	SAMEA2071557	S
ERR374153	SAMEA2071558	S
ERR374156	SAMEA2071559	S
ERR340529	SAMEA2071560	S
ERR374162	SAMEA2071561	S
ERR340535	SAMEA2071615	S
ERR374171	SAMEA2071616	S
ERR340544	SAMEA2071617	S
ERR340547	SAMEA2071618	R
ERR340550	SAMEA2071619	S
ERR340556	SAMEA2071620	S
ERR340559	SAMEA2071621	S
ERR340562	SAMEA2071622	S
ERR374195	SAMEA2071623	S
ERR340567	SAMEA2071624	R
ERR340570	SAMEA2071625	S
ERR374204	SAMEA2071626	S
ERR349280	SAMEA2142402	S
ERR349273	SAMEA2142489	R
ERR363486	SAMEA2142610	S
ERR373959	SAMEA2142635	S
ERR374017	SAMEA2142639	S
ERR363461	SAMEA2142656	S
ERR373951	SAMEA2142728	S
ERR349278	SAMEA2142729	S
ERR363478	SAMEA2142752	S
ERR373952	SAMEA2143474	S
ERR349271	SAMEA2143481	S
ERR349295	SAMEA2143533	S
ERR349284	SAMEA2143576	S
ERR373942	SAMEA2143632	S
ERR373956	SAMEA2143970	S
ERR374018	SAMEA2144043	S
ERR373992	SAMEA2144096	S
ERR349270	SAMEA2144260	S
ERR363477	SAMEA2144384	S
ERR373983	SAMEA2144583	S
ERR369164	SAMEA2144703	R
ERR374032	SAMEA2144712	S
ERR349286	SAMEA2144732	S
ERR373974	SAMEA2144787	S
ERR373994	SAMEA2144805	S
ERR374029	SAMEA2144932	S
ERR369150	SAMEA2145025	S
ERR373977	SAMEA2145082	S
ERR374002	SAMEA2145083	S
ERR374014	SAMEA2145116	S
ERR374025	SAMEA2145150	S
ERR373981	SAMEA2145164	S
ERR373993	SAMEA2145213	S
ERR373985	SAMEA2145943	S
ERR373984	SAMEA2146169	S
ERR369145	SAMEA2146173	S
ERR374027	SAMEA2146670	S
ERR373950	SAMEA2146751	S
ERR363468	SAMEA2146898	S
ERR349263	SAMEA2146915	S
ERR373973	SAMEA2147154	S
ERR369136	SAMEA2147405	S
ERR369153	SAMEA2147654	S
ERR373976	SAMEA2147770	S
ERR363492	SAMEA2147818	S
ERR373955	SAMEA2148059	S
ERR349282	SAMEA2148192	R
ERR373967	SAMEA2148323	S
ERR363480	SAMEA2148581	S
ERR349274	SAMEA2148616	S
ERR374030	SAMEA2148667	S
ERR369143	SAMEA2148691	S
ERR363494	SAMEA2148863	S
ERR373989	SAMEA2148965	S
ERR363511	SAMEA2149005	S
ERR374009	SAMEA2149033	S
ERR363484	SAMEA2149268	S
ERR373975	SAMEA2149349	S
ERR369141	SAMEA2149411	S
ERR369137	SAMEA2149450	S
ERR373987	SAMEA2149677	S
ERR374004	SAMEA2149858	S
ERR369140	SAMEA2150063	S
ERR363495	SAMEA2150176	S
ERR373999	SAMEA2150209	S
ERR363510	SAMEA2150262	S
ERR373971	SAMEA2150272	S
ERR374012	SAMEA2150369	S
ERR363471	SAMEA2150414	S
ERR349294	SAMEA2150512	S
ERR369147	SAMEA2150636	S
ERR374026	SAMEA2150651	S
ERR369133	SAMEA2150922	S
ERR374019	SAMEA2150987	S
ERR363507	SAMEA2151080	S
ERR373943	SAMEA2151082	S
ERR373990	SAMEA2151402	S
ERR369169	SAMEA2151750	R
ERR374021	SAMEA2152232	S
ERR374023	SAMEA2152244	S
ERR369139	SAMEA2152504	S
ERR373944	SAMEA2152558	S
ERR363485	SAMEA2152657	S
ERR373988	SAMEA2152730	S
ERR349283	SAMEA2152739	S
ERR374011	SAMEA2153012	S
ERR363497	SAMEA2153017	S
ERR374033	SAMEA2153253	S
ERR373948	SAMEA2153482	S
ERR374010	SAMEA2153559	S
ERR374036	SAMEA2153563	S
ERR369134	SAMEA2153565	S
ERR363475	SAMEA2153606	S
ERR374000	SAMEA2153867	S
ERR349275	SAMEA2153896	S
ERR349287	SAMEA2154060	S
ERR373969	SAMEA2154104	S
ERR363465	SAMEA2154147	S
ERR363493	SAMEA2154241	S
ERR373982	SAMEA2154242	R
ERR369152	SAMEA2154288	R
ERR363512	SAMEA2154544	S
ERR373949	SAMEA2154625	R
ERR349277	SAMEA2154643	S
ERR363476	SAMEA2154749	S
ERR349291	SAMEA2154780	S
ERR374034	SAMEA2154836	S
ERR373997	SAMEA2155017	S
ERR349276	SAMEA2155126	S
ERR373964	SAMEA2155144	R
ERR374015	SAMEA2155314	S
ERR374013	SAMEA2155391	S
ERR374001	SAMEA2155457	S
ERR373979	SAMEA2155514	S
ERR349279	SAMEA2156007	S
ERR373991	SAMEA2156037	S
ERR349292	SAMEA2156247	S
ERR363491	SAMEA2156338	S
ERR373986	SAMEA2156366	S
ERR363482	SAMEA2156457	S
ERR373972	SAMEA2156508	S
ERR374008	SAMEA2156525	S
ERR363467	SAMEA2156536	S
ERR363464	SAMEA2156539	S
ERR349269	SAMEA2156659	S
ERR369146	SAMEA2156724	S
ERR369170	SAMEA2156827	R
ERR369155	SAMEA2156862	S
ERR374016	SAMEA2156992	R
ERR373970	SAMEA2157017	S
ERR349289	SAMEA2157101	S
ERR363496	SAMEA2157297	S
ERR363460	SAMEA2157401	S
ERR369167	SAMEA2157651	S
ERR349267	SAMEA2157718	S
ERR373980	SAMEA2157837	S
ERR373954	SAMEA2158058	S
ERR373961	SAMEA2158095	S
ERR374005	SAMEA2158283	S
ERR374020	SAMEA2158677	S
ERR349272	SAMEA2158812	S
ERR373998	SAMEA2158960	S
ERR374003	SAMEA2159217	S
ERR374024	SAMEA2159391	S
ERR374007	SAMEA2159498	S
ERR363488	SAMEA2159516	S
ERR363487	SAMEA2159674	S
ERR373953	SAMEA2159726	S
ERR374035	SAMEA2159848	S
ERR374028	SAMEA2159875	S
ERR369138	SAMEA2159986	S
ERR373965	SAMEA2160050	S
ERR363508	SAMEA2160080	S
ERR373962	SAMEA2160300	S
ERR373995	SAMEA2160370	S
ERR363481	SAMEA2160528	S
ERR363505	SAMEA2160639	S
ERR374031	SAMEA2160651	S
ERR363463	SAMEA2160658	S
ERR349288	SAMEA2160938	S
ERR363473	SAMEA2160941	S
ERR369154	SAMEA2160962	S
ERR349319	SAMEA2160979	R
ERR363501	SAMEA2161018	S
ERR369135	SAMEA2161322	S
ERR373960	SAMEA2161456	S
ERR363466	SAMEA2161499	S
ERR363489	SAMEA2161603	S
ERR349268	SAMEA2162277	S
ERR373968	SAMEA2162740	S
ERR369148	SAMEA2162857	S
ERR349281	SAMEA2162897	S
ERR363483	SAMEA2162933	S
ERR363503	SAMEA2163108	S
ERR373978	SAMEA2163129	S
ERR369142	SAMEA2163337	S
ERR373996	SAMEA2163350	S
ERR369166	SAMEA2163394	S
ERR369144	SAMEA2163411	S
ERR373966	SAMEA2163444	S
ERR373958	SAMEA2163498	S
ERR374006	SAMEA2163598	S
ERR459758	SAMEA2259546	S
ERR459759	SAMEA2259547	S
ERR459760	SAMEA2259548	S
ERR459761	SAMEA2259549	S
ERR459842	SAMEA2259550	R
ERR459762	SAMEA2259551	R
ERR459763	SAMEA2259552	R
ERR459764	SAMEA2259553	S
ERR459766	SAMEA2259555	S
ERR459767	SAMEA2259556	S
ERR459768	SAMEA2259557	S
ERR459769	SAMEA2259558	S
ERR459770	SAMEA2259559	S
ERR459771	SAMEA2259560	S
ERR459772	SAMEA2259561	S
ERR459773	SAMEA2259562	S
ERR459774	SAMEA2259563	S
ERR459775	SAMEA2259564	S
ERR459776	SAMEA2259565	S
ERR459777	SAMEA2259566	S
ERR459778	SAMEA2259567	S
ERR459779	SAMEA2259568	S
ERR459780	SAMEA2259569	S
ERR459843	SAMEA2259570	S
ERR459781	SAMEA2259571	R
ERR459782	SAMEA2259572	R
ERR459783	SAMEA2259573	R
ERR459784	SAMEA2259574	S
ERR459785	SAMEA2259575	S
ERR459786	SAMEA2259576	S
ERR459787	SAMEA2259577	R
ERR459788	SAMEA2259578	S
ERR459789	SAMEA2259579	S
ERR459790	SAMEA2259580	S
ERR459791	SAMEA2259581	S
ERR459792	SAMEA2259582	S
ERR459793	SAMEA2259583	S
ERR459794	SAMEA2259584	S
ERR459795	SAMEA2259585	S
ERR459796	SAMEA2259586	S
ERR459844	SAMEA2259587	S
ERR459845	SAMEA2259588	S
ERR459846	SAMEA2259589	S
ERR459797	SAMEA2259590	S
ERR459847	SAMEA2259591	S
ERR459798	SAMEA2259592	S
ERR459799	SAMEA2259593	S
ERR459800	SAMEA2259594	S
ERR459801	SAMEA2259595	S
ERR459802	SAMEA2259596	S
ERR459803	SAMEA2259597	S
ERR459804	SAMEA2259598	S
ERR459805	SAMEA2259599	S
ERR459806	SAMEA2259600	S
ERR459807	SAMEA2259601	S
ERR459808	SAMEA2259602	S
ERR459809	SAMEA2259603	S
ERR459810	SAMEA2259604	S
ERR459811	SAMEA2259605	S
ERR459812	SAMEA2259606	S
ERR459813	SAMEA2259607	S
ERR459814	SAMEA2259608	S
ERR459815	SAMEA2259609	S
ERR459816	SAMEA2259610	S
ERR459817	SAMEA2259611	S
ERR459818	SAMEA2259612	S
ERR459819	SAMEA2259613	S
ERR459820	SAMEA2259614	S
ERR459821	SAMEA2259615	S
ERR459822	SAMEA2259616	S
ERR459823	SAMEA2259617	S
ERR459824	SAMEA2259618	S
ERR459825	SAMEA2259619	S
ERR459826	SAMEA2259620	S
ERR459827	SAMEA2259621	S
ERR459828	SAMEA2259622	S
ERR459848	SAMEA2259623	S
ERR459849	SAMEA2259624	S
ERR459850	SAMEA2259625	S
ERR459851	SAMEA2259626	S
ERR459852	SAMEA2259627	S
ERR459829	SAMEA2259628	S
ERR459830	SAMEA2259629	S
ERR459831	SAMEA2259630	S
ERR459832	SAMEA2259631	S
ERR459833	SAMEA2259632	S
ERR459834	SAMEA2259633	S
ERR459835	SAMEA2259634	S
ERR459836	SAMEA2259635	S
ERR459837	SAMEA2259636	S
ERR459838	SAMEA2259637	S
ERR459839	SAMEA2259638	S
ERR459920	SAMEA2259639	S
ERR459921	SAMEA2259640	S
ERR459922	SAMEA2259641	S
ERR459923	SAMEA2259642	S
ERR459924	SAMEA2259643	S
ERR459925	SAMEA2259644	S
ERR459926	SAMEA2259645	S
ERR459853	SAMEA2259646	S
ERR459927	SAMEA2259647	S
ERR459928	SAMEA2259648	S
ERR459929	SAMEA2259649	S
ERR459930	SAMEA2259650	S
ERR459931	SAMEA2259651	S
ERR459932	SAMEA2259652	S
ERR459933	SAMEA2259653	S
ERR459935	SAMEA2259655	S
ERR459936	SAMEA2259656	S
ERR459854	SAMEA2259657	S
ERR459937	SAMEA2259658	S
ERR459938	SAMEA2259659	S
ERR459939	SAMEA2259660	S
ERR459940	SAMEA2259661	S
ERR459941	SAMEA2259662	S
ERR459855	SAMEA2259663	S
ERR459856	SAMEA2259664	S
ERR459942	SAMEA2259665	S
ERR459943	SAMEA2259666	S
ERR459944	SAMEA2259667	S
ERR459945	SAMEA2259668	S
ERR459946	SAMEA2259669	S
ERR459947	SAMEA2259670	S
ERR459948	SAMEA2259671	S
ERR459857	SAMEA2259672	S
ERR459949	SAMEA2259673	S
ERR459950	SAMEA2259674	S
ERR459951	SAMEA2259675	S
ERR459952	SAMEA2259676	S
ERR459953	SAMEA2259677	S
ERR459858	SAMEA2259678	S
ERR459954	SAMEA2259679	S
ERR459955	SAMEA2259680	S
ERR459859	SAMEA2259681	S
ERR459860	SAMEA2259682	S
ERR459956	SAMEA2259683	S
ERR459957	SAMEA2259684	S
ERR459958	SAMEA2259685	S
ERR459959	SAMEA2259686	S
ERR459960	SAMEA2259687	S
ERR459961	SAMEA2259688	S
ERR459962	SAMEA2259689	S
ERR459963	SAMEA2259690	S
ERR459964	SAMEA2259691	S
ERR459965	SAMEA2259692	S
ERR459966	SAMEA2259693	S
ERR459861	SAMEA2259694	S
ERR459862	SAMEA2259695	S
ERR459863	SAMEA2259696	S
ERR459967	SAMEA2259697	S
ERR459968	SAMEA2259698	S
ERR459864	SAMEA2259699	S
ERR459969	SAMEA2259700	S
ERR459970	SAMEA2259701	S
ERR459865	SAMEA2259702	S
ERR459971	SAMEA2259703	S
ERR459972	SAMEA2259704	S
ERR459973	SAMEA2259705	S
ERR459974	SAMEA2259706	S
ERR459976	SAMEA2259709	S
ERR459978	SAMEA2259712	S
ERR459979	SAMEA2259713	S
ERR459980	SAMEA2259714	S
ERR459981	SAMEA2259715	S
ERR459982	SAMEA2259716	S
ERR459983	SAMEA2259717	S
ERR459868	SAMEA2259718	S
ERR459869	SAMEA2259719	R
ERR459870	SAMEA2259720	S
ERR459984	SAMEA2259721	S
ERR459985	SAMEA2259722	S
ERR459986	SAMEA2259723	S
ERR459871	SAMEA2259724	S
ERR459987	SAMEA2259725	S
ERR459988	SAMEA2266481	R
ERR459989	SAMEA2266482	R
ERR459990	SAMEA2266483	R
ERR459991	SAMEA2266484	R
ERR459992	SAMEA2266485	R
ERR459993	SAMEA2266486	R
ERR459994	SAMEA2266487	R
ERR459995	SAMEA2266488	R
ERR459996	SAMEA2266489	R
ERR459997	SAMEA2266490	R
ERR459998	SAMEA2266491	R
ERR459999	SAMEA2266492	R
ERR460000	SAMEA2266493	R
ERR460001	SAMEA2266494	R
ERR460002	SAMEA2266495	R
ERR460003	SAMEA2266496	R
ERR460004	SAMEA2266497	R
ERR460005	SAMEA2266498	R
ERR460006	SAMEA2266499	R
ERR460007	SAMEA2266500	R
ERR460008	SAMEA2266501	S
ERR460009	SAMEA2266502	S
ERR460010	SAMEA2266503	S
ERR460011	SAMEA2266504	S
ERR460012	SAMEA2266505	S
ERR460013	SAMEA2266506	S
ERR460014	SAMEA2266507	S
ERR460015	SAMEA2266508	S
ERR460016	SAMEA2266509	S
ERR460017	SAMEA2266510	S
ERR494980	SAMEA2266511	S
ERR460018	SAMEA2266512	S
ERR460019	SAMEA2266513	S
ERR460020	SAMEA2266514	S
ERR460021	SAMEA2266515	S
ERR460022	SAMEA2266516	S
ERR460023	SAMEA2266517	S
ERR460024	SAMEA2266518	S
ERR494981	SAMEA2266519	S
ERR460025	SAMEA2266520	S
ERR460026	SAMEA2266521	R
ERR460027	SAMEA2266522	R
ERR460028	SAMEA2266523	R
ERR460029	SAMEA2266524	S
ERR460030	SAMEA2266525	R
ERR460031	SAMEA2266526	R
ERR494982	SAMEA2266527	R
ERR460032	SAMEA2266528	S
ERR460033	SAMEA2266529	S
ERR460034	SAMEA2266530	S
ERR460035	SAMEA2266531	S
ERR460036	SAMEA2266532	R
ERR460037	SAMEA2266533	R
ERR460038	SAMEA2266534	R
ERR460039	SAMEA2266535	S
ERR460040	SAMEA2266536	R
ERR460041	SAMEA2266537	S
ERR460042	SAMEA2266538	R
ERR460043	SAMEA2266539	S
ERR460044	SAMEA2266540	R
ERR460045	SAMEA2266541	R
ERR460046	SAMEA2266542	R
ERR460047	SAMEA2266543	R
ERR460048	SAMEA2266544	R
ERR460049	SAMEA2266545	R
ERR460050	SAMEA2266546	R
ERR460051	SAMEA2266547	R
ERR460052	SAMEA2266548	R
ERR460053	SAMEA2266549	R
ERR460054	SAMEA2266550	R
ERR460055	SAMEA2266551	R
ERR460056	SAMEA2266552	R
ERR460057	SAMEA2266553	R
ERR460058	SAMEA2266554	R
ERR460059	SAMEA2266555	R
ERR460060	SAMEA2266556	R
ERR460061	SAMEA2266557	R
ERR460062	SAMEA2266558	R
ERR460063	SAMEA2266559	R
ERR460064	SAMEA2266560	S
ERR460065	SAMEA2266561	S
ERR460066	SAMEA2266562	S
ERR460067	SAMEA2266563	S
ERR460068	SAMEA2266564	S
ERR460069	SAMEA2266565	S
ERR459872	SAMEA2266566	S
ERR460070	SAMEA2266567	S
ERR460071	SAMEA2266568	R
ERR460072	SAMEA2266569	S
ERR460073	SAMEA2266570	S
ERR460074	SAMEA2266571	S
ERR460075	SAMEA2266572	S
ERR460076	SAMEA2266573	S
ERR459873	SAMEA2266574	S
ERR460077	SAMEA2266575	S
ERR460078	SAMEA2266576	S
ERR460079	SAMEA2266577	S
ERR459874	SAMEA2266578	S
ERR460080	SAMEA2266579	S
ERR460081	SAMEA2266580	R
ERR460082	SAMEA2266581	R
ERR460083	SAMEA2266582	R
ERR460084	SAMEA2266583	R
ERR460085	SAMEA2266584	R
ERR460086	SAMEA2266585	R
ERR460087	SAMEA2266586	R
ERR460088	SAMEA2266587	R
ERR460089	SAMEA2266588	R
ERR460090	SAMEA2266589	R
ERR460091	SAMEA2266590	R
ERR460092	SAMEA2266591	R
ERR459875	SAMEA2266592	R
ERR460093	SAMEA2266593	R
ERR460094	SAMEA2266594	R
ERR460095	SAMEA2266595	R
ERR460096	SAMEA2266596	R
ERR459876	SAMEA2266597	R
ERR459877	SAMEA2266598	R
ERR459878	SAMEA2266599	R
ERR459879	SAMEA2266600	S
ERR459880	SAMEA2266601	S
ERR459881	SAMEA2266602	S
ERR459882	SAMEA2266603	S
ERR459883	SAMEA2266604	S
ERR459884	SAMEA2266605	S
ERR459885	SAMEA2266606	S
ERR459886	SAMEA2266607	S
ERR459887	SAMEA2266608	S
ERR459888	SAMEA2266609	S
ERR459889	SAMEA2266610	S
ERR459890	SAMEA2266611	S
ERR459891	SAMEA2266612	S
ERR459892	SAMEA2266613	S
ERR459893	SAMEA2266614	S
ERR459894	SAMEA2266615	S
ERR459895	SAMEA2266616	S
ERR459896	SAMEA2266617	S
ERR459897	SAMEA2266618	S
ERR459898	SAMEA2266619	S
ERR459899	SAMEA2266620	S
ERR459900	SAMEA2266621	S
ERR459901	SAMEA2266622	S
ERR459902	SAMEA2266623	S
ERR459903	SAMEA2266624	S
ERR459904	SAMEA2266625	S
ERR459905	SAMEA2266626	S
ERR459906	SAMEA2266627	S
ERR459907	SAMEA2266628	S
ERR459908	SAMEA2266629	S
ERR459909	SAMEA2266630	S
ERR459910	SAMEA2266631	S
ERR459911	SAMEA2266632	S
ERR459912	SAMEA2266633	S
ERR459913	SAMEA2266634	S
ERR459914	SAMEA2266635	S
ERR459915	SAMEA2266636	S
ERR459916	SAMEA2266637	S
ERR459917	SAMEA2266638	S
ERR459918	SAMEA2266639	S
ERR459919	SAMEA2266640	S
ERR473267	SAMEA2275627	S
ERR473268	SAMEA2275628	R
ERR473269	SAMEA2275629	R
ERR473270	SAMEA2275630	R
ERR473271	SAMEA2275631	S
ERR473272	SAMEA2275632	S
ERR473273	SAMEA2275633	S
ERR473274	SAMEA2275634	R
ERR473275	SAMEA2275635	R
ERR473276	SAMEA2275636	R
ERR484962	SAMEA2275643	S
ERR490667	SAMEA2275644	S
ERR490669	SAMEA2275646	S
ERR484963	SAMEA2275647	S
ERR490670	SAMEA2275648	S
ERR494832	SAMEA2275649	S
ERR494833	SAMEA2275650	S
ERR494834	SAMEA2275651	S
ERR494835	SAMEA2275652	S
ERR490671	SAMEA2275653	S
ERR484964	SAMEA2275654	S
ERR490672	SAMEA2275655	S
ERR490673	SAMEA2275656	S
ERR490674	SAMEA2275657	S
ERR490675	SAMEA2275658	S
ERR490676	SAMEA2275659	R
ERR490677	SAMEA2275660	S
ERR490678	SAMEA2275661	S
ERR490679	SAMEA2275662	S
ERR490680	SAMEA2275663	S
ERR490681	SAMEA2275664	S
ERR490682	SAMEA2275665	S
ERR490683	SAMEA2275666	S
ERR490684	SAMEA2275667	S
ERR490685	SAMEA2275668	S
ERR490686	SAMEA2275669	S
ERR490687	SAMEA2275670	S
ERR484965	SAMEA2275671	S
ERR484966	SAMEA2275672	S
ERR490688	SAMEA2275673	S
ERR490689	SAMEA2275674	S
ERR490690	SAMEA2275675	S
ERR484967	SAMEA2275676	S
ERR490691	SAMEA2275677	S
ERR490692	SAMEA2275678	S
ERR490693	SAMEA2275679	S
ERR490694	SAMEA2275680	S
ERR490695	SAMEA2275681	S
ERR490696	SAMEA2275686	S
ERR490697	SAMEA2275687	S
ERR490698	SAMEA2275688	S
ERR490699	SAMEA2275689	S
ERR490700	SAMEA2275690	S
ERR490701	SAMEA2275691	S
ERR484968	SAMEA2275692	R
ERR490702	SAMEA2275693	S
ERR490703	SAMEA2275694	S
ERR490704	SAMEA2275695	S
ERR494836	SAMEA2275696	S
ERR494837	SAMEA2275697	S
ERR484969	SAMEA2275698	S
ERR494838	SAMEA2275699	S
ERR494839	SAMEA2275700	S
ERR494840	SAMEA2275701	R
ERR494841	SAMEA2275702	S
ERR494842	SAMEA2275703	S
ERR494843	SAMEA2275704	S
ERR494844	SAMEA2275705	R
ERR494845	SAMEA2275706	S
ERR494846	SAMEA2275707	S
ERR494847	SAMEA2275708	S
ERR494848	SAMEA2275709	S
ERR494849	SAMEA2275710	S
ERR494850	SAMEA2275711	S
ERR494851	SAMEA2275712	S
ERR494852	SAMEA2275713	S
ERR494853	SAMEA2275714	S
ERR494854	SAMEA2275715	S
ERR484970	SAMEA2275716	S
ERR494855	SAMEA2275717	S
ERR494856	SAMEA2275718	S
ERR494857	SAMEA2275719	S
ERR494858	SAMEA2275720	S
ERR494859	SAMEA2275721	S
ERR494860	SAMEA2275722	S
ERR494861	SAMEA2275723	S
ERR494862	SAMEA2275724	R
ERR494863	SAMEA2275725	S
ERR494864	SAMEA2275726	S
ERR494865	SAMEA2275727	S
ERR494866	SAMEA2275728	S
ERR484971	SAMEA2275729	S
ERR484972	SAMEA2275730	S
ERR494867	SAMEA2275731	S
ERR484973	SAMEA2275732	S
ERR494868	SAMEA2275733	S
ERR494869	SAMEA2275734	R
ERR494870	SAMEA2275735	S
ERR494871	SAMEA2275736	S
ERR494872	SAMEA2275737	S
ERR494873	SAMEA2275738	S
ERR494874	SAMEA2275739	S
ERR494875	SAMEA2275740	S
ERR494876	SAMEA2275741	S
ERR494877	SAMEA2275742	S
ERR494878	SAMEA2275743	S
ERR494879	SAMEA2275744	S
ERR494880	SAMEA2275745	S
ERR494881	SAMEA2275746	S
ERR494882	SAMEA2275747	S
ERR484974	SAMEA2275748	S
ERR494883	SAMEA2275749	S
ERR494884	SAMEA2275750	S
ERR494885	SAMEA2275751	S
ERR494886	SAMEA2275752	S
ERR494887	SAMEA2275753	S
ERR494888	SAMEA2275754	S
ERR484975	SAMEA2275755	S
ERR494889	SAMEA2275756	S
ERR494890	SAMEA2275757	S
ERR494891	SAMEA2275758	S
ERR494892	SAMEA2275759	S
ERR494893	SAMEA2275760	S
ERR494894	SAMEA2275761	S
ERR494895	SAMEA2275762	S
ERR494896	SAMEA2275763	S
ERR494897	SAMEA2275764	S
ERR494898	SAMEA2275765	S
ERR494899	SAMEA2275766	S
ERR494900	SAMEA2275767	S
ERR494901	SAMEA2275768	S
ERR494902	SAMEA2275769	S
ERR494903	SAMEA2275770	S
ERR494904	SAMEA2275771	S
ERR494905	SAMEA2275772	S
ERR494906	SAMEA2275773	S
ERR494907	SAMEA2275775	S
ERR494908	SAMEA2275776	S
ERR494909	SAMEA2275777	R
ERR494910	SAMEA2275778	S
ERR494911	SAMEA2275779	S
ERR494912	SAMEA2275780	S
ERR494913	SAMEA2275781	S
ERR494914	SAMEA2275782	S
ERR494915	SAMEA2275783	S
ERR494916	SAMEA2275784	S
ERR494917	SAMEA2275785	S
ERR494918	SAMEA2275786	S
ERR494919	SAMEA2275787	S
ERR494920	SAMEA2275788	S
ERR484977	SAMEA2275789	R
ERR494922	SAMEA2275791	S
ERR494923	SAMEA2275792	S
ERR494924	SAMEA2275793	S
ERR494925	SAMEA2275794	S
ERR494926	SAMEA2275795	S
ERR484978	SAMEA2275796	S
ERR494927	SAMEA2275797	S
ERR494928	SAMEA2275798	S
ERR494929	SAMEA2275799	S
ERR494930	SAMEA2275800	S
ERR494931	SAMEA2275801	S
ERR494932	SAMEA2275802	S
ERR494933	SAMEA2275803	S
ERR494934	SAMEA2275804	S
ERR494935	SAMEA2275805	S
ERR494936	SAMEA2275806	S
ERR484958	SAMEA2275807	S
ERR494937	SAMEA2275808	S
ERR494938	SAMEA2275809	S
ERR494939	SAMEA2275810	S
ERR494940	SAMEA2275811	S
ERR494941	SAMEA2275812	S
ERR484979	SAMEA2275813	S
ERR484980	SAMEA2275814	S
ERR484981	SAMEA2275815	S
ERR494942	SAMEA2275816	S
ERR494943	SAMEA2275817	S
ERR494944	SAMEA2275818	S
ERR494945	SAMEA2275819	S
ERR494946	SAMEA2275820	S
ERR494947	SAMEA2275821	S
ERR494948	SAMEA2275822	S
ERR494949	SAMEA2275823	S
ERR494950	SAMEA2275824	S
ERR494951	SAMEA2275825	S
ERR484982	SAMEA2275826	S
ERR484959	SAMEA2275827	S
ERR494952	SAMEA2275828	S
ERR494953	SAMEA2275829	S
ERR484960	SAMEA2275830	S
ERR494954	SAMEA2275831	S
ERR484983	SAMEA2275832	S
ERR494955	SAMEA2275833	S
ERR494956	SAMEA2275834	S
ERR484984	SAMEA2275835	S
ERR484985	SAMEA2275836	S
ERR484986	SAMEA2275837	S
ERR484987	SAMEA2275838	S
ERR484988	SAMEA2275839	S
ERR494957	SAMEA2275840	S
ERR494958	SAMEA2275841	S
ERR494959	SAMEA2275842	S
ERR494960	SAMEA2275843	S
ERR494961	SAMEA2275844	S
ERR494962	SAMEA2275845	S
ERR494963	SAMEA2275846	S
ERR494964	SAMEA2275847	S
ERR494965	SAMEA2275848	S
ERR484989	SAMEA2275849	S
ERR494966	SAMEA2275850	S
ERR494967	SAMEA2275851	S
ERR494968	SAMEA2275852	S
ERR484990	SAMEA2275853	R
ERR494969	SAMEA2275854	S
ERR494970	SAMEA2275855	S
ERR494972	SAMEA2275857	S
ERR484991	SAMEA2275858	S
ERR494973	SAMEA2275859	S
ERR494974	SAMEA2275860	S
ERR484992	SAMEA2275862	S
ERR494976	SAMEA2275863	S
ERR494977	SAMEA2275864	S
ERR494978	SAMEA2275865	S
ERR484993	SAMEA2275866	S
ERR484994	SAMEA2275867	S
ERR484995	SAMEA2275868	S
ERR494979	SAMEA2275869	S
ERR484948	SAMEA2275870	S
ERR484949	SAMEA2275871	S
ERR484996	SAMEA2275872	S
ERR484997	SAMEA2275873	S
ERR484998	SAMEA2275874	S
ERR484999	SAMEA2275875	S
ERR484950	SAMEA2275876	S
ERR485000	SAMEA2275877	S
ERR485001	SAMEA2275878	S
ERR485002	SAMEA2275879	S
ERR484951	SAMEA2275880	S
ERR485003	SAMEA2275881	S
ERR485004	SAMEA2275882	S
ERR484952	SAMEA2275883	S
ERR484953	SAMEA2275884	S
ERR484961	SAMEA2275885	S
ERR484954	SAMEA2275886	S
ERR484955	SAMEA2275887	R
ERR485005	SAMEA2275888	S
ERR484956	SAMEA2275889	S
ERR484957	SAMEA2275890	S
ERR516497	SAMEA2376773	S
ERR516498	SAMEA2376774	R
ERR516499	SAMEA2376775	R
ERR572847	SAMEA2518390	R
ERR1045540	SAMEA3375692	S
ERR1045541	SAMEA3375693	S
ERR1045542	SAMEA3375694	S
ERR1045543	SAMEA3375695	S
ERR1045544	SAMEA3375696	S
ERR1045545	SAMEA3375697	S
ERR1045546	SAMEA3375698	S
ERR1045534	SAMEA3375699	S
ERR1045547	SAMEA3375700	S
ERR1045548	SAMEA3375701	S
ERR1045549	SAMEA3375702	S
ERR1045550	SAMEA3375703	S
ERR1045551	SAMEA3375704	S
ERR1045552	SAMEA3375705	S
ERR1045553	SAMEA3375706	S
ERR1045554	SAMEA3375707	S
ERR1045555	SAMEA3375708	S
ERR1045556	SAMEA3375709	S
ERR1045557	SAMEA3375710	S
ERR1045558	SAMEA3375711	S
ERR1045559	SAMEA3375712	S
ERR1045560	SAMEA3375713	S
ERR1045561	SAMEA3375714	S
ERR1045562	SAMEA3375715	S
ERR1045563	SAMEA3375716	S
ERR1045564	SAMEA3375717	S
ERR1045565	SAMEA3375718	S
ERR1045566	SAMEA3375719	S
ERR1045567	SAMEA3375720	S
ERR1045568	SAMEA3375721	S
ERR1045569	SAMEA3375722	S
ERR1045570	SAMEA3375723	S
ERR1045571	SAMEA3375724	S
ERR1045572	SAMEA3375725	S
ERR1045573	SAMEA3375726	S
ERR1045574	SAMEA3375727	S
ERR1045575	SAMEA3375728	S
ERR1045576	SAMEA3375729	S
ERR1045577	SAMEA3375730	S
ERR1045578	SAMEA3375731	S
ERR1045579	SAMEA3375732	S
ERR1045580	SAMEA3375733	S
ERR1045581	SAMEA3375734	S
ERR1045582	SAMEA3375735	S
ERR1045583	SAMEA3375736	S
ERR1045584	SAMEA3375737	S
ERR1045585	SAMEA3375738	S
ERR1045586	SAMEA3375739	S
ERR1045587	SAMEA3375740	S
ERR1045588	SAMEA3375741	S
ERR1045589	SAMEA3375742	S
ERR1045590	SAMEA3375743	S
ERR1045591	SAMEA3375744	S
ERR1045592	SAMEA3375745	S
ERR1045594	SAMEA3375747	S
ERR1045595	SAMEA3375748	S
ERR1045596	SAMEA3375749	S
ERR1045597	SAMEA3375750	S
ERR1045598	SAMEA3375751	S
ERR1045599	SAMEA3375752	S
ERR1045600	SAMEA3375753	S
ERR1045601	SAMEA3375754	S
ERR1045602	SAMEA3375755	S
ERR1045603	SAMEA3375756	S
ERR1045604	SAMEA3375757	S
ERR1045605	SAMEA3375758	S
ERR1045606	SAMEA3375759	S
ERR1045607	SAMEA3375760	S
ERR1045608	SAMEA3375761	S
ERR1045609	SAMEA3375762	S
ERR1045610	SAMEA3375763	S
ERR1045611	SAMEA3375764	S
ERR1045612	SAMEA3375765	S
ERR1045613	SAMEA3375766	S
ERR1045614	SAMEA3375767	S
ERR1045615	SAMEA3375768	S
ERR1045616	SAMEA3375769	S
ERR1045617	SAMEA3375770	S
ERR1045618	SAMEA3375771	S
ERR1045619	SAMEA3375772	S
ERR1045620	SAMEA3375773	S
ERR1045621	SAMEA3375774	S
ERR1045622	SAMEA3375775	S
ERR1045623	SAMEA3375776	S
ERR1045624	SAMEA3375777	S
ERR1045625	SAMEA3375778	S
ERR1045626	SAMEA3375779	S
ERR1045627	SAMEA3375780	S
ERR1045628	SAMEA3375781	S
ERR1045629	SAMEA3375782	S
ERR1045535	SAMEA3375783	S
ERR1045630	SAMEA3375784	S
ERR1045631	SAMEA3375785	S
ERR1045632	SAMEA3375786	S
ERR1045633	SAMEA3375787	S
ERR1045634	SAMEA3375788	S
ERR1045635	SAMEA3375789	S
ERR1045636	SAMEA3375790	S
ERR1045637	SAMEA3375791	S
ERR1045638	SAMEA3375792	S
ERR1045639	SAMEA3375793	S
ERR1045640	SAMEA3375794	S
ERR1045641	SAMEA3375795	S
ERR1045642	SAMEA3375796	S
ERR1045643	SAMEA3375797	S
ERR1045644	SAMEA3375798	S
ERR1045645	SAMEA3375799	S
ERR1045646	SAMEA3375800	S
ERR1045647	SAMEA3375801	S
ERR1045648	SAMEA3375802	S
ERR1045649	SAMEA3375803	S
ERR1045650	SAMEA3375804	S
ERR1045651	SAMEA3375805	S
ERR1045652	SAMEA3375806	S
ERR1045653	SAMEA3375807	S
ERR1045654	SAMEA3375808	S
ERR1045655	SAMEA3375809	S
ERR1045656	SAMEA3375810	S
ERR1045657	SAMEA3375811	S
ERR1045658	SAMEA3375812	S
ERR1045659	SAMEA3375813	S
ERR1045660	SAMEA3375814	S
ERR1045661	SAMEA3375815	S
ERR1045662	SAMEA3375816	S
ERR1045663	SAMEA3375817	S
ERR1045664	SAMEA3375818	S
ERR1045665	SAMEA3375819	S
ERR1045666	SAMEA3375820	S
ERR1045667	SAMEA3375821	S
ERR1045668	SAMEA3375822	S
ERR1045669	SAMEA3375823	S
ERR1045670	SAMEA3375824	S
ERR1045671	SAMEA3375825	S
ERR1045672	SAMEA3375826	S
ERR1045673	SAMEA3375827	S
ERR1045536	SAMEA3375828	S
ERR1045674	SAMEA3375829	S
ERR1045675	SAMEA3375830	S
ERR1045676	SAMEA3375831	S
ERR1045677	SAMEA3375832	S
ERR1045678	SAMEA3375833	S
ERR1045679	SAMEA3375834	S
ERR1045537	SAMEA3375835	S
ERR1045680	SAMEA3375836	S
ERR1045681	SAMEA3375837	S
ERR1045682	SAMEA3375838	S
ERR1045683	SAMEA3375839	S
ERR1045684	SAMEA3375840	S
ERR1045685	SAMEA3375841	S
ERR1045686	SAMEA3375842	S
ERR1045687	SAMEA3375843	S
ERR1045538	SAMEA3375844	S
ERR1045688	SAMEA3375845	S
ERR1045689	SAMEA3375846	S
ERR1045690	SAMEA3375847	S
ERR1045691	SAMEA3375848	S
ERR1045692	SAMEA3375849	S
ERR1045693	SAMEA3375850	S
ERR1045694	SAMEA3375851	S
ERR1045695	SAMEA3375852	S
ERR1045696	SAMEA3375853	S
ERR1215659	SAMEA3375854	S
ERR1045697	SAMEA3375855	S
ERR1045698	SAMEA3375856	S
ERR1045699	SAMEA3375857	S
ERR1045700	SAMEA3375858	S
ERR1045539	SAMEA3375859	S
ERR1045701	SAMEA3375860	S
ERR1045702	SAMEA3375861	S
ERR1045703	SAMEA3375862	S
ERR1045704	SAMEA3375863	S
ERR1045705	SAMEA3375864	S
ERR1045706	SAMEA3375865	S
ERR1045707	SAMEA3375866	S
ERR1045708	SAMEA3375867	S
ERR1045709	SAMEA3375868	S
ERR1045710	SAMEA3375869	S
ERR1045711	SAMEA3375870	S
ERR1045712	SAMEA3375871	S
ERR1045713	SAMEA3375872	S
ERR1045714	SAMEA3375873	S
ERR1045715	SAMEA3375874	S
ERR1045716	SAMEA3375875	S
ERR1045717	SAMEA3375876	S
ERR1045718	SAMEA3375877	S
ERR1045719	SAMEA3375878	S
ERR1045720	SAMEA3375879	S
ERR1045721	SAMEA3375880	S
ERR1045722	SAMEA3375881	S
ERR1081288	SAMEA3390633	S
ERR1081289	SAMEA3390634	S
ERR1081290	SAMEA3390635	S
ERR1081291	SAMEA3390636	S
ERR1081292	SAMEA3390637	S
ERR1081293	SAMEA3390638	S
ERR1081294	SAMEA3390639	S
ERR1081295	SAMEA3390640	S
ERR1081296	SAMEA3390641	S
ERR1081297	SAMEA3390642	S
ERR1081298	SAMEA3390643	S
ERR1081299	SAMEA3390644	S
ERR1081300	SAMEA3390645	S
ERR1081301	SAMEA3390646	S
ERR1081302	SAMEA3390647	S
ERR1081303	SAMEA3390648	S
ERR1081304	SAMEA3390649	S
ERR1081305	SAMEA3390650	S
ERR1081307	SAMEA3390652	S
ERR1081308	SAMEA3390653	R
ERR1081309	SAMEA3390654	S
ERR1081310	SAMEA3390655	S
ERR1081311	SAMEA3390656	S
ERR1081312	SAMEA3390657	S
ERR1583682	SAMEA4008290	R
ERR1583684	SAMEA4008292	R
ERR1583685	SAMEA4008293	R
ERR1583686	SAMEA4008294	R
ERR1583687	SAMEA4008295	R
ERR1583688	SAMEA4008296	R
ERR1583689	SAMEA4008297	R
ERR1583690	SAMEA4008298	R
ERR1583691	SAMEA4008299	R
ERR1583692	SAMEA4008300	R
ERR1583693	SAMEA4008301	R
ERR1583695	SAMEA4008303	R
ERR1583696	SAMEA4008304	R
ERR1583697	SAMEA4008305	R
ERR1583698	SAMEA4008306	S
ERR1583699	SAMEA4008307	S
ERR1583700	SAMEA4008308	R
ERR1583701	SAMEA4008309	R
ERR1583702	SAMEA4008310	R
ERR1583703	SAMEA4008311	R
ERR1583704	SAMEA4008312	R
ERR3198363	SAMEA5396654	S
ERR3198364	SAMEA5396655	S
ERR3198365	SAMEA5396656	S
ERR3198366	SAMEA5396657	S
ERR3198367	SAMEA5396658	S
ERR3198368	SAMEA5396659	S
ERR3198370	SAMEA5396661	S
ERR3198371	SAMEA5396662	S
ERR3198372	SAMEA5396663	S
ERR3198373	SAMEA5396664	S
ERR3198374	SAMEA5396665	S
ERR3198375	SAMEA5396666	S
ERR3198376	SAMEA5396667	S
ERR3198377	SAMEA5396669	S
ERR3198378	SAMEA5396670	S
ERR3198379	SAMEA5396671	R
ERR3198380	SAMEA5396672	S
ERR3198381	SAMEA5396673	S
ERR3198382	SAMEA5396674	S
ERR3198383	SAMEA5396675	S
ERR3198384	SAMEA5396676	S
ERR3198385	SAMEA5396677	S
ERR3198386	SAMEA5396678	S
ERR3198387	SAMEA5396679	S
ERR3198388	SAMEA5396680	R
ERR3198389	SAMEA5396681	S
ERR3198391	SAMEA5396683	S
ERR3198392	SAMEA5396684	S
ERR3198393	SAMEA5396685	S
ERR3198394	SAMEA5396686	S
ERR3198395	SAMEA5396687	S
ERR3198397	SAMEA5396689	S
ERR3198398	SAMEA5396690	S
ERR3198399	SAMEA5396691	S
ERR3198400	SAMEA5396692	S
ERR3198401	SAMEA5396693	S
ERR3198402	SAMEA5396694	S
ERR3198403	SAMEA5396695	S
ERR3198404	SAMEA5396696	S
ERR3198405	SAMEA5396697	S
ERR3198406	SAMEA5396698	S
ERR3198407	SAMEA5396699	S
ERR3198408	SAMEA5396700	S
ERR3198410	SAMEA5396702	S
ERR3198411	SAMEA5396703	S
ERR3198412	SAMEA5396704	S
ERR3198413	SAMEA5396705	S
ERR3198414	SAMEA5396706	S
ERR3198415	SAMEA5396707	S
ERR3198416	SAMEA5396708	S
ERR3198417	SAMEA5396709	S
ERR3198418	SAMEA5396710	R
ERR3198419	SAMEA5396711	S
ERR3198420	SAMEA5396712	R
ERR3198421	SAMEA5396713	R
ERR3198422	SAMEA5396714	R
ERR3198423	SAMEA5396715	S
ERR3198424	SAMEA5396716	S
ERR3198425	SAMEA5396717	S
ERR3198427	SAMEA5396719	S
ERR3198428	SAMEA5396720	S
ERR3198429	SAMEA5396721	S
ERR3198430	SAMEA5396722	S
ERR3198431	SAMEA5396723	S
ERR3198432	SAMEA5396724	S
ERR3198433	SAMEA5396725	S
ERR3198434	SAMEA5396726	S
ERR3198435	SAMEA5396727	S
ERR3198436	SAMEA5396728	S
ERR3198437	SAMEA5396729	S
ERR3198438	SAMEA5396730	S
ERR3198439	SAMEA5396731	S
ERR3198440	SAMEA5396732	R
ERR3198441	SAMEA5396733	R
ERR3198442	SAMEA5396734	R
ERR3198443	SAMEA5396735	R
ERR3198444	SAMEA5396736	R
ERR3198445	SAMEA5396737	R
ERR3198446	SAMEA5396738	R
ERR3198447	SAMEA5396739	R
ERR3198448	SAMEA5396740	R
ERR3198449	SAMEA5396741	R
ERR3198450	SAMEA5396742	S
ERR3198451	SAMEA5396743	S
ERR3198452	SAMEA5396744	S
ERR3198453	SAMEA5396745	S
ERR3198454	SAMEA5396746	S
ERR3198455	SAMEA5396747	S
ERR3198456	SAMEA5396748	S
ERR3198457	SAMEA5396749	S
ERR3198458	SAMEA5396750	S
ERR3198459	SAMEA5396751	S
ERR3198460	SAMEA5396752	S
ERR3198461	SAMEA5396753	S
ERR3198462	SAMEA5396754	S
ERR3198463	SAMEA5396755	S
ERR3198464	SAMEA5396756	R
ERR3198465	SAMEA5396757	R
ERR3198466	SAMEA5396758	R
ERR3198467	SAMEA5396759	R
ERR3198468	SAMEA5396760	R
ERR3198469	SAMEA5396761	S
ERR3198470	SAMEA5396762	R
ERR3198471	SAMEA5396763	S
ERR3198472	SAMEA5396764	S
ERR3198473	SAMEA5396765	R
ERR3198474	SAMEA5396766	R
ERR3198475	SAMEA5396767	S
ERR3198476	SAMEA5396768	R
ERR3198477	SAMEA5396769	R
ERR3198478	SAMEA5396770	R
ERR3198479	SAMEA5396771	R
ERR3198480	SAMEA5396772	S
ERR3198481	SAMEA5396773	S
ERR3198482	SAMEA5396774	R
ERR3198483	SAMEA5396775	S
ERR3198484	SAMEA5396776	S
ERR3198485	SAMEA5396777	S
ERR3198486	SAMEA5396778	S
ERR3198487	SAMEA5396779	S
ERR3198488	SAMEA5396780	R
ERR3198489	SAMEA5396781	S
ERR3198490	SAMEA5396782	S
ERR3198491	SAMEA5396783	R
ERR3198492	SAMEA5396784	S
ERR3198493	SAMEA5396785	S
ERR3198494	SAMEA5396786	S
ERR3198495	SAMEA5396787	S
ERR3198496	SAMEA5396788	S
ERR3198497	SAMEA5396789	S
ERR3198498	SAMEA5396790	S
ERR3198499	SAMEA5396791	S
ERR3198500	SAMEA5396792	S
ERR3198501	SAMEA5396793	S
ERR3198502	SAMEA5396794	S
ERR3198503	SAMEA5396795	S
ERR3198504	SAMEA5396796	S
ERR3198505	SAMEA5396797	S
ERR3198506	SAMEA5396798	S
ERR3198507	SAMEA5396799	S
ERR4020051	SAMEA6674986	S
ERR4020052	SAMEA6674987	S
ERR4020053	SAMEA6674988	S
ERR4020054	SAMEA6674989	S
ERR4020055	SAMEA6674990	S
ERR4020056	SAMEA6674991	S
ERR4020057	SAMEA6674992	S
ERR4020058	SAMEA6674993	S
ERR4020059	SAMEA6674994	S
ERR4020060	SAMEA6674995	S
ERR4020061	SAMEA6674996	S
ERR4020062	SAMEA6674997	S
ERR4020063	SAMEA6674998	S
ERR4020064	SAMEA6674999	S
ERR4020065	SAMEA6675000	S
ERR4020066	SAMEA6675001	S
ERR4020067	SAMEA6675002	S
ERR4020068	SAMEA6675003	S
ERR4020069	SAMEA6675004	S
ERR4020072	SAMEA6675007	S
ERR4020073	SAMEA6675008	S
ERR4020075	SAMEA6675010	S
ERR4020076	SAMEA6675011	S
ERR4020077	SAMEA6675012	S
ERR4020079	SAMEA6675014	S
ERR4020080	SAMEA6675015	S
ERR4020081	SAMEA6675016	S
ERR4020082	SAMEA6675017	S
ERR4020083	SAMEA6675018	S
ERR4020084	SAMEA6675019	S
ERR4020085	SAMEA6675020	S
ERR4020086	SAMEA6675021	S
ERR4020087	SAMEA6675022	S
ERR4020088	SAMEA6675023	S
ERR4020089	SAMEA6675024	S
ERR4020090	SAMEA6675025	S
ERR4020091	SAMEA6675026	S
ERR4020092	SAMEA6675027	S
ERR4020093	SAMEA6675028	S
ERR4020094	SAMEA6675029	S
ERR4020095	SAMEA6675030	S
ERR4020096	SAMEA6675031	R
ERR4020097	SAMEA6675032	S
ERR4020098	SAMEA6675033	S
ERR4020099	SAMEA6675034	S
ERR4020100	SAMEA6675035	S
ERR4020101	SAMEA6675036	S
ERR4020102	SAMEA6675037	S
ERR4020103	SAMEA6675038	S
ERR4020104	SAMEA6675039	S
ERR4020105	SAMEA6675040	S
ERR4020106	SAMEA6675041	S
ERR4020107	SAMEA6675042	S
ERR4020108	SAMEA6675043	S
ERR4020109	SAMEA6675044	S
ERR4020110	SAMEA6675045	S
ERR4020111	SAMEA6675046	S
ERR4020112	SAMEA6675047	S
ERR4020113	SAMEA6675048	S
ERR4020114	SAMEA6675049	S
ERR4020115	SAMEA6675050	S
ERR4020116	SAMEA6675051	S
ERR4020117	SAMEA6675052	S
ERR4020118	SAMEA6675053	S
ERR4020120	SAMEA6675055	S
ERR2524300	SAMEA91884418	S
ERR2524302	SAMEA91885918	S
ERR2524303	SAMEA91886668	S
ERR2524312	SAMEA91893418	S
ERR2524313	SAMEA91894168	R
ERR2524314	SAMEA91894918	S
ERR2524315	SAMEA91895668	R
ERR2524316	SAMEA91896418	S
ERR2524323	SAMEA91901668	S
ERR2524324	SAMEA91902418	S
ERR2524325	SAMEA91903168	S
ERR2524326	SAMEA91903918	S
ERR2524327	SAMEA91904668	S
ERR2524328	SAMEA91905418	S
ERR2524329	SAMEA91906168	S
ERR2524330	SAMEA91906918	R
ERR2524331	SAMEA91907668	S
ERR2524332	SAMEA91908418	S
ERR2524333	SAMEA91909168	S
ERR2524334	SAMEA91909918	S
ERR2524335	SAMEA91910668	S
ERR2524336	SAMEA91911418	S
ERR2524337	SAMEA91912168	S
ERR2524338	SAMEA91912918	S
ERR2524339	SAMEA91913668	S
ERR2524340	SAMEA91914418	S
ERR2524341	SAMEA91915168	S
ERR2524342	SAMEA91915918	S
ERR2524343	SAMEA91916668	S
ERR2524344	SAMEA91917418	S
ERR2524345	SAMEA91918168	S
ERR2524346	SAMEA91918918	S
ERR2524347	SAMEA91919668	S
ERR2524348	SAMEA91920418	S
ERR2524349	SAMEA91921168	S
ERR2524350	SAMEA91921918	S
ERR2524351	SAMEA91922668	S
ERR2524352	SAMEA91923418	R
ERR2524353	SAMEA91924168	S
ERR2524354	SAMEA91924918	S
ERR2524355	SAMEA91925668	S
ERR2524356	SAMEA91926418	S
ERR2524357	SAMEA91927168	S
ERR2524358	SAMEA91927918	S
ERR2524359	SAMEA91928668	S
ERR2524360	SAMEA91929418	S
ERR2524361	SAMEA91930168	S
ERR2524362	SAMEA91930918	S
ERR2524363	SAMEA91931668	S
ERR2524364	SAMEA91932418	S
ERR2524365	SAMEA91933168	S
