sample_name	Bases	BioSample	Collection_Date	Experiment	geo_loc_name	Host	isolate	isolation_source	Organism	Isolate_identifier	Seq_depth	Year_received	state	ARLN_region	triazole_status	cyp51a_polymorphisms	cyp51a_markers	itraconazole_MIC	voriconazole_MIC	mating_type	population
SRR11785055	3867304086	SAMN14598503	2016	SRX8337647	USA: Montana	Homo sapiens	AFIS2068	sputum	Sartorya fumigata	AFIS2068	133	2016	MT	Mountain	Resistant	F46Y/M172V/N248T/D255E/E427K		2	0.5	1.2	B
SRR11785056	3472604578	SAMN14598413	2015	SRX8337646	USA: Ohio	Homo sapiens	AFIS1492	ear	Sartorya fumigata	AFIS1492	120	2015	OH	MW	Susceptible			1	0.75	1.2	B
SRR11785057	5180916100	SAMN14598404	2015	SRX8337645	USA: Georgia	Homo sapiens	AFIS1417	not available	Sartorya fumigata	AFIS1417	179	2015	GA	SE	Resistant			2	0.5	1.1	B
SRR11785058	4877247766	SAMN14598403	2015	SRX8337644	USA: Georgia	Homo sapiens	AFIS1415	not available	Sartorya fumigata	AFIS1415	168	2015	GA	SE	Resistant			2	1	1.1	B
SRR11785059	3938995710	SAMN14598502	2016	SRX8337643	USA: California	Homo sapiens	AFIS2067	sputum	Sartorya fumigata	AFIS2067	136	2016	CA	W	Susceptible			0.75	0.25	1.2	B
SRR11785060	4022178114	SAMN14598501	2016	SRX8337642	USA: Illinois	Homo sapiens	AFIS2066	sputum	Sartorya fumigata	AFIS2066	139	2016	IL	MW	Susceptible			1	0.25	1.2	B
SRR11785061	2779826004	SAMN14598500	2016	SRX8337641	USA: Virginia	Homo sapiens	AFIS2065	BAL	Sartorya fumigata	AFIS2065	96	2016	VA	Mid-Atlantic	Susceptible			1.5	0.38	1.1	B
SRR11785062	5018656146	SAMN14598499	2016	SRX8337640	USA: California	Homo sapiens	AFIS2064	sputum	Sartorya fumigata	AFIS2064	173	2016	CA	W	Resistant			2	0.5	1.2	B
SRR11785063	3973742644	SAMN14598498	2016	SRX8337639	USA: California	Homo sapiens	AFIS2063	sputum	Sartorya fumigata	AFIS2063	137	2016	CA	W	Susceptible			0.75	0.25	1.2	B
SRR11785064	4216780924	SAMN14598497	2016	SRX8337638	USA: Louisiana	Homo sapiens	AFIS2062	sputum	Sartorya fumigata	AFIS2062	145	2016	LA	SE	Susceptible			1	0.25	1.1	B
SRR11785065	4441419398	SAMN14598496	2016	SRX8337637	USA: Arizona	Homo sapiens	AFIS2061	BAL	Sartorya fumigata	AFIS2061	153	2016	AZ	Mountain	Susceptible			0.5	0.25	1.1	B
SRR11785066	4035027808	SAMN14598495	2016	SRX8337636	USA: Massachusetts	Homo sapiens	AFIS2060	sputum	Sartorya fumigata	AFIS2060	139	2016	MA	NE	Susceptible			1	0.25	1.1	B
SRR11785067	4481205408	SAMN14598494	2016	SRX8337635	USA: Florida	Homo sapiens	AFIS2059	Neck\, deep throat	Sartorya fumigata	AFIS2059	155	2016	FL	SE	Susceptible			1.5	0.5	1.1	B
SRR11785068	4458143026	SAMN14598493	2016	SRX8337634	USA: Illinois	Homo sapiens	AFIS2013	Bronch wash	Sartorya fumigata	AFIS2013	154	2016	IL	MW	Susceptible			0.5	0.19	1.1	B
SRR11785069	3963824630	SAMN14598412	2015	SRX8337633	USA: Ohio	Homo sapiens	AFIS1489	ear	Sartorya fumigata	AFIS1489	137	2015	OH	MW	Susceptible	N248K		1	0.25	1.2	B
SRR11785070	5181447216	SAMN14598492	2016	SRX8337632	USA: Florida	Homo sapiens	AFIS2009	sputum	Sartorya fumigata	AFIS2009	179	2016	FL	SE	Susceptible			0.75	0.25	1.1	B
SRR11785071	3545752504	SAMN14598491	2016	SRX8337631	USA: Pennsylvania	Homo sapiens	AFIS2001	sputum	Sartorya fumigata	AFIS2001	122	2016	PA	Mid-Atlantic	Resistant		TR34/L98H	4	2	1.2	A
SRR11785072	3535243134	SAMN14598490	2016	SRX8337630	USA: Georgia	Homo sapiens	AFIS1990	not available	Sartorya fumigata	AFIS1990	122	2016	GA	SE	Resistant			2	1	1.2	B
SRR11785073	4144310196	SAMN14598489	2016	SRX8337629	USA: Florida	Homo sapiens	AFIS1960	sputum	Sartorya fumigata	AFIS1960	143	2016	FL	SE	Susceptible			0.5	0.38	1.2	B
SRR11785074	3594331546	SAMN14598488	2016	SRX8337628	USA: Arizona	Homo sapiens	AFIS1958	BAL	Sartorya fumigata	AFIS1958	124	2016	AZ	Mountain	Susceptible			1	0.38	1.2	B
SRR11785075	4160283334	SAMN14598487	2016	SRX8337627	USA: Arizona	Homo sapiens	AFIS1956	BAL	Sartorya fumigata	AFIS1956	143	2016	AZ	Mountain	Susceptible			0.064	0.064	1.1	B
SRR11785076	3731598426	SAMN14598486	2016	SRX8337626	USA: California	Homo sapiens	AFIS1949	sputum	Sartorya fumigata	AFIS1949	129	2016	CA	W	Susceptible			0.75	0.25	1.2	B
SRR11785077	3840193074	SAMN14598485	2016	SRX8337625	USA: California	Homo sapiens	AFIS1948	sputum	Sartorya fumigata	AFIS1948	132	2016	CA	W	Susceptible			0.75	0.38	1.2	B
SRR11785078	4732914232	SAMN14598484	2016	SRX8337624	USA: Louisiana	Homo sapiens	AFIS1946	sputum	Sartorya fumigata	AFIS1946	163	2016	LA	SE	Susceptible			0.75	0.38	1.1	B
SRR11785079	4589361308	SAMN14598483	2016	SRX8337623	USA: Texas	Homo sapiens	AFIS1938	BAL	Sartorya fumigata	AFIS1938	158	2016	TX	Mountain	Susceptible	I242V		1.5	0.75	1.1	B
SRR11785080	4378144306	SAMN14598411	2015	SRX8337622	USA: Indiana	Homo sapiens	AFIS1484	sputum	Sartorya fumigata	AFIS1484	151	2015	IN	MW	Resistant			2	0.5	1.2	B
SRR11785081	4005524766	SAMN14598482	2016	SRX8337621	USA: Michigan	Homo sapiens	AFIS1933	sputum	Sartorya fumigata	AFIS1933	138	2016	MI	MW	Susceptible			0.75	0.38	1.1	B
SRR11785082	5764493108	SAMN14598481	2016	SRX8337620	USA: California	Homo sapiens	AFIS1927	sputum	Sartorya fumigata	AFIS1927	199	2016	CA	W	Susceptible			0.5	0.25	1.1	B
SRR11785083	2716390272	SAMN14598480	2016	SRX8337619	USA: California	Homo sapiens	AFIS1926	sputum	Sartorya fumigata	AFIS1926	94	2016	CA	W	Resistant	F46Y/M172V/N248T/D255E/E427K		2	0.5	1.1	B
SRR11785084	4495064122	SAMN14598479	2016	SRX8337618	USA: Arizona	Homo sapiens	AFIS1904	sputum	Sartorya fumigata	AFIS1904	155	2016	AZ	Mountain	Resistant			2	0.5	1.1	B
SRR11785085	2827884472	SAMN14598478	2015	SRX8337617	USA: Tennessee	Homo sapiens	AFIS1903	Bronch wash	Sartorya fumigata	AFIS1903	98	2015	TN	SE	Susceptible			0.5	0.5	1.1	B
SRR11785086	3025619762	SAMN14598477	2016	SRX8337616	USA: Arizona	Homo sapiens	AFIS1898	BAL	Sartorya fumigata	AFIS1898	104	2016	AZ	Mountain	Susceptible			0.5	0.25	1.1	B
SRR11785087	3012856412	SAMN14598476	2016	SRX8337615	USA: Colorado	Homo sapiens	AFIS1893	Bronch wash	Sartorya fumigata	AFIS1893	104	2016	CO	Mountain	Susceptible	A9T		1	0.25	1.1	B
SRR11785088	2406177364	SAMN14598475	2016	SRX8337614	USA: Kentucky	Homo sapiens	AFIS1892	L ear	Sartorya fumigata	AFIS1892	83	2016	KY	MW	Susceptible			0.75	0.38	1.1	B
SRR11785089	2741196100	SAMN14598474	2016	SRX8337613	USA: Arizona	Homo sapiens	AFIS1889	BAL	Sartorya fumigata	AFIS1889	95	2016	AZ	Mountain	Susceptible			0.75	0.5	1.1	B
SRR11785090	2697649608	SAMN14598473	2016	SRX8337612	USA: Colorado	Homo sapiens	AFIS1886	Left Ankle	Sartorya fumigata	AFIS1886	93	2016	CO	Mountain	Susceptible			0.75	0.38	1.1	B
SRR11785091	3953832822	SAMN14598410	2015	SRX8337611	USA: New York	Homo sapiens	AFIS1461	sputum	Sartorya fumigata	AFIS1461	136	2015	NY	NE	Susceptible			1.5	0.25	1.2	B
SRR11785092	2750602576	SAMN14598472	2016	SRX8337610	USA: Iowa	Homo sapiens	AFIS1885	Paranasal Sinus	Sartorya fumigata	AFIS1885	95	2016	IA	Central	Susceptible			1	0.5	1.1	B
SRR11785093	5053465830	SAMN14598471	2016	SRX8337609	USA: Indiana	Homo sapiens	AFIS1878	sputum	Sartorya fumigata	AFIS1878	174	2016	IN	MW	Resistant	F46Y/M172V/N248T/D255E/E427K		2	0.5	1.2	B
SRR11785094	1365970112	SAMN14598470	2016	SRX8337608	USA: Indiana	Homo sapiens	AFIS1876	sputum	Sartorya fumigata	AFIS1876	47	2016	IN	MW	Susceptible			1.5	1	1.1	B
SRR11785095	2923223308	SAMN14598469	2015	SRX8337607	USA: Kentucky	Homo sapiens	AFIS1874	R ear fluid	Sartorya fumigata	AFIS1874	101	2015	KY	MW	Resistant			2	0.38	1.1	B
SRR11785096	3648398954	SAMN14598468	2015	SRX8337606	USA: Ohio	Homo sapiens	AFIS1873	L ear fluid	Sartorya fumigata	AFIS1873	126	2015	OH	MW	Resistant	I242V		2	1	1.2	B
SRR11785097	3661678360	SAMN14598467	2016	SRX8337605	USA: Florida	Homo sapiens	AFIS1867	sputum	Sartorya fumigata	AFIS1867	126	2016	FL	SE	Susceptible			0.75	0.19	1.1	B
SRR11785098	3428999352	SAMN14598466	2016	SRX8337604	USA: New Jersey	Homo sapiens	AFIS1866	BAL	Sartorya fumigata	AFIS1866	118	2016	NJ	NE	Resistant			2	0.5	1.2	B
SRR11785099	4215037980	SAMN14598465	2015	SRX8337603	USA: Tennessee	Homo sapiens	AFIS1861	Bronch wash	Sartorya fumigata	AFIS1861	145	2015	TN	SE	Susceptible			1	0.38	1.1	B
SRR11785100	4489202268	SAMN14598464	2016	SRX8337602	USA: Michigan	Homo sapiens	AFIS1857	Sinus	Sartorya fumigata	AFIS1857	155	2016	MI	MW	Susceptible			1.5	0.38	1.2	B
SRR11785101	4425921654	SAMN14598463	2016	SRX8337601	USA: Illinois	Homo sapiens	AFIS1845	not available	Sartorya fumigata	AFIS1845	153	2016	IL	MW	Susceptible			0.38	0.25	1.1	B
SRR11785102	4807201196	SAMN14598409	2015	SRX8337600	USA: New York	Homo sapiens	AFIS1460	sputum	Sartorya fumigata	AFIS1460	166	2015	NY	NE	Susceptible			0.5	0.25	1.2	B
SRR11785103	3500488168	SAMN14598462	2016	SRX8337599	USA: Illinois	Homo sapiens	AFIS1843	not available	Sartorya fumigata	AFIS1843	121	2016	IL	MW	Susceptible			0.5	0.25	1.1	B
SRR11785104	3627920366	SAMN14598461	2016	SRX8337598	USA: Illinois	Homo sapiens	AFIS1842	not available	Sartorya fumigata	AFIS1842	125	2016	IL	MW	Susceptible			0.5	0.38	1.1	B
SRR11785105	3614220284	SAMN14598460	2015	SRX8337597	USA: Illinois	Homo sapiens	AFIS1828	sputum	Sartorya fumigata	AFIS1828	125	2015	IL	MW	Susceptible			0.25	0.125	1.1	B
SRR11785106	2566453916	SAMN14598459	2015	SRX8337596	USA: Illinois	Homo sapiens	AFIS1827	sputum	Sartorya fumigata	AFIS1827	88	2015	IL	MW	Susceptible	A9T		0.5	0.5	1.2	B
SRR11785107	3159781772	SAMN14598458	2015	SRX8337595	USA: California	Homo sapiens	AFIS1821	ear	Sartorya fumigata	AFIS1821	109	2015	CA	W	Susceptible			0.75	0.125	1.2	B
SRR11785108	3102683288	SAMN14598457	2015	SRX8337594	USA: California	Homo sapiens	AFIS1820	sputum	Sartorya fumigata	AFIS1820	117	2015	CA	W	Susceptible			0.75	0.19	1.2	B
SRR11785109	3558008332	SAMN14598456	2015	SRX8337593	USA: Arizona	Homo sapiens	AFIS1817	BAL	Sartorya fumigata	AFIS1817	123	2015	AZ	Mountain	Susceptible	I242V		0.5	0.125	1.1	B
SRR11785110	3342597622	SAMN14598455	2015	SRX8337592	USA: Massachusetts	Homo sapiens	AFIS1786	not available	Sartorya fumigata	AFIS1786	115	2015	MA	NE	Susceptible			0.5	0.125	1.1	B
SRR11785111	2944222470	SAMN14598454	2015	SRX8337591	USA: Massachusetts	Homo sapiens	AFIS1785	not available	Sartorya fumigata	AFIS1785	102	2015	MA	NE	Susceptible			0.5	0.094	1.1	B
SRR11785112	2956847770	SAMN14598453	2015	SRX8337590	USA: Massachusetts	Homo sapiens	AFIS1784	not available	Sartorya fumigata	AFIS1784	102	2015	MA	NE	Susceptible			0.5	0.064	1.1	B
SRR11785113	4533679468	SAMN14598408	2015	SRX8337589	USA: New York	Homo sapiens	AFIS1458	sputum	Sartorya fumigata	AFIS1458	156	2015	NY	NE	Susceptible			0.5	0.38	1.2	B
SRR11785114	2586679496	SAMN14598452	2015	SRX8337588	USA: Massachusetts	Homo sapiens	AFIS1783	not available	Sartorya fumigata	AFIS1783	89	2015	MA	NE	Susceptible	F46Y/M172V/N248T/D255E/E427K		0.19	0.094	1.2	B
SRR11785115	3195534212	SAMN14598451	2015	SRX8337587	USA: Massachusetts	Homo sapiens	AFIS1782	not available	Sartorya fumigata	AFIS1782	110	2015	MA	NE	Susceptible			0.75	0.125	1.2	B
SRR11785116	3769306156	SAMN14598450	2015	SRX8337586	USA: Wyoming	Homo sapiens	AFIS1777	ear	Sartorya fumigata	AFIS1777	130	2015	WY	Mountain	Susceptible			1	0.38	1.1	B
SRR11785117	3512965378	SAMN14598449	2015	SRX8337585	USA: Arizona	Homo sapiens	AFIS1775	BAL	Sartorya fumigata	AFIS1775	121	2015	AZ	Mountain	Susceptible			1.5	0.38	1.2	B
SRR11785118	4722789394	SAMN14598448	2016	SRX8337584	USA: Minnesota	Homo sapiens	AFIS1738	sputum	Sartorya fumigata	AFIS1738	163	2016	MN	Central	Susceptible			1	1	1.2	B
SRR11785119	3845433954	SAMN14598447	2016	SRX8337583	USA: Minnesota	Homo sapiens	AFIS1737	sputum	Sartorya fumigata	AFIS1737	133	2016	MN	Central	Susceptible			0.5	0.5	1.2	B
SRR11785120	3888291702	SAMN14598446	2015	SRX8337582	USA: Kentucky	Homo sapiens	AFIS1722	ear	Sartorya fumigata	AFIS1722	134	2015	KY	MW	Susceptible			0.75	0.125	1.1	B
SRR11785121	2691612556	SAMN14598445	2015	SRX8337581	USA: Maryland	Homo sapiens	AFIS1709	BAL	Sartorya fumigata	AFIS1709	93	2015	MD	Mid-Atlantic	Resistant	P216L		2	0.06	1.2	B
SRR11785122	3532109650	SAMN14598444	2014	SRX8337580	USA: Maryland	Homo sapiens	AFIS1704	sputum	Sartorya fumigata	AFIS1704	122	2014	MD	Mid-Atlantic	Susceptible			0.75	0.25	1.2	B
SRR11785123	3075485932	SAMN14598443	2014	SRX8337579	USA: Maryland	Homo sapiens	AFIS1703	BAL	Sartorya fumigata	AFIS1703	106	2014	MD	Mid-Atlantic	Susceptible			0.75	0.125	1.2	B
SRR11785124	3767075770	SAMN14598407	2015	SRX8337578	USA: New York	Homo sapiens	AFIS1457	Tissue	Sartorya fumigata	AFIS1457	130	2015	NY	NE	Susceptible			1	0.25	1.2	B
SRR11785125	3622129294	SAMN14598442	2015	SRX8337577	USA: Texas	Homo sapiens	AFIS1670	sputum	Sartorya fumigata	AFIS1670	125	2015	TX	Mountain	Susceptible			1	1	1.2	B
SRR11785126	3719251234	SAMN14598441	2015	SRX8337576	USA: Delaware	Homo sapiens	AFIS1663	Bronch wash	Sartorya fumigata	AFIS1663	128	2015	DE	Mid-Atlantic	Susceptible			0.5	0.19	1.1	B
SRR11785127	1695401086	SAMN14598440	2015	SRX8337575	USA: Delaware	Homo sapiens	AFIS1662	not available	Sartorya fumigata	AFIS1662	58	2015	DE	Mid-Atlantic	Susceptible			0.5	0.19	1.1	B
SRR11785128	4033676424	SAMN14598439	2015	SRX8337574	USA: North Dakota	Homo sapiens	AFIS1661	sputum	Sartorya fumigata	AFIS1661	139	2015	ND	Central	Susceptible			0.75	0.19	1.2	B
SRR11785129	3973283314	SAMN14598438	2015	SRX8337573	USA: Pennsylvania	Homo sapiens	AFIS1659	Bronch wash	Sartorya fumigata	AFIS1659	137	2015	PA	Mid-Atlantic	Susceptible			0.5	0.19	1.1	B
SRR11785130	3655676950	SAMN14598437	2015	SRX8337572	USA: Arizona	Homo sapiens	AFIS1652	BAL	Sartorya fumigata	AFIS1652	126	2015	AZ	Mountain	Susceptible			0.75	0.19	1.1	B
SRR11785131	4191686948	SAMN14598436	2015	SRX8337571	USA: Pennsylvania	Homo sapiens	AFIS1636	sputum	Sartorya fumigata	AFIS1636	145	2015	PA	Mid-Atlantic	Susceptible			0.75	0.19	1.2	B
SRR11785132	3707833746	SAMN14598435	2015	SRX8337570	USA: Pennsylvania	Homo sapiens	AFIS1635	BAL	Sartorya fumigata	AFIS1635	128	2015	PA	Mid-Atlantic	Susceptible			1	0.19	1.1	B
SRR11785133	3317840488	SAMN14598434	2015	SRX8337569	USA: Maryland	Homo sapiens	AFIS1623	sputum	Sartorya fumigata	AFIS1623	114	2015	MD	Mid-Atlantic	Susceptible			0.5	0.19	1.2	B
SRR11785134	4431723770	SAMN14598433	2015	SRX8337568	USA: Maryland	Homo sapiens	AFIS1622	sputum	Sartorya fumigata	AFIS1622	153	2015	MD	Mid-Atlantic	Susceptible			0.75	0.38	1.1	B
SRR11785135	4193971048	SAMN14598406	2015	SRX8337567	USA: New York	Homo sapiens	AFIS1456	sputum	Sartorya fumigata	AFIS1456	145	2015	NY	NE	Susceptible			0.5	0.38	1.1	B
SRR11785136	4078292176	SAMN14598432	2015	SRX8337566	USA: Indiana	Homo sapiens	AFIS1613	sputum	Sartorya fumigata	AFIS1613	141	2015	IN	MW	Susceptible			0.75	0.25	1.1	B
SRR11785137	4580769076	SAMN14598431	2015	SRX8337565	USA: Indiana	Homo sapiens	AFIS1608	sputum	Sartorya fumigata	AFIS1608	158	2015	IN	MW	Susceptible			0.5	0.15	1.1	B
SRR11785138	3873073572	SAMN14598430	2014	SRX8337564	USA: Maryland	Homo sapiens	AFIS1599	BAL	Sartorya fumigata	AFIS1599	134	2014	MD	Mid-Atlantic	Susceptible			0.5	0.19	1.1	B
SRR11785139	3411589992	SAMN14598429	2015	SRX8337563	USA: Pennsylvania	Homo sapiens	AFIS1588	BAL	Sartorya fumigata	AFIS1588	118	2015	PA	Mid-Atlantic	Susceptible			0.38	0.25	1.2	B
SRR11785140	3135747016	SAMN14598428	2015	SRX8337562	USA: Pennsylvania	Homo sapiens	AFIS1587	BAL	Sartorya fumigata	AFIS1587	108	2015	PA	Mid-Atlantic	Susceptible			0.25	0.19	1.1	B
SRR11785141	6115776142	SAMN14598427	2015	SRX8337561	USA: Georgia	Homo sapiens	AFIS1554	Bronch wash	Sartorya fumigata	AFIS1554	211	2015	GA	SE	Resistant			2	1	1.1	B
SRR11785142	4891818818	SAMN14598426	2015	SRX8337560	USA: Georgia	Homo sapiens	AFIS1549	BAL	Sartorya fumigata	AFIS1549	169	2015	GA	SE	Resistant			2	0.5	1.1	B
SRR11785143	3307776392	SAMN14598425	2015	SRX8337559	USA: Georgia	Homo sapiens	AFIS1543	sputum	Sartorya fumigata	AFIS1543	114	2015	GA	SE	Susceptible			0.75	0.19	1.2	B
SRR11785144	3677125402	SAMN14598424	2015	SRX8337558	USA: Georgia	Homo sapiens	AFIS1542	sputum	Sartorya fumigata	AFIS1542	127	2015	GA	SE	Susceptible			0.5	0.35	1.2	B
SRR11785145	3050761428	SAMN14598423	2015	SRX8337557	USA: Georgia	Homo sapiens	AFIS1541	sputum	Sartorya fumigata	AFIS1541	105	2015	GA	SE	Susceptible	I242V		1	0.5	1.2	B
SRR11785146	3803953694	SAMN14598405	2015	SRX8337556	USA: Michigan	Homo sapiens	AFIS1433	Sinus	Sartorya fumigata	AFIS1433	131	2015	MI	MW	Susceptible			1.5	0.25	1.1	B
SRR11785147	2639406062	SAMN14598422	2013	SRX8337555	USA: North Carolina	Homo sapiens	AFIS1527	sputum	Sartorya fumigata	AFIS1527	91	2013	NC	Mid-Atlantic	Susceptible			1	0.5	1.1	B
SRR11785148	3294281628	SAMN14598421	2013	SRX8337554	USA: North Carolina	Homo sapiens	AFIS1526	sputum	Sartorya fumigata	AFIS1526	114	2013	NC	Mid-Atlantic	Susceptible			1	0.5	1.1	B
SRR11785149	2441749084	SAMN14598567	not available	SRX8337553	not available	Homo sapiens	B6687	not available	Sartorya fumigata	B6687	84	NA	NA	NA	Susceptible			0.06	0.125	1.2	A
SRR11785150	2324020546	SAMN14598566	not available	SRX8337552	not available	Homo sapiens	B5603	not available	Sartorya fumigata	B5603	145	NA	WI	MW	Susceptible			0.06	0.125	1.2	A
SRR11785151	3420581314	SAMN14598580	2015	SRX8337551	USA: Georgia	Environmental	B11982	soil	Sartorya fumigata	B11982	100	2015	GA	SE	Resistant		TR34/L98H/S297T/F495I	>16	4	1.2	A
SRR11785152	3693928346	SAMN14598579	2015	SRX8337550	USA: Georgia	Environmental	B11978	soil	Sartorya fumigata	B11978	110	2015	GA	SE	Resistant		TR34/L98H/S297T/F495I	>16	0.5	1.2	A
SRR11785153	2492129804	SAMN14598578	2015	SRX8337549	USA: Georgia	Environmental	B11973	soil	Sartorya fumigata	B11973	79	2015	GA	SE	Resistant	F46Y/M172V/N248T/D255E/E427K		>16	4	1.2	B
SRR11785154	2920430682	SAMN14598577	2015	SRX8337548	USA: Georgia	Environmental	B11971	soil	Sartorya fumigata	B11971	86	2015	GA	SE	Resistant	G254V		>16	4	1.1	A
SRR11785155	3948751076	SAMN14598576	2015	SRX8337547	USA: Georgia	Environmental	B11969	soil	Sartorya fumigata	B11969	124	2015	GA	SE	Resistant			>16	1	1.2	B
SRR11785156	3527773876	SAMN14598575	2015	SRX8337546	USA: Georgia	Environmental	B11965	soil	Sartorya fumigata	B11965	104	2015	GA	SE	Resistant	I242V		>16	2	1.2	B
SRR11785157	4340056060	SAMN14598420	2014	SRX8337545	USA: North Carolina	Homo sapiens	AFIS1522	sputum	Sartorya fumigata	AFIS1522	150	2014	NC	Mid-Atlantic	Susceptible			1.5	0.38	1.1	B
SRR11785158	3017628424	SAMN14598574	2015	SRX8337544	USA: Georgia	Environmental	B11959	soil	Sartorya fumigata	B11959	111	2015	GA	SE	Resistant	I242V		>16	0.25	1.1	B
SRR11785159	3228100458	SAMN14598573	2015	SRX8337543	USA: Georgia	Environmental	B11957	soil	Sartorya fumigata	B11957	118	2015	GA	SE	Resistant		TR34/L98H/S297T/F495I	>16	0.5	1.2	A
SRR11785160	2910299318	SAMN14598572	2015	SRX8337542	USA: Georgia	Environmental	B11951	soil	Sartorya fumigata	B11951	127	2015	GA	SE	Resistant			>16	0.5	1.1	A
SRR11785161	3197455868	SAMN14598571	2015	SRX8337541	USA: Georgia	Environmental	B11943	soil	Sartorya fumigata	B11943	86	2015	GA	SE	Resistant		TR34/L98H/S297T/F495I	>16	0.5	1.2	A
SRR11785162	2303537942	SAMN14598570	2015	SRX8337540	USA: Georgia	Environmental	B11930	soil	Sartorya fumigata	B11930	101	2015	GA	SE	Resistant		TR34/L98H/S297T/F495I	>16	0.5	1.2	A
SRR11785163	2503448900	SAMN14598569	2015	SRX8337539	USA: Georgia	Environmental	B11928	soil	Sartorya fumigata	B11928	136	2015	GA	SE	Resistant			>16	0.5	1.1	A
SRR11785164	3609800174	SAMN14598568	2015	SRX8337538	USA: Georgia	Environmental	B11927	soil	Sartorya fumigata	B11927	122	2015	GA	SE	Resistant		TR34/L98H/S297T/F495I	>16	0.5	1.2	A
SRR11785165	2597410750	SAMN14598565	2017	SRX8337537	USA: Virginia	Homo sapiens	AFIS3199	Endotracheal aspirate	Sartorya fumigata	AFIS3199	90	2017	VA	Mid-Atlantic	Resistant		G448S	16	8	1.1	B
SRR11785166	2230569732	SAMN14598564	2017	SRX8337536	USA: Virginia	Homo sapiens	AFIS3137	Endotracheal aspirate	Sartorya fumigata	AFIS3137	77	2017	VA	Mid-Atlantic	Resistant		G448S	16	8	1.1	B
SRR11785167	3252434406	SAMN14598563	2017	SRX8337535	USA: West Virginia	Homo sapiens	AFIS3129	sputum	Sartorya fumigata	AFIS3129	112	2017	WV	Mid-Atlantic	Resistant	D262Y		8	2	1.2	B
SRR11785168	3723927364	SAMN14598419	2015	SRX8337534	USA: Michigan	Homo sapiens	AFIS1517	Trach	Sartorya fumigata	AFIS1517	163	2015	MI	MW	Susceptible			1.5	0.38	1.1	B
SRR11785169	4090778924	SAMN14598562	2017	SRX8337533	USA: California	Homo sapiens	AFIS3092	sputum	Sartorya fumigata	AFIS3092	141	2017	CA	W	Resistant			16	1	1.1	B
SRR11785170	3763650624	SAMN14598561	2017	SRX8337532	USA: Pennsylvania	Homo sapiens	AFIS3068	sputum	Sartorya fumigata	AFIS3068	130	2017	PA	Mid-Atlantic	Resistant	I242V		2	0.75	1.1	B
SRR11785171	5326568388	SAMN14598560	2017	SRX8337531	USA: California	Homo sapiens	AFIS2889	sputum	Sartorya fumigata	AFIS2889	184	2017	CA	W	Resistant		TR34/L98H/S297T/F495I	8	0.25	1.2	A
SRR11785172	4103606028	SAMN14598559	2016	SRX8337530	USA: Virginia	Homo sapiens	AFIS2768	sputum	Sartorya fumigata	AFIS2768	142	2016	VA	Mid-Atlantic	Resistant		TR34/L98H	16	0.5	1.2	A
SRR11785173	3590396368	SAMN14598558	2017	SRX8337529	USA: Pennsylvania	Homo sapiens	AFIS2714	Bronch Lavage	Sartorya fumigata	AFIS2714	124	2017	PA	Mid-Atlantic	Resistant		TR34/L98H	16	2	1.2	A
SRR11785174	4417752106	SAMN14598557	2016	SRX8337528	USA: Pennsylvania	Homo sapiens	AFIS2575	Bronch wash	Sartorya fumigata	AFIS2575	152	2016	PA	Mid-Atlantic	Susceptible			0.5	0.19	1.2	B
SRR11785175	2840141806	SAMN14598556	2016	SRX8337527	USA: Pennsylvania	Homo sapiens	AFIS2574	skin	Sartorya fumigata	AFIS2574	98	2016	PA	Mid-Atlantic	Susceptible			0.5	0.19	1.2	B
SRR11785176	4364147542	SAMN14598555	2016	SRX8337526	USA: New Jersey	Homo sapiens	AFIS2567	sputum	Sartorya fumigata	AFIS2567	150	2016	NJ	NE	Susceptible			0.5	0.25	1.1	B
SRR11785177	5327080930	SAMN14598554	2016	SRX8337525	USA: New Jersey	Homo sapiens	AFIS2566	Bronch wash	Sartorya fumigata	AFIS2566	184	2016	NJ	NE	Susceptible			0.75	0.19	1.2	B
SRR11785178	4491779034	SAMN14598553	2016	SRX8337524	USA: Arkansas	Homo sapiens	AFIS2558	BAL	Sartorya fumigata	AFIS2558	155	2016	AR	Central	Susceptible			1.5	0.38	1.2	B
SRR11785179	3518757454	SAMN14598418	2015	SRX8337523	USA: Michigan	Homo sapiens	AFIS1516	Trach	Sartorya fumigata	AFIS1516	121	2015	MI	MW	Susceptible			1.5	0.38	1.1	B
SRR11785180	4981072912	SAMN14598552	2016	SRX8337522	USA: Delaware	Homo sapiens	AFIS2548	BAL	Sartorya fumigata	AFIS2548	172	2016	MT	Mountain	Susceptible			0.75	0.38	1.1	A
SRR11785181	5791717070	SAMN14598551	2016	SRX8337521	USA: Montana	Homo sapiens	AFIS2546	sputum	Sartorya fumigata	AFIS2546	200	2016	MT	Mountain	Susceptible			1	0.25	1.2	B
SRR11785182	5862347968	SAMN14598550	2016	SRX8337520	USA: Wyoming	Homo sapiens	AFIS2512	Tracheal Secretion	Sartorya fumigata	AFIS2512	202	2016	WY	Mountain	Susceptible	F46Y/M172V/N248T/D255E/E427K		1	0.38	1.2	B
SRR11785183	3130012168	SAMN14598549	2016	SRX8337519	USA: Montana	Homo sapiens	AFIS2511	sputum	Sartorya fumigata	AFIS2511	108	2016	MT	Mountain	Susceptible			0	0	1.2	B
SRR11785184	3141843555	SAMN14598548	2016	SRX8337518	USA: Arkansas	Homo sapiens	AFIS2506	Paranasal Sinus	Sartorya fumigata	AFIS2506	144	2016	AR	Central	Susceptible			1	0.25	1.1	B
SRR11785185	3840195082	SAMN14598547	2016	SRX8337517	USA: Mississippi	Homo sapiens	AFIS2503	Pleural Fluid	Sartorya fumigata	AFIS2503	132	2016	MS	SE	Susceptible			0.25	0.19	1.1	B
SRR11785186	4191308440	SAMN14598546	2016	SRX8337516	USA: Kentucky	Homo sapiens	AFIS2488	ear	Sartorya fumigata	AFIS2488	145	2016	KY	MW	Susceptible			0.5	0.25	1.1	B
SRR11785187	3580123440	SAMN14598545	2016	SRX8337515	USA: Kentucky	Homo sapiens	AFIS2487	ear	Sartorya fumigata	AFIS2487	123	2016	KY	MW	Susceptible			1	0.25	1.1	B
SRR11785188	3155394794	SAMN14598544	2016	SRX8337514	USA: Arkansas	Homo sapiens	AFIS2413	eye	Sartorya fumigata	AFIS2413	109	2016	AR	Central	Resistant	I242V		2	0.75	1.2	B
SRR11785189	3028880252	SAMN14598543	2016	SRX8337513	USA: Texas	Homo sapiens	AFIS2400	sputum	Sartorya fumigata	AFIS2400	104	2016	TX	Mountain	Resistant	F46Y/M172V/N248T/D255E/E427K		8	0.75	1.1	B
SRR11785190	3130191884	SAMN14598417	2015	SRX8337512	USA: Texas	Homo sapiens	AFIS1511	sputum	Sartorya fumigata	AFIS1511	108	2015	TX	Mountain	Susceptible			0.5	0.5	1.1	B
SRR11785191	4905415990	SAMN14598542	2016	SRX8337511	USA: Pennsylvania	Homo sapiens	AFIS2394	sputum	Sartorya fumigata	AFIS2394	169	2016	PA	Mid-Atlantic	Susceptible	A9T		1.5	0.38	1.1	B
SRR11785192	4328122014	SAMN14598541	2016	SRX8337510	USA: Pennsylvania	Homo sapiens	AFIS2393	Bronch wash	Sartorya fumigata	AFIS2393	149	2016	PA	Mid-Atlantic	Susceptible			1.5	0.38	1.1	B
SRR11785193	4983945356	SAMN14598540	2016	SRX8337509	not available	Homo sapiens	AFIS2351B	Toenail	Sartorya fumigata	AFIS2351B	80	2016	WI	MW	Susceptible	I242V		0.25	0.75	1.1	B
SRR11785194	4194192430	SAMN14598539	2016	SRX8337508	USA: Wisconsin	Homo sapiens	AFIS2351A	sputum	Sartorya fumigata	AFIS2351A	172	2016	WI	MW	Susceptible			0.125	1	1.1	B
SRR11785195	4261719462	SAMN14598538	2016	SRX8337507	USA: Virginia	Homo sapiens	AFIS2305	Bronch wash	Sartorya fumigata	AFIS2305	147	2016	VA	Mid-Atlantic	Resistant	I242V		2	1	1.1	B
SRR11785196	3449009072	SAMN14598537	2016	SRX8337506	USA: Alaska	Homo sapiens	AFIS2297	sputum	Sartorya fumigata	AFIS2297	172	2016	AK	W	Susceptible			0.75	0.25	1.1	B
SRR11785197	4975960544	SAMN14598536	2016	SRX8337505	USA: Delaware	Homo sapiens	AFIS2292	sputum	Sartorya fumigata	AFIS2292	172	2016	DE	Mid-Atlantic	Susceptible			0.5	0.25	1.2	B
SRR11785198	5081883046	SAMN14598535	2016	SRX8337504	USA: Georgia	Homo sapiens	AFIS2288	BAL	Sartorya fumigata	AFIS2288	175	2016	GA	SE	Resistant	I242V		2	1	1.1	B
SRR11785199	4841421532	SAMN14598534	2016	SRX8337503	USA: Wyoming	Homo sapiens	AFIS2277	BAL	Sartorya fumigata	AFIS2277	167	2016	WY	W	Susceptible			1	0.38	1.1	A
SRR11785200	3568601034	SAMN14598533	2016	SRX8337502	USA: Delaware	Homo sapiens	AFIS2275	throat	Sartorya fumigata	AFIS2275	123	2016	DE	Mid-Atlantic	Susceptible			0.5	0.38	1.2	B
SRR11785201	3318468490	SAMN14598416	2015	SRX8337501	USA: Indiana	Homo sapiens	AFIS1501	sputum	Sartorya fumigata	AFIS1501	114	2015	IN	MW	Susceptible			1.5	0.25	1.2	B
SRR11785202	5004255272	SAMN14598532	2016	SRX8337500	USA: Pennsylvania	Homo sapiens	AFIS2247	sputum	Sartorya fumigata	AFIS2247	173	2016	PA	Mid-Atlantic	Susceptible			0.5	0.25	1.1	B
SRR11785203	5116086816	SAMN14598531	2016	SRX8337499	USA: California	Homo sapiens	AFIS2244	sputum	Sartorya fumigata	AFIS2244	176	2016	CA	W	Susceptible			1.5	0.38	1.1	B
SRR11785204	4484404152	SAMN14598530	2016	SRX8337498	USA: California	Homo sapiens	AFIS2242	sputum	Sartorya fumigata	AFIS2242	155	2016	CA	W	Resistant	I242V		2	1	1.1	B
SRR11785205	2898217684	SAMN14598529	2016	SRX8337497	USA: California	Homo sapiens	AFIS2241	sputum	Sartorya fumigata	AFIS2241	100	2016	CA	W	Resistant			2	0.5	1.1	B
SRR11785206	4685492300	SAMN14598528	2016	SRX8337496	USA: Pennsylvania	Homo sapiens	AFIS2231	BAL	Sartorya fumigata	AFIS2231	162	2016	PA	Mid-Atlantic	Susceptible			1	0.38	1.1	B
SRR11785207	4524734330	SAMN14598527	2016	SRX8337495	USA: Alabama	Homo sapiens	AFIS2224	Bronch wash	Sartorya fumigata	AFIS2224	156	2016	AL	SE	Susceptible			1.5	0.38	1.1	B
SRR11785208	3333186126	SAMN14598526	2016	SRX8337494	USA: Georgia	Homo sapiens	AFIS2219	not available	Sartorya fumigata	AFIS2219	115	2016	GA	SE	Susceptible			0.25	1	1.1	B
SRR11785209	4200686302	SAMN14598525	2016	SRX8337493	USA: Georgia	Homo sapiens	AFIS2211	not available	Sartorya fumigata	AFIS2211	145	2016	GA	SE	Resistant	I242V		2	0.5	1.2	B
SRR11785210	4815457590	SAMN14598524	2016	SRX8337492	USA: Ohio	Homo sapiens	AFIS2202	not available	Sartorya fumigata	AFIS2202	166	2016	OH	MW	Susceptible	I242V		0.5	1	1.2	B
SRR11785211	4588790032	SAMN14598523	2016	SRX8337491	USA: New Jersey	Homo sapiens	AFIS2194	sputum	Sartorya fumigata	AFIS2194	158	2016	NJ	NE	Susceptible			0.75	0.25	1.1	B
SRR11785212	3897757916	SAMN14598415	2015	SRX8337490	USA: Indiana	Homo sapiens	AFIS1499	sputum	Sartorya fumigata	AFIS1499	134	2015	IN	MW	Susceptible			0.5	0.19	1.2	B
SRR11785213	4208828240	SAMN14598522	2016	SRX8337489	USA: Illinois	Homo sapiens	AFIS2193	Lung tissue	Sartorya fumigata	AFIS2193	145	2016	IL	MW	Susceptible	A9T		0.5	1	1.2	B
SRR11785214	3550100326	SAMN14598521	2016	SRX8337488	USA: Arkansas	Homo sapiens	AFIS2190	Bronch wash	Sartorya fumigata	AFIS2190	122	2016	AR	Central	Susceptible			1	0.25	1.1	B
SRR11785215	3076357404	SAMN14598520	2016	SRX8337487	USA: New Jersey	Homo sapiens	AFIS2188	Bronch wash	Sartorya fumigata	AFIS2188	106	2016	NJ	NE	Susceptible			1	0.38	1.2	B
SRR11785216	3774968716	SAMN14598519	2016	SRX8337486	USA: Pennsylvania	Homo sapiens	AFIS2165	sputum	Sartorya fumigata	AFIS2165	130	2016	PA	Mid-Atlantic	Susceptible			1	1	1.2	B
SRR11785217	2754981020	SAMN14598518	2016	SRX8337485	USA: Pennsylvania	Homo sapiens	AFIS2164	sputum	Sartorya fumigata	AFIS2164	95	2016	PA	Mid-Atlantic	Susceptible			0.25	1	1.1	B
SRR11785218	5806201778	SAMN14598517	2016	SRX8337484	USA: Arizona	Homo sapiens	AFIS2162	sputum	Sartorya fumigata	AFIS2162	200	2016	AZ	Mountain	Susceptible			0.5	0.25	1.1	B
SRR11785219	4303892984	SAMN14598516	2016	SRX8337483	USA: New Mexico	Homo sapiens	AFIS2159	BAL	Sartorya fumigata	AFIS2159	148	2016	NM	Mountain	Susceptible			0.5	0.38	1.2	B
SRR11785220	5343906966	SAMN14598515	2016	SRX8337482	USA: Missouri	Homo sapiens	AFIS2157	sputum	Sartorya fumigata	AFIS2157	184	2016	MO	Central	Susceptible			0.5	0.38	1.2	B
SRR11785221	4963548594	SAMN14598514	2016	SRX8337481	USA: Massachusetts	Homo sapiens	AFIS2153	sputum	Sartorya fumigata	AFIS2153	171	2016	MA	NE	Susceptible			0.75	0.5	1.2	B
SRR11785222	4657690536	SAMN14598513	2016	SRX8337480	USA: Arkansas	Homo sapiens	AFIS2152	BAL	Sartorya fumigata	AFIS2152	161	2016	AR	Central	Susceptible			0.5	0.25	1.1	B
SRR11785223	3361729846	SAMN14598414	2015	SRX8337479	USA: Ohio	Homo sapiens	AFIS1493	ear	Sartorya fumigata	AFIS1493	116	2015	OH	MW	Susceptible			0.5	0.75	1.2	B
SRR11785224	4478864582	SAMN14598512	2016	SRX8337478	USA: Colorado	Homo sapiens	AFIS2150	sputum	Sartorya fumigata	AFIS2150	154	2016	CO	Mountain	Susceptible			0.5	0.38	1.2	B
SRR11785225	4918993584	SAMN14598511	2016	SRX8337477	USA: Indiana	Homo sapiens	AFIS2123	sputum	Sartorya fumigata	AFIS2123	170	2016	IN	MW	Susceptible			0.25	0.25	1.2	B
SRR11785226	4375043954	SAMN14598510	2016	SRX8337476	USA: Indiana	Homo sapiens	AFIS2122	sputum	Sartorya fumigata	AFIS2122	151	2016	IN	MW	Susceptible			0.5	0.38	1.2	B
SRR11785227	4163789804	SAMN14598509	2016	SRX8337475	USA: Georgia	Homo sapiens	AFIS2105	not available	Sartorya fumigata	AFIS2105	144	2016	GA	SE	Resistant	I242V		2	1	1.1	B
SRR11785228	4888190864	SAMN14598508	2016	SRX8337474	USA: District of Columbia	Homo sapiens	AFIS2101	Brain cystic mass	Sartorya fumigata	AFIS2101	169	2016	DC	Mid-Atlantic	Susceptible			0.5	0.38	1.1	B
SRR11785229	4595175472	SAMN14598507	2016	SRX8337473	USA: Florida	Homo sapiens	AFIS2099	Bronch wash	Sartorya fumigata	AFIS2099	158	2016	FL	SE	Susceptible			0.5	0.38	1.1	B
SRR11785230	2308733140	SAMN14598506	2016	SRX8337472	USA: Missouri	Homo sapiens	AFIS2098	Bronch wash	Sartorya fumigata	AFIS2098	80	2016	MO	Central	Susceptible	F46Y/M172V/N248T/D255E/E427K		0.75	0.5	1.1	B
SRR11785231	5124250842	SAMN14598505	2016	SRX8337471	USA: Florida	Homo sapiens	AFIS2097	Bronch wash	Sartorya fumigata	AFIS2097	177	2016	FL	SE	Susceptible			0.38	0.25	1.2	B
SRR11785232	3445155218	SAMN14598504	2016	SRX8337470	USA: California	Homo sapiens	AFIS2093	sputum	Sartorya fumigata	AFIS2093	119	2016	CA	W	Susceptible			0.25	0.125	1.2	B
SRR12081224	4944906322	SAMN15356935	2016	SRX8608411	USA: Virginia	Homo sapiens	AFIS2254	not available	Sartorya fumigata	AFIS2254	148	2016	VA	Mid-Atlantic	Resistant		TR34/L98H/S297T/F495I	>16	1	1.1	A
SRR29919068	14572020798	SAMN42734861	2022-12	SRX25413306	USA: Mid-Atlantic	Homo sapiens	B25518	Not collected	Aspergillus fumigatus	NA	NA	NA	NA	NA	NA	NA	NA	NA	NA	NA	NA
SRR29919069	2429327094	SAMN42734860	2022-12	SRX25413305	USA: Mid-Atlantic	Homo sapiens	B25454	Not collected	Aspergillus fumigatus	NA	NA	NA	NA	NA	NA	NA	NA	NA	NA	NA	NA
SRR29919070	1658074876	SAMN42734859	2022-12	SRX25413304	USA: Mid-Atlantic	Homo sapiens	B24940	Not collected	Aspergillus fumigatus	NA	NA	NA	NA	NA	NA	NA	NA	NA	NA	NA	NA
SRR29919071	2699266550	SAMN42734858	2022-12	SRX25413303	USA: Mid-Atlantic	Homo sapiens	B24941	Not collected	Aspergillus fumigatus	NA	NA	NA	NA	NA	NA	NA	NA	NA	NA	NA	NA
SRR29919072	737966104	SAMN42734857	2022-02	SRX25413302	USA: Mid-Atlantic	Homo sapiens	B22635	Not collected	Aspergillus fumigatus	NA	NA	NA	NA	NA	NA	NA	NA	NA	NA	NA	NA
SRR29919073	933202438	SAMN42734856	2022-01	SRX25413301	USA: Mid-Atlantic	Homo sapiens	B22115	Not collected	Aspergillus fumigatus	NA	NA	NA	NA	NA	NA	NA	NA	NA	NA	NA	NA
SRR29919074	4394517036	SAMN42734855	2022-08	SRX25413300	USA: Mid-Atlantic	Homo sapiens	B23932	Not collected	Aspergillus fumigatus	NA	NA	NA	NA	NA	NA	NA	NA	NA	NA	NA	NA
SRR29919075	1257389520	SAMN42734854	2019-08	SRX25413299	USA: Mid-Atlantic	Homo sapiens	AFIS-4954	Not collected	Aspergillus fumigatus	NA	NA	NA	NA	NA	NA	NA	NA	NA	NA	NA	NA
