sample_name	assembly	species	X_FC_resistance	Fluconazole_resistance	Itraconazole_resistance	Voriconazole_resistance	Posaconazole_resistance	Terbinafin_resistance	Caspofungi_resistance	Amphotericin_B_resistance	Total Drug Res	Order	Dipodascales_Fluconazole_resistance	Phaffomycetales_Fluconazole_resistance	Pichiales_Fluconazole_resistance	Saccharomycetales_Fluconazole_resistance	Serinales_Fluconazole_resistance
SRR16974325	yHMPu5000035005_lodderomyces_elongisporus_160519.haplomerger2	Lodderomyces_elongisporus_CBS2605	NR	NR	NR	NR	NR	NR	NR	NR	0	Serinales	NA	NA	NA	NA	Serinales_NR
SRR16974357	yHMPu5000034659_debaryomyces_hansenii_180604	Debaryomyces_hansenii_CBS767	NR	R	NR	R	NR	NR	NR	R	3	Serinales	NA	NA	NA	NA	Serinales_R
SRR16974273	yHMPu5000034723_candida_glabrata_180604	Candida_glabrata_CBS138	NR	NR	NR	NR	NR	R	NR	NR	1	Saccharomycetales	NA	NA	NA	Saccharomycetales_NR	NA
SRR16988934	yHMPu5000035666_nakaseomyces_bacillisporus_160613	Nakaseomyces_bacillisporus_CBS7720	NR	R	NR	R	NR	R	NR	NR	3	Saccharomycetales	NA	NA	NA	Saccharomycetales_R	NA
SRR16974372	yHMPu5000026127_nakaseomyces_delphensis_160519	Nakaseomyces_delphensis_CBS2170	NR	R	NR	R	R	NR	NR	NR	3	Saccharomycetales	NA	NA	NA	Saccharomycetales_R	NA
SRR16974272	yHMPu5000034724_candida_castellii_180604	Candida_castellii_CBS4332	NR	R	NR	NR	NR	NR	NR	NR	1	Saccharomycetales	NA	NA	NA	Saccharomycetales_R	NA
SRR16974707	yHMPu5000034863_zygosaccharomyces_rouxii_180604	Zygosaccharomyces_rouxii_CBS732	NR	R	R	R	R	NR	NR	NR	4	Saccharomycetales	NA	NA	NA	Saccharomycetales_R	NA
SRR16974309	yHMPu5000034678_lachancea_thermotolerans_180604	Lachancea_thermotolerans_CBS6340	NR	NR	NR	NR	NR	NR	NR	NR	0	Saccharomycetales	NA	NA	NA	Saccharomycetales_NR	NA
SRR16974293	yHMPu5000034695_lachancea_fermentati_201018	Lachancea_fermentati_CBS707	NR	R	NR	NR	NR	NR	NR	NR	1	Saccharomycetales	NA	NA	NA	Saccharomycetales_R	NA
SRR16974392	yHAB137_kazachstania_africana_160519	Kazachstania_africana_CBS2517	NR	NR	NR	NR	NR	NR	NR	NR	0	Saccharomycetales	NA	NA	NA	Saccharomycetales_NR	NA
SRR16974698	yHMPu5000034871_naumovozyma_castellii_180604	Naumovozyma_castellii_CBS4309	NR	R	NR	NR	NR	NR	NR	NR	1	Saccharomycetales	NA	NA	NA	Saccharomycetales_R	NA
SRR16974697	yHMPu5000034872_naumovozyma_dairenensis_180604	Naumovozyma_dairenensis_CBS421	NR	R	R	R	R	R	NR	NR	5	Saccharomycetales	NA	NA	NA	Saccharomycetales_R	NA
SRR16974695	yHMPu5000034874_tetrapisispora_blattae_190924	Tetrapisispora_blattae_CBS6284	NR	R	NR	R	R	NR	NR	NR	3	Saccharomycetales	NA	NA	NA	Saccharomycetales_R	NA
SRR16974245	yHMPu5000034580_tetrapisispora_phaffii_180604	Tetrapisispora_phaffii_CBS4417	NR	NR	NR	NR	NR	NR	NR	NR	0	Saccharomycetales	NA	NA	NA	Saccharomycetales_NR	NA
SRR16988980	yHMPu5000035653_torulaspora_delbrueckii_160613	Torulaspora_delbrueckii_CBS1146	NR	R	NR	NR	NR	NR	NR	NR	1	Saccharomycetales	NA	NA	NA	Saccharomycetales_R	NA
SRR16974617	yHMPu5000035043_babjeviella_inositovora_180604	Babjeviella_inositovora_CBS8006	NR	NR	NR	NR	NR	NR	NR	R	1	Serinales	NA	NA	NA	NA	Serinales_NR
SRR16974405	yHMPu5000034976_dekkera_anomala_160519.haplomerger2	Brettanomyces_anomalus_CBS8139	NR	R	NR	NR	NR	NR	R	NR	2	Pichiales	NA	NA	Pichiales_R	NA	NA
SRR16974407	yHMPu5000034975_dekkera_bruxellensis_160519.haplomerger2	Brettanomyces_bruxellensis_CBS74	NR	NR	NR	NR	NR	NR	NR	NR	0	Pichiales	NA	NA	Pichiales_NR	NA	NA
SRR16974416	yHMPu5000034965_Brettanomyces_naardenensis_SPADES	Brettanomyces_naardenensis_CBS6042	NR	NR	NR	NR	NR	NR	NR	NR	0	Pichiales	NA	NA	Pichiales_NR	NA	NA
SRR16988951	yHMPu5000035336_cyberlindnera_jadinii_180604.haplomerger2	Cyberlindnera_jadinii_CBS1600	NR	NR	NR	NR	NR	NR	NR	NR	0	Phaffomycetales	NA	Phaffomycetales_NR	NA	NA	NA
SRR16974551	yHMPu5000035273_wickerhamomyces_anomalus_180604.haplomerger2	Wickerhamomyces_anomalus_CBS5759	NR	R	NR	R	R	NR	NR	NR	3	Phaffomycetales	NA	Phaffomycetales_R	NA	NA	NA
SRR16974516	yHMPu5000026219_lachancea_waltii_180604	Lachancea_waltii_CBS6430	NR	R	NR	NR	R	NR	NR	NR	2	Saccharomycetales	NA	NA	NA	Saccharomycetales_R	NA
SRR16988666	yHMPu5000037927_candida_apicola_180604	Starmerella_apicola_CBS2868	NR	NR	NR	NR	NR	NR	NR	NR	0	Dipodascales	Dipodascales_NR	NA	NA	NA	NA
SRR16974238	yHMPu5000034586_candida_geochares_180604	Starmerella_geochares_CBS6870	NR	NR	NR	NR	NR	NR	NR	NR	0	Dipodascales	Dipodascales_NR	NA	NA	NA	NA
SRR16974237	yHMPu5000034587_candida_gropengiesseri_180604	Starmerella_gropengiesseri_CBS156	NR	R	NR	R	NR	NR	R	NR	3	Dipodascales	Dipodascales_R	NA	NA	NA	NA
SRR16974546	yHMPu5000035277_candida_pararugosa_201018	Wickerhamiella_pararugosa_CBS1010	R	R	NR	NR	NR	NR	NR	NR	2	Dipodascales	Dipodascales_R	NA	NA	NA	NA
SRR16974530	yHMPu5000026142_citeromyces_matritensis_160519.haplomerger2	Citeromyces_matritensis_CBS2764	NR	NR	NR	NR	NR	NR	NR	NR	0	Pichiales	NA	NA	Pichiales_NR	NA	NA
SRR16974632	yHMPu5000034607_saccharomycopsis_capsularis_180604	Saccharomycopsis_capsularis_CBS2519	NR	NR	NR	NR	NR	NR	NR	NR	0	Ascoideales	NA	NA	NA	NA	NA
SRR16988848	yHMPu5000040959_metschnikowia_aberdeeniae_201018	Metschnikowia_aberdeeniae_CBS10289	NR	NR	NR	NR	NR	NR	NR	NR	0	Serinales	NA	NA	NA	NA	Serinales_NR
SRR16988851	yHMPu5000040956_metschnikowia_borealis_201018	Metschnikowia_borealis_CBS8431	NR	NR	NR	NR	NR	NR	NR	NR	0	Serinales	NA	NA	NA	NA	Serinales_NR
SRR16988890	yHMPu5000040943_metschnikowia_continentalis_201018	Metschnikowia_continentalis_CBS8429	NR	NR	NR	NR	NR	NR	NR	NR	0	Serinales	NA	NA	NA	NA	Serinales_NR
SRR16988888	yHMPu5000040945_metschnikowia_dekortorum_201018	Metschnikowia_dekortorum_CBS9063	NR	NR	NR	NR	NR	NR	NR	NR	0	Serinales	NA	NA	NA	NA	Serinales_NR
SRR16988858	yHMPu5000040948_metschnikowia_hamakuensis_201018	Metschnikowia_hamakuensis_CBS10056	NR	NR	NR	NR	NR	NR	NR	NR	0	Serinales	NA	NA	NA	NA	Serinales_NR
SRR16988856	yHMPu5000040950_metschnikowia_hibisci_200128	Metschnikowia_hibisci_CBS8433	NR	NR	NR	NR	NR	NR	NR	NR	0	Serinales	NA	NA	NA	NA	Serinales_NR
SRR16988855	yHMPu5000040951_metschnikowia_ipomoeae_201018	Metschnikowia_ipomoeae_CBS8466	NR	NR	NR	NR	NR	NR	NR	NR	0	Serinales	NA	NA	NA	NA	Serinales_NR
SRR16988892	yHMPu5000040941_metschnikowia_lochheadii_201018	Metschnikowia_lochheadii_CBS8807	NR	NR	NR	NR	NR	NR	NR	NR	0	Serinales	NA	NA	NA	NA	Serinales_NR
SRR16974440	yHMPu5000034937_kuraishia_capsulata_160519	Kuraishia_capsulata_CBS1993	NR	NR	NR	NR	NR	NR	NR	NR	0	Pichiales	NA	NA	Pichiales_NR	NA	NA
SRR16974452	yHMPu5000034925_candida_arabinofermentans_160519	Candida_arabinofermentans_CBS8468	NR	NR	NR	NR	NR	NR	NR	NR	0	Pichiales	NA	NA	Pichiales_NR	NA	NA
SRR16974731	yHMPu5000034592_metschnikowia_bicuspidata_var_bicuspidata_180604	Metschnikowia_bicuspidata_var._bicuspidata_CBS5575	NR	NR	NR	NR	NR	NR	NR	NR	0	Serinales	NA	NA	NA	NA	Serinales_NR
SRR16988931	yHMPu5000035669_pachysolen_tannophilus_160613	Pachysolen_tannophilus_CBS4044	NR	NR	NR	NR	NR	NR	NR	NR	0	Alaninales	NA	NA	NA	NA	NA
SRR16988940	yHMPu5000035661_pichia_membranifaciens_160519	Pichia_membranifaciens_CBS107	NR	R	R	R	R	NR	NR	NR	4	Pichiales	NA	NA	Pichiales_R	NA	NA
SRR16974319	yHMPu5000035010_candida_tanzawaensis_190924	Suhomyces_tanzawaensis_CBS7422	NR	R	NR	NR	NR	R	NR	R	3	Serinales	NA	NA	NA	NA	Serinales_R
SRR16974700	yHMPu5000034869_vanderwaltozyma_polyspora_180604	Vanderwaltozyma_polyspora_CBS2163	NR	R	NR	NR	NR	NR	NR	NR	1	Saccharomycetales	NA	NA	NA	Saccharomycetales_R	NA
SRR16974363	yHMPu5000034654_aciculoconidium_aculeatum_180604	Aciculoconidium_aculeatum_CBS5578	NR	NR	NR	NR	NR	R	NR	NR	1	Serinales	NA	NA	NA	NA	Serinales_NR
SRR16974506	yHMPu5000026279_Ambrosiozyma_monospora_SPADES	Ambrosiozyma_monospora_CBS2554	NR	NR	NR	NR	NR	NR	NR	NR	0	Pichiales	NA	NA	Pichiales_NR	NA	NA
SRR16974612	yHMPu5000035048_Barnettozyma_salicaria_SPADES	Barnettozyma_salicaria_CBS5456	NR	NR	R	NR	NR	NR	R	NR	2	Phaffomycetales	NA	Phaffomycetales_NR	NA	NA	NA
SRR16974362	yHMPu5000034655_botryozyma_nematodophila_190924.haplomerger2	Botryozyma_nematodophila_CBS7426	NR	R	NR	NR	NR	R	R	NR	3	Trigonopsidales	NA	NA	NA	NA	NA
SRR16974342	yHMPu5000034987_candida_intermedia_160519	Candida_intermedia_CBS572	NR	NR	NR	NR	NR	NR	NR	NR	0	Serinales	NA	NA	NA	NA	Serinales_NR
SRR16974591	yHMPu5000035261_candida_ponderosae_170307	Candida_ponderosae_CBS8801	NR	NR	NR	NR	NR	NR	NR	NR	0	Phaffomycetales	NA	Phaffomycetales_NR	NA	NA	NA
SRR16974567	yHMPu5000034643_Candida_schatavii_SPAdes	Candida_schatavii_CBS6452	NR	NR	NR	NR	NR	NR	NR	R	1	Serinales	NA	NA	NA	NA	Serinales_NR
SRR16989059	yHMPu5000041833_candida_tammaniensis_170307	Candida_tammaniensis_CBS8504	NR	NR	NR	NR	NR	NR	NR	NR	0	Serinales	NA	NA	NA	NA	Serinales_NR
SRR16989173	yHMPu5000035325_cyberlindnera_petersonii_180604	Cyberlindnera_petersonii_CBS5555	NR	NR	R	NR	R	NR	NR	NR	2	Phaffomycetales	NA	Phaffomycetales_NR	NA	NA	NA
SRR16988886	yHMPu5000035686_Cyberlindnera_saturnus_SPADES	Cyberlindnera_saturnus_CBS254	NR	NR	NR	NR	NR	NR	NR	NR	0	Phaffomycetales	NA	Phaffomycetales_NR	NA	NA	NA
SRR16989089	yHMPu5000041829_debaryomyces_fabryi_180604	Debaryomyces_fabryi_CBS789	NR	NR	NR	NR	NR	NR	NR	R	1	Serinales	NA	NA	NA	NA	Serinales_NR
SRR16988841	yHMPu5000041713_debaryomyces_maramus_170307	Debaryomyces_maramus_CBS1958	NR	NR	NR	NR	NR	NR	NR	R	1	Serinales	NA	NA	NA	NA	Serinales_NR
SRR16988843	yHMPu5000041693_debaryomyces_nepalensis_170307	Debaryomyces_nepalensis_CBS5921	NR	R	R	NR	NR	NR	NR	R	3	Serinales	NA	NA	NA	NA	Serinales_R
SRR16988845	yHMPu5000041678_debaryomyces_prosopidis_170307	Debaryomyces_prosopidis_CBS8450	NR	R	R	R	NR	R	NR	NR	4	Serinales	NA	NA	NA	NA	Serinales_R
SRR16974424	yHMPu5000034957_Hanseniaspora_osmophila_SPADES	Hanseniaspora_osmophila_CBS313	NR	NR	NR	NR	NR	NR	NR	NR	0	Saccharomycodales	NA	NA	NA	NA	NA
SRR16988651	yHMPu5000035318_hyphopichia_heimii_180604	Hyphopichia_heimii_CBS6139	NR	NR	NR	NR	NR	NR	NR	NR	0	Serinales	NA	NA	NA	NA	Serinales_NR
SRR16988673	yHMPu5000035316_candida_homilentoma_180604	Hyphopichia_homilentoma_CBS6312	NR	NR	NR	NR	NR	NR	R	NR	1	Serinales	NA	NA	NA	NA	Serinales_NR
SRR16974286	yHAB159_kazachstania_solicola_160519.haplomerger2	Kazachstania_solicola_CBS6904	NR	NR	NR	NR	NR	NR	NR	NR	0	Saccharomycetales	NA	NA	NA	Saccharomycetales_NR	NA
SRR16974297	yHAB158_kazachstania_viticola_160519.haplomerger2	Kazachstania_viticola_CBS6463	NR	NR	NR	NR	NR	NR	NR	NR	0	Saccharomycetales	NA	NA	NA	Saccharomycetales_NR	NA
SRR16988933	yHMPu5000035667_kurtzmaniella_cleridarum_180604	Kurtzmaniella_cleridarum_CBS8793	NR	NR	NR	NR	NR	NR	NR	NR	0	Serinales	NA	NA	NA	NA	Serinales_NR
SRR16988806	yHMPu5000035302_candida_fragi_180604	Kurtzmaniella_fragi_CBS7702	NR	R	NR	NR	NR	NR	NR	NR	1	Serinales	NA	NA	NA	NA	Serinales_R
SRR16974717	yHMPu5000034754_lipomyces_arxii_170713	Lipomyces_arxii_CBS7333	R	NR	NR	NR	NR	NR	NR	NR	1	Lipomycetales	NA	NA	NA	NA	NA
SRR16974710	yHMPu5000034761_Lipomyces_lipofer_SPAdes	Lipomyces_lipofer_CBS944	R	R	NR	NR	NR	NR	NR	NR	2	Lipomycetales	NA	NA	NA	NA	NA
SRR16974580	yHMPu5000034631_martiniozyma_abiesophila_170307.haplomerger2	Martiniozyma_abietophila_CBS5366	NR	NR	NR	NR	NR	NR	NR	NR	0	Pichiales	NA	NA	Pichiales_NR	NA	NA
SRR16988835	yHMPu5000041743_candida_hawaiiana_170307	Metschnikowia_hawaiiana_CBS9146	NR	NR	NR	NR	NR	NR	NR	NR	0	Serinales	NA	NA	NA	NA	Serinales_NR
SRR16974579	yHMPu5000034632_candida_athensensis_180604	Meyerozyma_athensensis_CBS9840	NR	NR	NR	NR	NR	NR	NR	R	1	Serinales	NA	NA	NA	NA	Serinales_NR
SRR16988936	yHMPu5000035664_candida_carpophila_160613	Meyerozyma_carpophila_CBS5256	NR	NR	NR	NR	NR	NR	NR	NR	0	Serinales	NA	NA	NA	NA	Serinales_NR
SRR16974577	yHMPu5000034634_millerozyma_acaciae_160519	Millerozyma_acaciae_CBS5656	R	R	NR	NR	NR	NR	NR	R	3	Serinales	NA	NA	NA	NA	Serinales_R
SRR16974456	yHMPu5000034921_nakazawaea_peltata_160519	Nakazawaea_peltata_CBS5576	NR	NR	NR	NR	NR	NR	NR	NR	0	Alaninales	NA	NA	NA	NA	NA
SRR16974477	yHMPu5000034897_Ogataea_glucozyma_SPAdes	Ogataea_glucozyma_CBS5766	NR	NR	NR	NR	NR	NR	NR	NR	0	Pichiales	NA	NA	Pichiales_NR	NA	NA
SRR16974475	yHMPu5000034900_ogataea_methanolica_160519	Ogataea_methanolica_CBS6515	NR	R	R	R	R	NR	NR	NR	4	Pichiales	NA	NA	Pichiales_R	NA	NA
SRR16974474	yHMPu5000034901_Ogataea_methylivora_SPADES	Ogataea_methylivora_CBS7300	NR	NR	NR	NR	NR	NR	NR	R	1	Pichiales	NA	NA	Pichiales_NR	NA	NA
SRR16974470	yHMPu5000034904_Ogataea_nonfermentans_SPADES	Ogataea_nonfermentans_CBS5764	NR	NR	NR	NR	NR	NR	R	NR	1	Pichiales	NA	NA	Pichiales_NR	NA	NA
SRR16974582	yHMPu5000034629_pichia_exigua_180604	Pichia_exigua_CBS6836	R	R	NR	NR	NR	NR	NR	NR	2	Pichiales	NA	NA	Pichiales_R	NA	NA
SRR16974585	yHMPu5000034627_pichia_heedii_180604	Pichia_heedii_CBS6930	R	R	NR	R	NR	NR	NR	NR	3	Pichiales	NA	NA	Pichiales_R	NA	NA
SRR16974587	yHMPu5000034625_pichia_kudriavzevii_180604.haplomerger2	Pichia_kudriavzevii_CBS5147	NR	R	NR	NR	NR	R	NR	R	3	Pichiales	NA	NA	Pichiales_R	NA	NA
SRR16974588	yHMPu5000034624_pichia_nakasei_180604	Pichia_nakasei_CBS5141	NR	R	NR	NR	NR	NR	NR	NR	1	Pichiales	NA	NA	Pichiales_R	NA	NA
SRR16974589	yHMPu5000034623_pichia_norvegensis_160519.haplomerger2	Pichia_norvegensis_CBS6564	NR	R	NR	NR	NR	NR	NR	NR	1	Pichiales	NA	NA	Pichiales_R	NA	NA
SRR16988817	yHMPu5000035301_pichia_terricola_170307	Pichia_terricola_CBS2617	NR	R	NR	NR	NR	NR	NR	NR	1	Pichiales	NA	NA	Pichiales_R	NA	NA
SRR16988943	yHMPu5000035297_priceomyces_castillae_170307	Priceomyces_castillae_CBS6053	NR	NR	NR	NR	NR	NR	NR	NR	0	Serinales	NA	NA	NA	NA	Serinales_NR
SRR16988941	yHMPu5000035660_priceomyces_haplophilus_160613	Priceomyces_haplophilus_CBS2028	NR	NR	NR	NR	NR	NR	NR	R	1	Serinales	NA	NA	NA	NA	Serinales_NR
SRR16974634	yHMPu5000034606_priceomyces_medius_180604	Priceomyces_medius_CBS5521	NR	NR	NR	NR	NR	NR	NR	R	1	Serinales	NA	NA	NA	NA	Serinales_NR
SRR16974629	yHMPu5000034611_saturnispora_mendoncae_160519.haplomerger2	Saturnispora_mendoncae_CBS5620	R	R	NR	R	NR	NR	NR	NR	3	Pichiales	NA	NA	Pichiales_R	NA	NA
SRR16974628	yHMPu5000034612_saturnispora_saitoi_180604	Saturnispora_saitoi_CBS4910	NR	NR	NR	NR	NR	NR	NR	NR	0	Pichiales	NA	NA	Pichiales_NR	NA	NA
SRR16974626	yHMPu5000034614_saturnispora_silvae_180604	Saturnispora_silvae_CBS5498	NR	R	NR	NR	NR	NR	NR	NR	1	Pichiales	NA	NA	Pichiales_R	NA	NA
SRR16974636	yHMPu5000034604_sporopachydermia_lactativora_180604	Sporopachydermia_lactativora_CBS6192	R	NR	NR	NR	NR	NR	R	NR	2	Sporopachydermiales	NA	NA	NA	NA	NA
SRR16988975	yHMPu5000035658_starmera_amethionina_160613.haplomerger2	Starmera_amethionina_CBS6940	NR	NR	NR	NR	NR	NR	NR	NR	0	Phaffomycetales	NA	Phaffomycetales_NR	NA	NA	NA
SRR16974730	yHMPu5000034594_Starmera_quercuum_p31_SPADES	Starmera_quercuum_CBS2283	NR	R	NR	R	NR	NR	NR	NR	2	Phaffomycetales	NA	Phaffomycetales_R	NA	NA	NA
SRR16974642	yHMPu5000034597_candida_stellimalicola_180604	Starmera_stellimalicola_CBS7853	NR	R	R	R	NR	NR	NR	NR	3	Phaffomycetales	NA	Phaffomycetales_R	NA	NA	NA
SRR16974693	yHMPu5000034876_Tetrapisispora_iriomotensis_SPADES	Tetrapisispora_iriomotensis_CBS8762	NR	R	NR	NR	NR	R	NR	NR	2	Saccharomycetales	NA	NA	NA	Saccharomycetales_R	NA
SRR16974656	yHMPu5000035031_Candida_kruisii_SPADES	Candida_kruisii_CBS6451	NR	R	NR	NR	NR	NR	NR	NR	1	Serinales	NA	NA	NA	NA	Serinales_R
SRR16974525	yHMPu5000026152_Torulaspora_franciscae_SPADES	Torulaspora_franciscae_CBS2926	NR	NR	NR	NR	NR	NR	NR	NR	0	Saccharomycetales	NA	NA	NA	Saccharomycetales_NR	NA
SRR16988983	yHMPu5000035651_Torulaspora_microellipsoides_SPADES	Torulaspora_microellipsoides_CBS427	NR	NR	NR	R	R	NR	NR	NR	2	Saccharomycetales	NA	NA	NA	Saccharomycetales_NR	NA
SRR16974688	yHMPu5000034881_Torulaspora_pretoriensis_SPADES	Torulaspora_pretoriensis_CBS2187	NR	NR	NR	NR	R	NR	NR	NR	1	Saccharomycetales	NA	NA	NA	Saccharomycetales_NR	NA
SRR16974541	yHMPu5000035282_trigonopsis_vinaria_170307	Trigonopsis_vinaria_CBS4077	R	R	NR	NR	NR	NR	NR	NR	2	Trigonopsidales	NA	NA	NA	NA	NA
SRR16974246	yHMPu5000034579_wickerhamia_fluorescens_180604	Wickerhamia_fluorescens_CBS4565	NR	NR	NR	NR	NR	NR	NR	NR	0	Serinales	NA	NA	NA	NA	Serinales_NR
SRR16974564	yHMPu5000034646_wickerhamiella_cacticola_180604	Wickerhamiella_cacticola_CBS8454	NR	NR	NR	NR	NR	NR	R	NR	1	Dipodascales	Dipodascales_NR	NA	NA	NA	NA
SRR16974599	yHMPu5000035252_yamadazyma_nakazawae_170307	Yamadazyma_nakazawae_CBS6700	NR	NR	NR	NR	NR	NR	R	NR	1	Serinales	NA	NA	NA	NA	Serinales_NR
SRR16988849	yHMPu5000035629_yueomyces_sinensis_180604	Yueomyces_sinensis_CBS7075	NR	NR	NR	NR	NR	NR	NR	NR	0	Saccharomycetales	NA	NA	NA	Saccharomycetales_NR	NA
SRR16974609	yHMPu5000035243_zygoascus_meyerae_170307	Zygoascus_meyerae_CBS4099	NR	R	NR	NR	NR	NR	R	NR	2	Dipodascales	Dipodascales_R	NA	NA	NA	NA
SRR16974513	yHMPu5000026256_zygotorulaspora_mrakii_170307	Zygotorulaspora_mrakii_CBS4218	NR	R	R	R	NR	NR	NR	NR	3	Saccharomycetales	NA	NA	NA	Saccharomycetales_R	NA
SRR16974421	yHMPu5000034960_hanseniaspora_meyeri_190924.haplomerger2	Hanseniaspora_meyeri_CBS8734	NR	NR	NR	NR	NR	NR	NR	NR	0	Saccharomycodales	NA	NA	NA	NA	NA
SRR16988877	yHMPu5000035694_hanseniaspora_occidentalis_var_citrica_160519.haplomerger2	Hanseniaspora_occidentalis_var._citrica_CBS6783	NR	NR	NR	NR	NR	NR	NR	NR	0	Saccharomycodales	NA	NA	NA	NA	NA
SRR16974527	yHMPu5000026147_hanseniaspora_vineae_190924.haplomerger2	Hanseniaspora_vineae_CBS2171	NR	NR	NR	NR	NR	NR	NR	NR	0	Saccharomycodales	NA	NA	NA	NA	NA
SRR16974294	yHMPu5000034694_lachancea_kluyveri_180604	Lachancea_kluyveri_CBS3082	NR	NR	NR	NR	NR	NR	NR	NR	0	Saccharomycetales	NA	NA	NA	Saccharomycetales_NR	NA
SRR16974296	yHMPu5000034692_lachancea_meyersii_180604	Lachancea_meyersii_CBS8951	NR	NR	NR	NR	NR	NR	NR	NR	0	Saccharomycetales	NA	NA	NA	Saccharomycetales_NR	NA
SRR16989056	yHMPu5000041836_candida_tenuis_160928	Yamadazyma_tenuis_CBS615	NR	NR	NR	NR	NR	NR	NR	NR	0	Serinales	NA	NA	NA	NA	Serinales_NR
SRR16974555	yHMPu5000035269_wickerhamomyces_ciferrii_170307	Wickerhamomyces_ciferrii_CBS111	NR	NR	NR	NR	NR	NR	NR	NR	0	Phaffomycetales	NA	Phaffomycetales_NR	NA	NA	NA
SRR16974433	yHMPu5000034947_ambrosiozyma_philentoma_160519	Ambrosiozyma_philentoma_CBS6276	NR	R	NR	NR	NR	NR	NR	NR	1	Pichiales	NA	NA	Pichiales_R	NA	NA
SRR16974687	yHMPu5000034883_peterozyma_xylosa_160519	Peterozyma_xylosa_CBS2286	NR	NR	NR	NR	NR	NR	NR	NR	0	Alaninales	NA	NA	NA	NA	NA
SRR16988942	yHMPu5000035659_saturnispora_dispora_160519	Saturnispora_dispora_CBS794	NR	NR	NR	NR	NR	NR	NR	NR	0	Pichiales	NA	NA	Pichiales_NR	NA	NA
SRR16974437	yHMPu5000034939_komagataella_pseudopastoris_160519	Komagataella_pseudopastoris_CBS9187	NR	NR	NR	NR	NR	NR	NR	NR	0	Pichiales	NA	NA	Pichiales_NR	NA	NA
SRR16974708	yHMPu5000034862_zygotorulaspora_florentina_160519	Zygotorulaspora_florentina_CBS746	NR	NR	NR	NR	NR	NR	NR	NR	0	Saccharomycetales	NA	NA	NA	Saccharomycetales_NR	NA
SRR16974435	yHMPu5000034942_ambrosiozyma_angophorae_160519	Ambrosiozyma_angophorae_CBS5823	NR	NR	NR	NR	NR	NR	NR	NR	0	Pichiales	NA	NA	Pichiales_NR	NA	NA
SRR16974432	yHMPu5000034948_Ambrosiozyma_platypodis_SPADES	Ambrosiozyma_platypodis_CBS4111	NR	NR	NR	NR	NR	NR	NR	NR	0	Pichiales	NA	NA	Pichiales_NR	NA	NA
SRR16974611	yHMPu5000035049_Barnettozyma_wickerhamii_SPAdes.haplomerger2	Barnettozyma_wickerhamii_CBS4107	NR	NR	NR	NR	NR	NR	NR	NR	0	Phaffomycetales	NA	Phaffomycetales_NR	NA	NA	NA
SRR16974307	yHMPu5000034680_blastobotrys_adeninivorans_160519	Blastobotrys_adeninivorans_CBS8244	NR	R	NR	R	R	NR	NR	NR	3	Dipodascales	Dipodascales_R	NA	NA	NA	NA
SRR16974302	yHMPu5000034687_blastobotrys_chiropterorum_170307	Blastobotrys_chiropterorum_CBS6064	NR	R	R	R	R	NR	R	R	6	Dipodascales	Dipodascales_R	NA	NA	NA	NA
SRR16974310	yHMPu5000034677_blastobotrys_indianensis_180604	Blastobotrys_indianensis_CBS9600	NR	R	NR	R	NR	R	NR	R	4	Dipodascales	Dipodascales_R	NA	NA	NA	NA
SRR16974343	yHMPu5000034672_blastobotrys_parvus_160519	Blastobotrys_parvus_CBS6147	NR	R	NR	R	NR	NR	NR	NR	2	Dipodascales	Dipodascales_R	NA	NA	NA	NA
SRR16988832	yHMPu5000035710_botryozyma_americana_190924	Botryozyma_americana_CBS8560	NR	NR	NR	NR	NR	NR	R	NR	1	Trigonopsidales	NA	NA	NA	NA	NA
SRR16974647	yHDO584_brettanomyces_mucatilis_190924.haplomerger2	Botryozyma_mucatilis_CBS9042	NR	NR	NR	NR	NR	R	R	NR	2	Trigonopsidales	NA	NA	NA	NA	NA
SRR16974600	yHMPu5000035251_candida_aaseri_170307	Candida_aaseri_CBS1913	NR	NR	NR	NR	NR	NR	NR	NR	0	Serinales	NA	NA	NA	NA	Serinales_NR
SRR16974326	yHMPu5000035004_candida_albicans_190924	Candida_albicans_CBS562	NR	NR	NR	NR	NR	NR	NR	NR	0	Serinales	NA	NA	NA	NA	Serinales_NR
SRR16988695	yHMPu5000035314_candida_anglica_160928	Candida_anglica_CBS4262	NR	NR	NR	NR	NR	NR	R	NR	1	Serinales	NA	NA	NA	NA	Serinales_NR
SRR16988822	yHMPu5000035721_candida_asparagi_160519	Candida_asparagi_CBS9770	NR	NR	NR	NR	NR	NR	NR	NR	0	Serinales	NA	NA	NA	NA	Serinales_NR
SRR16974601	yHMPu5000035250_candida_atlantica_170307	Candida_atlantica_CBS5263	NR	NR	NR	NR	NR	NR	NR	NR	0	Serinales	NA	NA	NA	NA	Serinales_NR
SRR16974602	yHMPu5000035249_candida_atmosphaerica_170307	Candida_atmosphaerica_CBS4547	NR	R	NR	R	NR	NR	NR	NR	2	Serinales	NA	NA	NA	NA	Serinales_R
SRR16989142	yHMPu5000038115_candida_aurita_170912	Candida_aurita_CBS9724	NR	NR	NR	NR	NR	NR	NR	NR	0	Serinales	NA	NA	NA	NA	Serinales_NR
SRR16988824	yHMPu5000035719_candida_blankii_190924	Candida_blankii_CBS1898	NR	R	R	R	R	NR	NR	NR	4	Dipodascales	Dipodascales_R	NA	NA	NA	NA
SRR16988676	yHMPu5000037917_candida_blattariae_170210	Candida_blattariae_CBS9876	NR	R	NR	NR	NR	R	R	NR	3	Serinales	NA	NA	NA	NA	Serinales_R
SRR16974451	yHMPu5000034926_candida_boidinii_160519	Candida_boidinii_CBS2428	NR	R	R	R	NR	NR	NR	NR	3	Pichiales	NA	NA	Pichiales_R	NA	NA
SRR16974565	yHMPu5000034645_candida_boleticola_201018	Candida_boleticola_CBS6420	NR	NR	NR	NR	NR	NR	NR	R	1	Serinales	NA	NA	NA	NA	Serinales_NR
SRR16974668	yHMPu5000035019_candida_caryicola_160519	Candida_caryicola_CBS8847	NR	R	NR	R	NR	NR	NR	NR	2	Serinales	NA	NA	NA	NA	Serinales_R
SRR16974603	yHMPu5000035248_candida_cerambycidarum_160928	Candida_cerambycidarum_CBS9879	NR	NR	NR	NR	NR	NR	NR	NR	0	Serinales	NA	NA	NA	NA	Serinales_NR
SRR16988679	yHMPu5000037914_candida_conglobata_180604	Candida_conglobata_CBS2018	NR	NR	NR	NR	NR	NR	NR	NR	0	Serinales	NA	NA	NA	NA	Serinales_NR
SRR16974641	yHMPu5000034598_Candida_dendrica_SPADES	Candida_dendrica_CBS6151	NR	NR	NR	NR	NR	NR	NR	NR	0	Phaffomycetales	NA	Phaffomycetales_NR	NA	NA	NA
SRR16988681	yHMPu5000037912_candida_dendronema_170912	Candida_dendronema_CBS6270	NR	NR	NR	NR	NR	NR	NR	NR	0	Serinales	NA	NA	NA	NA	Serinales_NR
SRR16988897	yHMPu5000040933_candida_diddensiae_201018	Candida_diddensiae_CBS2214	NR	NR	NR	R	NR	NR	NR	NR	1	Serinales	NA	NA	NA	NA	Serinales_NR
SRR16988974	yHMPu5000038393_candida_diospyri_180604	Candida_diospyri_CBS9769	NR	NR	NR	NR	NR	NR	NR	NR	0	Serinales	NA	NA	NA	NA	Serinales_NR
SRR16974338	yHMPu5000034991_candida_dubliniensis_190924.haplomerger2	Candida_dubliniensis_CBS7987	NR	NR	NR	NR	NR	NR	NR	NR	0	Serinales	NA	NA	NA	NA	Serinales_NR
SRR16989037	yHMPu5000041858_candida_endomychidarum_170713	Candida_endomychidarum_CBS9881	NR	NR	NR	NR	NR	NR	NR	NR	0	Serinales	NA	NA	NA	NA	Serinales_NR
SRR16989074	yHMPu5000035330_candida_entomophila_190924	Candida_entomophila_CBS6160	NR	NR	NR	NR	NR	NR	NR	NR	0	Serinales	NA	NA	NA	NA	Serinales_NR
SRR16974620	yHMPu5000034619_candida_ethanolica_170307.haplomerger2	Candida_ethanolica_CBS8041	NR	R	NR	NR	NR	NR	NR	R	2	Pichiales	NA	NA	Pichiales_R	NA	NA
SRR16989135	yHMPu5000035327_candida_fluviatilis_190924	Candida_fluviatilis_CBS6776	NR	NR	NR	NR	NR	NR	NR	R	1	Serinales	NA	NA	NA	NA	Serinales_NR
SRR16989036	yHMPu5000041859_candida_friederichii_160928	Candida_friedrichii_CBS4114	NR	R	R	R	NR	NR	NR	NR	3	Serinales	NA	NA	NA	NA	Serinales_R
SRR16988900	yHMPu5000040931_candida_galis_201018	Candida_galis_CBS8842	NR	NR	NR	NR	NR	NR	NR	NR	0	Phaffomycetales	NA	Phaffomycetales_NR	NA	NA	NA
SRR16974604	yHMPu5000035247_candida_germanica_170912	Candida_germanica_CBS4105	NR	NR	NR	NR	NR	NR	NR	NR	0	Serinales	NA	NA	NA	NA	Serinales_NR
SRR16974361	yHMPu5000034656_candida_glaebosa_170307	Candida_glaebosa_CBS5691	NR	R	R	R	NR	NR	NR	R	4	Serinales	NA	NA	NA	NA	Serinales_R
SRR16989006	yHMPu5000038388_candida_inconspicua_170713	Candida_inconspicua_CBS180	NR	R	NR	NR	NR	NR	NR	NR	1	Pichiales	NA	NA	Pichiales_R	NA	NA
SRR16989023	yHMPu5000035332_candida_insectalens_201018	Candida_insectalens_CBS6036	NR	NR	NR	NR	NR	NR	NR	NR	0	Pichiales	NA	NA	Pichiales_NR	NA	NA
SRR16974605	yHMPu5000035246_candida_insectorum_160928	Candida_insectorum_CBS6213	NR	NR	NR	NR	NR	NR	NR	NR	0	Serinales	NA	NA	NA	NA	Serinales_NR
SRR16988908	yHMPu5000040921_candida_lessepsii_201018	Candida_lessepsii_CBS9941	NR	NR	NR	NR	NR	NR	R	NR	1	Serinales	NA	NA	NA	NA	Serinales_NR
SRR16989044	yHMPu5000041850_candida_lyxosophila_170307.haplomerger2	Candida_lyxosophila_CBS8194	NR	NR	NR	NR	NR	NR	NR	NR	0	Serinales	NA	NA	NA	NA	Serinales_NR
SRR16974337	yHMPu5000034992_candida_maltosa_190924.haplomerger2	Candida_maltosa_CBS5611	NR	NR	NR	NR	NR	NR	R	NR	1	Serinales	NA	NA	NA	NA	Serinales_NR
SRR16974449	yHMPu5000034927_candida_maris_210210	Candida_maris_CBS5151	NR	NR	NR	NR	NR	NR	NR	NR	0	Pichiales	NA	NA	Pichiales_NR	NA	NA
SRR16989181	yHMPu5000038103_candida_melibiosica_170912	Candida_melibiosica_CBS5814	NR	NR	NR	NR	NR	NR	NR	NR	0	Serinales	NA	NA	NA	NA	Serinales_NR
SRR16988690	yHMPu5000037901_candida_membranifaciens_180604	Candida_membranifaciens_CBS1952	NR	R	R	R	NR	NR	NR	NR	3	Serinales	NA	NA	NA	NA	Serinales_R
SRR16974529	yHMPu5000026143_candida_methanosorbosa_160519	Candida_methanosorbosa_CBS7029	NR	NR	NR	NR	NR	NR	NR	NR	0	Pichiales	NA	NA	Pichiales_NR	NA	NA
SRR16988689	yHMPu5000037902_candida_michaelii_180604	Candida_michaelii_CBS9878	NR	NR	NR	NR	NR	NR	NR	NR	0	Serinales	NA	NA	NA	NA	Serinales_NR
SRR16988864	yHMPu5000035706_candida_mogii_160613	Candida_mogii_CBS2032	NR	NR	NR	NR	NR	NR	NR	NR	0	Serinales	NA	NA	NA	NA	Serinales_NR
SRR16988688	yHMPu5000037903_candida_multigemmis_180604	Candida_multigemmis_CBS6524	NR	NR	NR	NR	NR	NR	NR	NR	0	Serinales	NA	NA	NA	NA	Serinales_NR
SRR16974448	yHMPu5000034929_candida_nanaspora_170307	Candida_nanaspora_CBS7200	NR	NR	NR	NR	NR	NR	NR	NR	0	Pichiales	NA	NA	Pichiales_NR	NA	NA
SRR16974335	yHMPu5000034994_candida_neerlandica_190924	Candida_neerlandica_CBS434	NR	NR	NR	NR	NR	NR	NR	NR	0	Serinales	NA	NA	NA	NA	Serinales_NR
SRR16974460	yHMPu5000034917_candida_nemodendra_160519	Candida_nemodendra_CBS6280	NR	NR	NR	NR	NR	NR	NR	NR	0	Pichiales	NA	NA	Pichiales_NR	NA	NA
SRR16974462	yHMPu5000034916_candida_nitratophila_160519	Candida_nitratophila_CBS2027	NR	NR	NR	NR	NR	NR	NR	NR	0	Pichiales	NA	NA	Pichiales_NR	NA	NA
SRR16974427	yHMPu5000034954_candida_norvegica_201018	Candida_norvegica_CBS4239	R	NR	NR	NR	NR	NR	NR	NR	1	Phaffomycetales	NA	Phaffomycetales_NR	NA	NA	NA
SRR16988686	yHMPu5000037905_candida_odintsovae_180604	Candida_odintsovae_CBS6026	NR	NR	NR	NR	NR	NR	NR	NR	0	Phaffomycetales	NA	Phaffomycetales_NR	NA	NA	NA
SRR16988699	yHMPu5000037893_candida_ovalis_170912	Candida_ovalis_CBS7298	NR	R	NR	NR	NR	NR	NR	NR	1	Pichiales	NA	NA	Pichiales_R	NA	NA
SRR16989124	yHMPu5000035328_candida_palmioleophila_180604	Candida_palmioleophila_CBS7418	NR	R	R	R	NR	NR	NR	NR	3	Serinales	NA	NA	NA	NA	Serinales_R
SRR16974334	yHMPu5000034995_candida_parapsilosis_170307	Candida_parapsilosis_CBS604	NR	NR	NR	NR	NR	NR	R	NR	1	Serinales	NA	NA	NA	NA	Serinales_NR
SRR16974592	yHMPu5000035260_candida_peoriensis_170713	Candida_peoriensis_CBS8800	NR	NR	NR	NR	NR	NR	NR	NR	0	Phaffomycetales	NA	Phaffomycetales_NR	NA	NA	NA
SRR16974463	yHMPu5000034915_candida_piceae_170307	Candida_piceae_CBS8701	NR	NR	NR	NR	NR	NR	NR	NR	0	Pichiales	NA	NA	Pichiales_NR	NA	NA
SRR16974523	yHMPu5000026167_candida_pignaliae_201018	Candida_pignaliae_CBS6071	NR	NR	NR	NR	NR	NR	NR	NR	0	Pichiales	NA	NA	Pichiales_NR	NA	NA
SRR16974464	yHMPu5000034913_candida_pini_160519	Candida_pini_CBS970	NR	NR	NR	NR	NR	NR	NR	NR	0	Pichiales	NA	NA	Pichiales_NR	NA	NA
SRR16974360	yHMPu5000034657_candida_pseudoglaebosa_170307	Candida_pseudoglaebosa_CBS6715	R	R	NR	R	NR	NR	NR	NR	3	Serinales	NA	NA	NA	NA	Serinales_R
SRR16974397	yHMPu5000034985_candida_pseudointermedia_160613	Candida_pseudointermedia_CBS6918	NR	NR	NR	NR	NR	R	NR	NR	1	Serinales	NA	NA	NA	NA	Serinales_NR
SRR16989190	yHMPu5000038091_candida_pseudolambica_201018	Candida_pseudolambica_CBS2063	NR	R	NR	NR	NR	NR	NR	NR	1	Pichiales	NA	NA	Pichiales_R	NA	NA
SRR16989028	yHMPu5000038364_Candida_qinlingensis_SPADES	Candida_qinlingensis_CBS9768	NR	NR	NR	NR	NR	NR	NR	NR	0	Phaffomycetales	NA	Phaffomycetales_NR	NA	NA	NA
SRR16988704	yHMPu5000037888_candida_quercuum_170210	Candida_quercuum_CBS6422	NR	NR	NR	NR	NR	NR	NR	NR	0	Phaffomycetales	NA	Phaffomycetales_NR	NA	NA	NA
SRR16974383	yHMPu5000026056_candida_railenensis_201018	Candida_railenensis_CBS8164	NR	NR	NR	NR	NR	NR	NR	NR	0	Serinales	NA	NA	NA	NA	Serinales_NR
SRR16974621	yHMPu5000034618_candida_rugopelliculosa_170307	Candida_rugopelliculosa_CBS6377	R	R	NR	R	NR	R	NR	R	5	Pichiales	NA	NA	Pichiales_R	NA	NA
SRR16989085	yHMPu5000035329_candida_saitoana_180604.haplomerger2	Candida_saitoana_CBS940	NR	R	NR	R	NR	NR	NR	NR	2	Serinales	NA	NA	NA	NA	Serinales_R
SRR16988708	yHMPu5000037885_candida_sake_170912	Candida_sake_CBS159	NR	R	NR	NR	NR	NR	NR	NR	1	Serinales	NA	NA	NA	NA	Serinales_R
SRR16988784	yHMPu5000035304_candida_santamariae_180604	Candida_santamariae_CBS4515	NR	NR	NR	NR	NR	NR	R	NR	1	Serinales	NA	NA	NA	NA	Serinales_NR
SRR16974562	yHMPu5000034647_candida_savonica_180604	Candida_savonica_CBS6563	NR	NR	NR	NR	NR	NR	NR	NR	0	Serinales	NA	NA	NA	NA	Serinales_NR
SRR16988950	yHMPu5000040909_suhomyces_sequanensis_200128	Candida_sequanensis_CBS8118	NR	NR	R	NR	NR	NR	NR	R	2	Serinales	NA	NA	NA	NA	Serinales_NR
SRR16989012	yHMPu5000035333_candida_silvanorum_170713	Candida_silvanorum_CBS6274	NR	NR	NR	NR	NR	R	NR	NR	1	Serinales	NA	NA	NA	NA	Serinales_NR
SRR16974333	yHMPu5000034996_candida_sojae_SPADES	Candida_sojae_CBS7871	NR	NR	NR	NR	NR	NR	NR	NR	0	Serinales	NA	NA	NA	NA	Serinales_NR
SRR16974561	yHMPu5000035263_Candida_solani_SPADES	Candida_solani_CBS1908	NR	NR	NR	NR	NR	NR	R	NR	1	Phaffomycetales	NA	Phaffomycetales_NR	NA	NA	NA
SRR16974465	yHMPu5000034912_candida_sonorensis_160519	Candida_sonorensis_CBS6792	NR	R	R	R	NR	NR	NR	NR	3	Pichiales	NA	NA	Pichiales_R	NA	NA
SRR16989087	yHMPu5000041832_candida_sophiae-reginae_170307	Candida_sophiae-reginae_CBS8175	NR	R	NR	NR	NR	NR	NR	NR	1	Serinales	NA	NA	NA	NA	Serinales_R
SRR16988711	yHMPu5000037882_candida_sorboxylosa_180604.haplomerger2	Candida_sorboxylosa_CBS6378	NR	R	NR	NR	NR	NR	NR	NR	1	Pichiales	NA	NA	Pichiales_R	NA	NA
SRR16974548	yHMPu5000035276_Candida_spandovensis_SPADES	Candida_spandovensis_CBS6875	NR	R	NR	NR	NR	NR	R	NR	2	Dipodascales	Dipodascales_R	NA	NA	NA	NA
SRR16974469	yHMPu5000034906_candida_succiphila_160519	Candida_succiphila_CBS8003	NR	NR	NR	NR	NR	NR	NR	NR	0	Pichiales	NA	NA	Pichiales_NR	NA	NA
SRR16974699	yHMPu5000034870_candida_suzukii_160519	Candida_suzukii_CBS9253	NR	R	R	NR	NR	NR	NR	NR	2	Pichiales	NA	NA	Pichiales_R	NA	NA
SRR16989055	yHMPu5000041838_candida_tolerans_180604	Candida_tolerans_CBS8613	NR	NR	R	R	NR	NR	NR	NR	2	Serinales	NA	NA	NA	NA	Serinales_NR
SRR16974331	yHMPu5000034997_candida_tropicalis_160519.haplomerger2	Candida_tropicalis_CBS94	NR	NR	NR	NR	NR	R	NR	NR	1	Serinales	NA	NA	NA	NA	Serinales_NR
SRR16988721	yHMPu5000037871_Candida_trypodendroni_SPADES	Candida_trypodendroni_CBS8505	NR	R	NR	NR	NR	NR	R	NR	2	Serinales	NA	NA	NA	NA	Serinales_R
SRR16974399	yHMPu5000034983_candida_tsuchiyae_210210	Candida_tsuchiyae_CBS7195	R	NR	NR	NR	NR	NR	NR	NR	1	Serinales	NA	NA	NA	NA	Serinales_NR
SRR16989208	yHMPu5000038075_candida_ulmi_170912	Candida_ulmi_CBS8670	NR	NR	NR	NR	NR	NR	NR	NR	0	Phaffomycetales	NA	Phaffomycetales_NR	NA	NA	NA
SRR16989073	yHMPu5000038349_candida_viswanathii_170713.haplomerger2	Candida_viswanathii_CBS4024	NR	NR	NR	NR	NR	NR	NR	NR	0	Serinales	NA	NA	NA	NA	Serinales_NR
SRR16974568	yHMPu5000034642_candida_zeylanoides_160519	Candida_zeylanoides_CBS619	NR	R	NR	NR	NR	NR	NR	NR	1	Serinales	NA	NA	NA	NA	Serinales_R
SRR16989046	yHMPu5000041848_candida_musae_170713	Clavispora_fructus_CBS6381	NR	NR	NR	NR	NR	NR	NR	NR	0	Serinales	NA	NA	NA	NA	Serinales_NR
SRR16974359	yHMPu5000034658_clavispora_lusitaniae_190924	Clavispora_lusitaniae_CBS6936	NR	NR	NR	NR	NR	NR	NR	NR	0	Serinales	NA	NA	NA	NA	Serinales_NR
SRR16988973	yHMPu5000035334_clavispora_opuntiae_190924	Clavispora_opuntiae_CBS7068	NR	NR	NR	NR	NR	NR	NR	NR	0	Serinales	NA	NA	NA	NA	Serinales_NR
SRR16989062	yHMPu5000035331_candida_ghanaensis_201018	Candida_ghanaensis_CBS8798	NR	R	NR	NR	NR	NR	NR	NR	1	Dipodascales	Dipodascales_R	NA	NA	NA	NA
SRR16988869	yHMPu5000035702_cyberlindnera_amylophila_160613.haplomerger2	Cyberlindnera_amylophila_CBS7020	NR	NR	NR	NR	NR	NR	NR	NR	0	Phaffomycetales	NA	Phaffomycetales_NR	NA	NA	NA
SRR16989215	yHMPu5000038067_cyberlindnera_bimundalis_190924	Cyberlindnera_bimundalis_CBS5642	NR	NR	NR	NR	NR	NR	NR	NR	0	Phaffomycetales	NA	Phaffomycetales_NR	NA	NA	NA
SRR16974401	yHMPu5000034981_cyberlindnera_euphorbiae_160519.haplomerger2	Cyberlindnera_euphorbiae_CBS8033	NR	NR	NR	NR	NR	NR	NR	NR	0	Phaffomycetales	NA	Phaffomycetales_NR	NA	NA	NA
SRR16988720	yHMPu5000037872_cyberlindnera_euphorbiiphila_180604	Cyberlindnera_euphorbiiphila_CBS8083	NR	NR	NR	NR	NR	NR	NR	NR	0	Phaffomycetales	NA	Phaffomycetales_NR	NA	NA	NA
SRR16988871	yHMPu5000035700_cyberlindnera_japonica_160519	Cyberlindnera_japonica_CBS7209	NR	NR	NR	NR	NR	NR	NR	NR	0	Phaffomycetales	NA	Phaffomycetales_NR	NA	NA	NA
SRR16974402	yHMPu5000034980_cyberlindnera_lachancei_160519.haplomerger2	Cyberlindnera_lachancei_CBS8557	NR	NR	NR	NR	NR	NR	NR	NR	0	Phaffomycetales	NA	Phaffomycetales_NR	NA	NA	NA
SRR16974413	yHMPu5000034968_candida_maritima_160519	Cyberlindnera_maritima_CBS5107	NR	NR	NR	NR	NR	NR	R	NR	1	Phaffomycetales	NA	Phaffomycetales_NR	NA	NA	NA
SRR16988873	yHMPu5000035698_cyberlindnera_meyerae_160519.haplomerger2	Cyberlindnera_meyerae_CBS7076	NR	NR	NR	NR	NR	NR	NR	NR	0	Phaffomycetales	NA	Phaffomycetales_NR	NA	NA	NA
SRR16988910	yHMPu5000035337_cyberlindnera_mississippiensis_190924	Cyberlindnera_mississippiensis_CBS7023	NR	NR	NR	NR	NR	NR	NR	NR	0	Phaffomycetales	NA	Phaffomycetales_NR	NA	NA	NA
SRR16989077	yHMPu5000038346_cyberlindnera_rhodanensis_170713.haplomerger2	Cyberlindnera_rhodanensis_CBS5518	NR	NR	NR	NR	NR	NR	NR	NR	0	Phaffomycetales	NA	Phaffomycetales_NR	NA	NA	NA
SRR16974415	yHMPu5000034966_cyberlindnera_sargentensis_160519	Cyberlindnera_sargentensis_CBS6342	NR	NR	NR	NR	NR	NR	NR	NR	0	Phaffomycetales	NA	Phaffomycetales_NR	NA	NA	NA
SRR16989184	yHMPu5000035324_cyberlindnera_subsufficiens_A3_201018	Cyberlindnera_subsufficiens_CBS5763	NR	NR	NR	NR	NR	NR	R	NR	1	Phaffomycetales	NA	Phaffomycetales_NR	NA	NA	NA
SRR16989078	yHMPu5000038345_cyberlindnera_veronae_170713	Cyberlindnera_veronae_CBS6591	NR	NR	NR	NR	NR	NR	NR	NR	0	Phaffomycetales	NA	Phaffomycetales_NR	NA	NA	NA
SRR16989051	yHMPu5000041841_debaryomyces_coudertii_170713	Debaryomyces_coudertii_CBS5167	NR	NR	NR	NR	NR	NR	NR	NR	0	Serinales	NA	NA	NA	NA	Serinales_NR
SRR16989090	yHMPu5000041825_debaryomyces_robertsiae_170307	Debaryomyces_robertsiae_CBS2934	NR	NR	NR	NR	NR	NR	NR	NR	0	Serinales	NA	NA	NA	NA	Serinales_NR
SRR16989079	yHMPu5000038344_debaryomyces_singareniensis_170713	Debaryomyces_singareniensis_CBS10405	NR	R	NR	R	NR	NR	NR	NR	2	Serinales	NA	NA	NA	NA	Serinales_R
SRR16988719	yHMPu5000037873_debaryomyces_udenii_180604	Debaryomyces_udenii_CBS7056	NR	R	NR	R	NR	NR	NR	NR	2	Serinales	NA	NA	NA	NA	Serinales_R
SRR16989195	yHMPu5000035323_diddensiella_santjacobensis_190924	Diddensiella_santjacobensis_CBS8183	NR	R	NR	NR	NR	NR	NR	R	2	Dipodascales	Dipodascales_R	NA	NA	NA	NA
SRR16988678	yHMPu5000037915_candida_catenulata_190924	Diutina_catenulata_CBS565	NR	NR	NR	NR	NR	NR	NR	NR	0	Serinales	NA	NA	NA	NA	Serinales_NR
SRR16974385	yHMPu5000026054_candida_pseudorugosa_170713	Diutina_pseudorugosa__CBS10433	NR	R	NR	NR	NR	R	NR	NR	2	Serinales	NA	NA	NA	NA	Serinales_R
SRR16988705	yHMPu5000037887_candida_rugosa_170713	Diutina_rugosa__CBS613	NR	NR	NR	NR	NR	NR	NR	NR	0	Serinales	NA	NA	NA	NA	Serinales_NR
SRR16989217	yHMPu5000035320_candida_auringiensis_190924	Groenewaldozyma_auringiensis_CBS6913	NR	R	NR	R	NR	NR	R	NR	3	Dipodascales	Dipodascales_R	NA	NA	NA	NA
SRR16989228	yHMPu5000035319_Candida_tartarivorans_S177_SPADES	Candida_tartarivorans_CBS7955	NR	R	R	R	R	NR	R	NR	5	Dipodascales	Dipodascales_R	NA	NA	NA	NA
SRR16974353	yHMPu5000034663_kloeckera_lindneri_170307	Hanseniaspora_lindneri_CBS285	NR	NR	NR	NR	NR	NR	NR	NR	0	Saccharomycodales	NA	NA	NA	NA	NA
SRR16974423	yHMPu5000034958_hanseniaspora_opuntiae_201018.haplomerger2	Hanseniaspora_opuntiae_CBS8733	NR	R	NR	NR	NR	NR	NR	R	2	Saccharomycodales	NA	NA	NA	NA	NA
SRR16988876	yHMPu5000035695_hanseniaspora_pseudoguilliermondii_160519.haplomerger2	Hanseniaspora_pseudoguilliermondii_CBS8772	NR	NR	NR	NR	NR	NR	NR	NR	0	Saccharomycodales	NA	NA	NA	NA	NA
SRR16974425	yHMPu5000034956_hanseniaspora_uvarum_170307	Hanseniaspora_uvarum_CBS314	NR	NR	NR	NR	NR	NR	NR	NR	0	Saccharomycodales	NA	NA	NA	NA	NA
SRR16974426	yHMPu5000034955_hanseniaspora_valbyensis_201018.haplomerger2	Hanseniaspora_valbyensis_CBS479	NR	NR	R	NR	NR	NR	NR	NR	1	Saccharomycodales	NA	NA	NA	NA	NA
SRR16988912	yHMPu5000040918_candida_insectamans_201018	Hemisphaericaspora_insectamans_CBS6033	NR	NR	NR	NR	NR	NR	NR	NR	0	Serinales	NA	NA	NA	NA	Serinales_NR
SRR16988662	yHMPu5000035317_candida_fennica_180604	Hyphopichia_fennica_CBS5928	NR	NR	NR	NR	NR	NR	NR	NR	0	Serinales	NA	NA	NA	NA	Serinales_NR
SRR16989018	yHMPu5000038375_candida_khmerensis_170713	Hyphopichia_khmerensis_CBS9784	NR	NR	NR	NR	NR	NR	NR	NR	0	Serinales	NA	NA	NA	NA	Serinales_NR
SRR16974701	yHAB165_kazachstania_aquatica_160519	Kazachstania_aquatica_CBS10102	NR	NR	NR	NR	NR	R	NR	NR	1	Saccharomycetales	NA	NA	NA	Saccharomycetales_NR	NA
SRR16974534	yHAB127_kazachstania_bovina_160519.haplomerger2	Kazachstania_bovina_CBS9732	NR	NR	NR	NR	NR	NR	NR	NR	0	Saccharomycetales	NA	NA	NA	Saccharomycetales_NR	NA
SRR16974308	yHAB157_kazachstania_bulderi_160519.haplomerger2	Kazachstania_bulderi_CBS8638	NR	R	R	R	R	R	NR	NR	5	Saccharomycetales	NA	NA	NA	Saccharomycetales_R	NA
SRR16974633	yHAB150_kazachstania_exigua_160519	Kazachstania_exigua_CBS379	NR	NR	NR	NR	NR	NR	NR	NR	0	Saccharomycetales	NA	NA	NA	Saccharomycetales_NR	NA
SRR16974532	yHAB142_kazachstania_gamospora_170307.haplomerger2	Kazachstania_gamospora_CBS10328	NR	R	NR	NR	NR	NR	NR	NR	1	Saccharomycetales	NA	NA	NA	Saccharomycetales_R	NA
SRR16974276	yHMPu5000034721_candida_milleri_190924.haplomerger2	Kazachstania_humilis_CBS6897	R	R	NR	R	NR	NR	R	R	5	Saccharomycetales	NA	NA	NA	Saccharomycetales_R	NA
SRR16974584	yHAB152_candida_humilis_160519.haplomerger2	Kazachstania_humilis_CBS5658	NR	R	NR	NR	NR	NR	NR	R	2	Saccharomycetales	NA	NA	NA	Saccharomycetales_R	NA
SRR16974347	yHAB156_kazachstania_piceae_160519	Kazachstania_piceae_CBS7738	NR	R	R	NR	NR	NR	NR	NR	2	Saccharomycetales	NA	NA	NA	Saccharomycetales_R	NA
SRR16974622	yHAB151_kazachstania_servazzi_160519	Kazachstania_servazzii_CBS4311	NR	R	R	R	R	R	NR	NR	5	Saccharomycetales	NA	NA	NA	Saccharomycetales_R	NA
SRR16974264	yHAB161_kazachstania_sinensis_160519	Kazachstania_sinensis_CBS7660	NR	R	R	R	NR	R	NR	NR	4	Saccharomycetales	NA	NA	NA	Saccharomycetales_R	NA
SRR16974395	yHAB131_kazachstania_telluris_170307	Kazachstania_telluris_CBS2685	NR	NR	NR	NR	NR	NR	NR	NR	0	Saccharomycetales	NA	NA	NA	Saccharomycetales_NR	NA
SRR16974282	yHMPu5000034711_kluyveromyces_lactis_var_drosophilarum_160519	Kluyveromyces_lactis_var._drosophilarum_CBS2105	NR	NR	NR	NR	NR	NR	NR	NR	0	Saccharomycetales	NA	NA	NA	Saccharomycetales_NR	NA
SRR16974281	yHMPu5000034712_kluyveromyces_lactis_var_lactis_160519	Kluyveromyces_lactis_var._lactis_CBS683	NR	NR	NR	NR	NR	NR	NR	NR	0	Saccharomycetales	NA	NA	NA	Saccharomycetales_NR	NA
SRR16974280	yHMPu5000034713_kluyveromyces_marxianus_160519.haplomerger2	Kluyveromyces_marxianus_CBS712	NR	NR	NR	NR	NR	NR	NR	NR	0	Saccharomycetales	NA	NA	NA	Saccharomycetales_NR	NA
SRR16974288	yHMPu5000034701_kluyveromyces_nonfermentans_170307	Kluyveromyces_nonfermentans_CBS8778	NR	NR	NR	NR	NR	NR	NR	NR	0	Saccharomycetales	NA	NA	NA	Saccharomycetales_NR	NA
SRR16974290	yHMPu5000034699_kluyveromyces_wickerhamii_170307	Kluyveromyces_wickerhamii_CBS2745	NR	NR	NR	NR	NR	NR	NR	NR	0	Saccharomycetales	NA	NA	NA	Saccharomycetales_NR	NA
SRR16974352	yHMPu5000034664_kodamaea_anthophila_190924	Kodamaea_anthophila_CBS8494	NR	NR	NR	NR	NR	NR	NR	NR	0	Serinales	NA	NA	NA	NA	Serinales_NR
SRR16989221	yHMPu5000038060_kodamaea_kakaduensis_170912	Kodamaea_kakaduensis_CBS8611	NR	NR	NR	NR	NR	NR	NR	NR	0	Serinales	NA	NA	NA	NA	Serinales_NR
SRR16974509	yHMPu5000026273_kodamaea_nitidulidarum_170307	Kodamaea_nitidulidarum_CBS8491	NR	NR	NR	NR	NR	NR	NR	NR	0	Serinales	NA	NA	NA	NA	Serinales_NR
SRR16989200	yHMPu5000038082_candida_suecica_180604	Candida_suecica_CBS5724	NR	R	NR	NR	NR	NR	NR	NR	1	Serinales	NA	NA	NA	NA	Serinales_R
SRR16974429	yHMPu5000034953_komagataella_pastoris_160519	Komagataella_pastoris_CBS704	NR	NR	NR	NR	NR	NR	NR	NR	0	Pichiales	NA	NA	Pichiales_NR	NA	NA
SRR16974436	yHMPu5000034941_komagataella_phaffii_160519	Komagataella_phaffii_CBS2612	NR	NR	NR	NR	NR	NR	NR	NR	0	Pichiales	NA	NA	Pichiales_NR	NA	NA
SRR16974441	yHMPu5000034936_kuraishia_cidri_180604	Kuraishia_cidri_CBS4241	NR	R	R	R	R	NR	NR	NR	4	Pichiales	NA	NA	Pichiales_R	NA	NA
SRR16974442	yHMPu5000034935_kuraishia_floccosa_210210	Kuraishia_floccosa_CBS10307	NR	NR	NR	NR	NR	NR	NR	NR	0	Pichiales	NA	NA	Pichiales_NR	NA	NA
SRR16989021	yHMPu5000038372_candida_oleophila_170713	Kurtzmaniella_oleophila_CBS2219	NR	NR	R	NR	NR	NR	NR	NR	1	Serinales	NA	NA	NA	NA	Serinales_NR
SRR16974566	yHMPu5000034644_candida_quercitrusa_170307	Kurtzmaniella_quercitrusa_CBS4412	NR	R	NR	R	NR	NR	R	NR	3	Serinales	NA	NA	NA	NA	Serinales_R
SRR16974291	yHMPu5000034698_lachancea_cidri_201018.haplomerger2	Lachancea_cidri_CBS4575	NR	NR	NR	NR	NR	R	NR	NR	1	Saccharomycetales	NA	NA	NA	Saccharomycetales_NR	NA
SRR16974725	yHMPu5000034746_lipomyces_smithiae_170713	Limtongia_smithiae_CBS7407	NR	NR	NR	NR	NR	NR	NR	NR	0	Lipomycetales	NA	NA	NA	NA	NA
SRR16974712	yHMPu5000034759_lipomyces_kockii_170307	Lipomyces_kockii_CBS7729	R	R	NR	R	NR	NR	NR	NR	3	Lipomycetales	NA	NA	NA	NA	NA
SRR16974723	yHMPu5000034747_lipomyces_orientalis_170307	Lipomyces_orientalis_CBS10300	R	NR	NR	NR	NR	NR	R	NR	2	Lipomycetales	NA	NA	NA	NA	NA
SRR16974727	yHMPu5000034744_lipomyces_spencer-martinsiae_170307	Lipomyces_sp._CBS5608	R	R	NR	R	NR	NR	NR	NR	3	Lipomycetales	NA	NA	NA	NA	NA
SRR16974259	yHMPu5000034741_lipomyces_tetrasporus_170307	Lipomyces_tetrasporus_CBS5910	R	R	NR	NR	NR	NR	NR	NR	2	Lipomycetales	NA	NA	NA	NA	NA
SRR16974260	yHMPu5000034740_lipomyces_yamadae_SPADES	Lipomyces_yamadae_CBS7532	R	R	NR	R	NR	NR	R	NR	4	Lipomycetales	NA	NA	NA	NA	NA
SRR16974261	yHMPu5000034739_lipomyces_yarrowii_190924	Lipomyces_yarrowii_CBS7557	R	R	NR	NR	NR	NR	NR	NR	2	Lipomycetales	NA	NA	NA	NA	NA
SRR16989110	yHMPu5000041806_metschnikowia_agaves_170307	Metschnikowia_agaves_CBS7744	NR	NR	NR	NR	NR	NR	NR	NR	0	Serinales	NA	NA	NA	NA	Serinales_NR
SRR16988723	yHMPu5000037869_metschnikowia_australis_190924	Metschnikowia_australis_CBS5847	NR	NR	NR	NR	NR	NR	NR	NR	0	Serinales	NA	NA	NA	NA	Serinales_NR
SRR16988724	yHMPu5000037868_metschnikowia_bicuspidata_var_californica_180604.haplomerger2	Metschnikowia_bicuspidata_var._californica_CBS6010	NR	NR	NR	NR	NR	NR	NR	NR	0	Serinales	NA	NA	NA	NA	Serinales_NR
SRR16989109	yHMPu5000041807_metschnikowia_bicuspidata_var_chathamia_190924.haplomerger2	Metschnikowia_bicuspidata_var._chathamia_CBS5980	NR	NR	NR	NR	NR	NR	NR	NR	0	Serinales	NA	NA	NA	NA	Serinales_NR
SRR16989038	yHMPu5000041857_candida_chrysomelidarum_160928.haplomerger2	Metschnikowia_chrysomelidarum_CBS9904	NR	NR	NR	NR	NR	NR	NR	NR	0	Serinales	NA	NA	NA	NA	Serinales_NR
SRR16989107	yHMPu5000041809_metschnikowia_chrysoperlae_170307.haplomerger2	Metschnikowia_chrysoperlae_CBS9803	NR	NR	NR	NR	NR	NR	NR	NR	0	Serinales	NA	NA	NA	NA	Serinales_NR
SRR16988891	yHMPu5000040942_Metschnikowia_colocasiae_SPADES	Metschnikowia_colocasiae_CBS9739	NR	NR	NR	NR	NR	NR	NR	NR	0	Serinales	NA	NA	NA	NA	Serinales_NR
SRR16988773	yHMPu5000035305_metschnikowia_corniflorae_180604.haplomerger2	Metschnikowia_corniflorae_CBS9905	NR	NR	NR	NR	NR	NR	NR	NR	0	Serinales	NA	NA	NA	NA	Serinales_NR
SRR16989106	yHMPu5000041810_metschnikowia_drosophilae_201018	Metschnikowia_drosophilae_CBS8809	NR	NR	NR	NR	NR	NR	NR	NR	0	Serinales	NA	NA	NA	NA	Serinales_NR
SRR16988859	yHMPu5000040947_metschnikowia_gruessii_201018	Metschnikowia_gruessii_CBS7657	NR	NR	NR	NR	NR	NR	NR	NR	0	Serinales	NA	NA	NA	NA	Serinales_NR
SRR16988857	yHMPu5000040949_metschnikowia_hawaiiensis_201018	Metschnikowia_hawaiiensis_CBS7432	NR	NR	NR	NR	NR	NR	NR	NR	0	Serinales	NA	NA	NA	NA	Serinales_NR
SRR16988693	yHMPu5000037898_candida_kofuensis_190924	Metschnikowia_kofuensis_CBS8058	NR	NR	NR	NR	NR	NR	NR	NR	0	Serinales	NA	NA	NA	NA	Serinales_NR
SRR16989121	yHMPu5000038329_metschnikowia_koreensis_180604.haplomerger2	Metschnikowia_koreensis_CBS8854	NR	NR	NR	NR	NR	NR	NR	NR	0	Serinales	NA	NA	NA	NA	Serinales_NR
SRR16989105	yHMPu5000041811_metschnikowia_krissii_170307.haplomerger2	Metschnikowia_krissii_CBS4823	NR	NR	NR	NR	NR	NR	NR	NR	0	Serinales	NA	NA	NA	NA	Serinales_NR
SRR16989104	yHMPu5000041812_metschnikowia_kunwiensis_190924	Metschnikowia_kunwiensis_CBS9676	NR	NR	NR	NR	NR	NR	NR	NR	0	Serinales	NA	NA	NA	NA	Serinales_NR
SRR16988726	yHMPu5000037866_metschnikowia_lachancei_180604	Metschnikowia_lachancei_CBS9131	NR	NR	NR	NR	NR	NR	NR	NR	0	Serinales	NA	NA	NA	NA	Serinales_NR
SRR16989103	yHMPu5000041813_metschnikowia_lunata_180604	Metschnikowia_lunata_CBS5946	NR	NR	NR	NR	NR	NR	NR	NR	0	Serinales	NA	NA	NA	NA	Serinales_NR
SRR16989101	yHMPu5000041814_metschnikowia_noctiluminum_180604.haplomerger2	Metschnikowia_noctiluminum_CBS9907	NR	NR	NR	NR	NR	NR	NR	NR	0	Serinales	NA	NA	NA	NA	Serinales_NR
SRR16989100	yHMPu5000041815_metschnikowia_orientalis_190924	Metschnikowia_orientalis_CBS10331	NR	NR	NR	NR	NR	NR	NR	NR	0	Serinales	NA	NA	NA	NA	Serinales_NR
SRR16988701	yHMPu5000037891_candida_picachoensis_170210.haplomerger2	Metschnikowia_picachoensis_CBS9804	R	R	R	NR	NR	NR	R	R	5	Serinales	NA	NA	NA	NA	Serinales_R
SRR16988702	yHMPu5000037890_candida_pimensis_180604.haplomerger2	Metschnikowia_pimensis_CBS9805	NR	NR	NR	NR	NR	NR	NR	NR	0	Serinales	NA	NA	NA	NA	Serinales_NR
SRR16988839	yHMPu5000041732_metschnikowia_pulcherrima_190924.haplomerger2	Metschnikowia_pulcherrima_CBS5833	NR	NR	NR	NR	NR	NR	NR	NR	0	Serinales	NA	NA	NA	NA	Serinales_NR
SRR16988727	yHMPu5000037865_metschnikowia_reukaufii_180604.haplomerger2	Metschnikowia_reukaufii_CBS5834	NR	NR	NR	NR	NR	NR	NR	NR	0	Serinales	NA	NA	NA	NA	Serinales_NR
SRR16989099	yHMPu5000041817_metschnikowia_shanxiensis_190924.haplomerger2	Metschnikowia_shanxiensis_CBS10359	NR	NR	NR	NR	NR	NR	NR	NR	0	Serinales	NA	NA	NA	NA	Serinales_NR
SRR16988896	yHMPu5000040934_metschnikowia_similis_201018	Metschnikowia_similis_CBS9737	NR	NR	NR	NR	NR	NR	NR	NR	0	Serinales	NA	NA	NA	NA	Serinales_NR
SRR16989111	yHMPu5000041805_metschnikowia_sinensis_190924.haplomerger2	Metschnikowia_sinensis_CBS10357	NR	NR	NR	NR	NR	NR	NR	NR	0	Serinales	NA	NA	NA	NA	Serinales_NR
SRR16989054	yHMPu5000041839_candida_torresii_210210	Metschnikowia_torresii_CBS5152	NR	NR	NR	NR	NR	NR	NR	NR	0	Serinales	NA	NA	NA	NA	Serinales_NR
SRR16989112	yHMPu5000041804_metschnikowia_vanudenii_190924	Metschnikowia_vanudenii_CBS9134	NR	NR	NR	NR	NR	NR	NR	NR	0	Serinales	NA	NA	NA	NA	Serinales_NR
SRR16988729	yHMPu5000037864_metschnikowia_viticola_201018	Metschnikowia_viticola_CBS9950	NR	NR	NR	NR	NR	NR	NR	NR	0	Serinales	NA	NA	NA	NA	Serinales_NR
SRR16989115	yHMPu5000041803_Metschnikowia_zizyphicola_SPADES.haplomerger2	Metschnikowia_zizyphicola_CBS10358	NR	NR	NR	NR	NR	NR	NR	NR	0	Serinales	NA	NA	NA	NA	Serinales_NR
SRR16988730	yHMPu5000037863_metschnikowia_zobellii_190924	Metschnikowia_zobellii_CBS4821	NR	NR	NR	NR	NR	NR	NR	NR	0	Serinales	NA	NA	NA	NA	Serinales_NR
SRR16988762	yHMPu5000035306_candida_elateridarum_180604	Meyerozyma_elateridarum_CBS9842	NR	NR	NR	NR	NR	NR	NR	R	1	Serinales	NA	NA	NA	NA	Serinales_NR
SRR16988937	yHMPu5000035663_Meyerozyma_guilliermondii_MASURCA	Meyerozyma_guilliermondii_CBS2030	NR	NR	NR	NR	NR	NR	NR	NR	0	Serinales	NA	NA	NA	NA	Serinales_NR
SRR16974578	yHMPu5000034633_candida_smithsonii_180604	Meyerozyma_smithsonii_CBS9839	NR	R	NR	NR	NR	NR	NR	R	2	Serinales	NA	NA	NA	NA	Serinales_R
SRR16988750	yHMPu5000035307_millerozyma_farinosa_180604	Millerozyma_farinosa_CBS185	NR	R	NR	NR	NR	NR	NR	NR	1	Serinales	NA	NA	NA	NA	Serinales_R
SRR16974499	yHJFW83_myxozyma_geophila_210210	Myxozyma_geophila_CBS7219	R	R	NR	NR	NR	R	NR	NR	3	Lipomycetales	NA	NA	NA	NA	NA
SRR16974270	yHMPu5000034727_myxozyma_kluyveri_210210	Myxozyma_kluyveri_CBS7332	NR	R	NR	NR	NR	NR	R	NR	2	Lipomycetales	NA	NA	NA	NA	NA
SRR16974497	yHJFW85_myxozyma_melbiosi_210210	Myxozyma_melibiosi_CBS2102	R	NR	NR	NR	NR	NR	NR	NR	1	Lipomycetales	NA	NA	NA	NA	NA
SRR16974679	yHDO354_Myxozyma_mucilagina_SPADES	Myxozyma_mucilagina_CBS7071	R	NR	NR	NR	NR	NR	NR	NR	1	Lipomycetales	NA	NA	NA	NA	NA
SRR16974265	yHMPu5000034736_myxozyma_udenii_200128	Myxozyma_udenii_CBS7439	R	R	NR	R	NR	R	R	NR	5	Lipomycetales	NA	NA	NA	NA	NA
SRR16988739	yHMPu5000035308_nadsonia_starkeyi-henricii_180604	Nadsonia_starkeyi-henricii_CBS2159	NR	R	NR	R	NR	NR	NR	NR	2	Dipodascales	Dipodascales_R	NA	NA	NA	NA
SRR16988731	yHMPu5000037862_nakazawaea_anatomiae_170912	Nakazawaea_anatomiae_CBS5547	NR	R	NR	NR	NR	NR	NR	NR	1	Alaninales	NA	NA	NA	NA	NA
SRR16974447	yHMPu5000034930_nakazawaea_ernobii_170307.haplomerger2	Nakazawaea_ernobii_CBS1737	NR	NR	NR	NR	NR	NR	NR	NR	0	Alaninales	NA	NA	NA	NA	NA
SRR16974458	yHMPu5000034919_nakazawaea_ishiwadae_160519	Nakazawaea_ishiwadae_CBS6022	NR	NR	NR	NR	NR	NR	NR	NR	0	Alaninales	NA	NA	NA	NA	NA
SRR16974455	yHMPu5000034922_nakazawaea_pomicola_160519	Nakazawaea_pomicola_CBS4242	NR	R	NR	NR	NR	NR	NR	NR	1	Alaninales	NA	NA	NA	NA	NA
SRR16988932	yHMPu5000035668_nakazawaea_populi_160613	Nakazawaea_populi_CBS7351	NR	NR	NR	NR	NR	NR	NR	NR	0	Alaninales	NA	NA	NA	NA	NA
SRR16974454	yHMPu5000034923_nakazawaea_wickerhamii_160519	Nakazawaea_wickerhamii_CBS2928	NR	R	NR	R	NR	NR	NR	NR	2	Alaninales	NA	NA	NA	NA	NA
SRR16974453	yHMPu5000034924_nakazawaea_wyomingensis_160519	Nakazawaea_wyomingensis_CBS8703	NR	NR	NR	NR	NR	NR	NR	NR	0	Alaninales	NA	NA	NA	NA	NA
SRR16974675	yHMPu5000034895_ogataea_angusta_160519	Ogataea_angusta_CBS7073	NR	NR	NR	NR	NR	NR	NR	NR	0	Pichiales	NA	NA	Pichiales_NR	NA	NA
SRR16989117	yHMPu5000038333_ogataea_chonburiensis_170713	Ogataea_chonburiensis_CBS10363	NR	NR	NR	NR	NR	NR	NR	NR	0	Pichiales	NA	NA	Pichiales_NR	NA	NA
SRR16974674	yHMPu5000034896_ogataea_dorogensis_160519	Ogataea_dorogensis_CBS9260	NR	NR	NR	NR	NR	NR	NR	NR	0	Pichiales	NA	NA	Pichiales_NR	NA	NA
SRR16974571	yHMPu5000034639_candida_cariosilignicola_160519	Ogataea_methylovora_CBS8001	NR	NR	NR	NR	NR	NR	NR	NR	0	Pichiales	NA	NA	Pichiales_NR	NA	NA
SRR16989143	yHMPu5000041802_ogataea_polymorpha_180604	Ogataea_polymorpha_CBS4732	NR	R	NR	NR	NR	NR	NR	NR	1	Pichiales	NA	NA	Pichiales_R	NA	NA
SRR16974682	yHMPu5000034889_Ogataea_salicorniae_SPADES	Ogataea_salicorniae_CBS8071	NR	NR	NR	NR	NR	NR	NR	NR	0	Pichiales	NA	NA	Pichiales_NR	NA	NA
SRR16989145	yHMPu5000041800_ogataea_thermomethanolica_180604	Ogataea_thermomethanolica_CBS10098	NR	NR	NR	NR	NR	NR	NR	NR	0	Pichiales	NA	NA	Pichiales_NR	NA	NA
SRR16974572	yHMPu5000034638_ogataea_wickerhamii_180604	Ogataea_wickerhamii_CBS4307	NR	R	R	R	R	NR	R	R	6	Pichiales	NA	NA	Pichiales_R	NA	NA
SRR16989114	yHMPu5000038335_pichia_cactophila_170713.haplomerger2	Pichia_cactophila_CBS6926	NR	R	NR	NR	NR	NR	NR	NR	1	Pichiales	NA	NA	Pichiales_R	NA	NA
SRR16974570	yHMPu5000034640_pichia_deserticola_170307	Pichia_deserticola_CBS7119	NR	R	NR	R	NR	NR	NR	R	3	Pichiales	NA	NA	Pichiales_R	NA	NA
SRR16974583	yHMPu5000034628_pichia_fermentans_160519.haplomerger2	Pichia_fermentans_CBS187	NR	R	NR	NR	NR	NR	NR	NR	1	Pichiales	NA	NA	Pichiales_R	NA	NA
SRR16974586	yHMPu5000034626_pichia_kluyveri_170307.haplomerger2	Pichia_kluyveri_CBS188	NR	R	NR	R	R	NR	NR	NR	3	Pichiales	NA	NA	Pichiales_R	NA	NA
SRR16974517	yHMPu5000026208_pichia_pseudocactophila_170307.haplomerger2	Pichia_pseudocactophila_CBS6929	NR	NR	NR	NR	NR	NR	NR	NR	0	Pichiales	NA	NA	Pichiales_NR	NA	NA
SRR16988728	yHMPu5000035309_pichia_scutulata_180604.haplomerger2	Pichia_scutulata_CBS6670	NR	R	NR	NR	NR	NR	NR	NR	1	Pichiales	NA	NA	Pichiales_R	NA	NA
SRR16988706	yHMPu5000035313_pichia_sporocuriosa_170307.haplomerger2	Pichia_sporocuriosa_CBS8806	R	R	NR	NR	NR	NR	NR	NR	2	Pichiales	NA	NA	Pichiales_R	NA	NA
SRR16988938	yHMPu5000035295_priceomyces_melissophilus_201018	Priceomyces_melissophilus_CBS6344	R	NR	NR	NR	NR	NR	NR	NR	1	Serinales	NA	NA	NA	NA	Serinales_NR
SRR16974257	yHMPu5000026282_saccharomycodes_ludwigii_190924	Saccharomycodes_ludwigii_CBS821	NR	NR	NR	NR	NR	NR	NR	NR	0	Saccharomycodales	NA	NA	NA	NA	NA
SRR16989146	yHMPu5000041799_saccharomycopsis_amapae_201018	Saccharomycopsis_amapae_CBS7872	NR	R	NR	NR	NR	R	NR	NR	2	Ascoideales	NA	NA	NA	NA	NA
SRR16988744	yHMPu5000037848_saccharomycopsis_babjevae_170912	Saccharomycopsis_babjevae_CBS9167	NR	NR	NR	NR	NR	NR	NR	NR	0	Ascoideales	NA	NA	NA	NA	NA
SRR16988844	yHMPu5000041691_saccharomycopsis_crataegensis_180604	Saccharomycopsis_crataegensis_CBS6447	R	R	NR	R	NR	R	NR	R	5	Ascoideales	NA	NA	NA	NA	NA
SRR16989147	yHMPu5000041797_saccharomycopsis_fermentans_201018	Saccharomycopsis_fermentans_CBS7830	NR	R	NR	R	NR	R	NR	NR	3	Ascoideales	NA	NA	NA	NA	NA
SRR16988836	yHMPu5000041733_saccharomycopsis_javanensis_170912	Saccharomycopsis_javanensis_CBS2555	NR	NR	NR	NR	NR	NR	NR	NR	0	Ascoideales	NA	NA	NA	NA	NA
SRR16989149	yHMPu5000041794_saccharomycopsis_lassenensis_201018	Saccharomycopsis_lassenensis_CBS8524	NR	NR	NR	NR	NR	NR	NR	NR	0	Ascoideales	NA	NA	NA	NA	NA
SRR16988840	yHMPu5000041719_saccharomycopsis_microspora_170912	Saccharomycopsis_microspora_CBS6393	NR	NR	NR	NR	NR	NR	R	NR	1	Ascoideales	NA	NA	NA	NA	NA
SRR16989159	yHMPu5000041783_saccharomycopsis_schoenii_170912	Saccharomycopsis_schoenii_CBS7223	NR	NR	NR	NR	NR	NR	NR	NR	0	Ascoideales	NA	NA	NA	NA	NA
SRR16989158	yHMPu5000041784_saccharomycopsis_selenospora_170912	Saccharomycopsis_selenospora_CBS2562	NR	NR	NR	NR	NR	NR	NR	NR	0	Ascoideales	NA	NA	NA	NA	NA
SRR16988742	yHMPu5000037851_saturnispora_ahearnii_170912	Saturnispora_ahearnii_CBS6121	NR	NR	NR	NR	NR	NR	NR	NR	0	Pichiales	NA	NA	Pichiales_NR	NA	NA
SRR16988992	yHMPu5000035293_saturnispora_diversa_170307	Saturnispora_diversa_CBS4074	NR	R	NR	R	NR	R	NR	NR	3	Pichiales	NA	NA	Pichiales_R	NA	NA
SRR16989156	yHMPu5000041788_scheffersomyces_coipomoensis_180604	Scheffersomyces_coipomensis_CBS8178	NR	NR	NR	NR	NR	NR	NR	NR	0	Serinales	NA	NA	NA	NA	Serinales_NR
SRR16989155	yHMPu5000041789_scheffersomyces_ergatensis_180604	Scheffersomyces_ergatensis_CBS6248	NR	NR	NR	NR	NR	NR	NR	NR	0	Serinales	NA	NA	NA	NA	Serinales_NR
SRR16988738	yHMPu5000037854_scheffersomyces_insectosa_170912	Scheffersomyces_insectosa_CBS4286	NR	NR	NR	NR	NR	NR	NR	NR	0	Serinales	NA	NA	NA	NA	Serinales_NR
SRR16988736	yHMPu5000037857_scheffersomyces_spartiniae_170210	Scheffersomyces_spartinae_CBS6059	NR	NR	NR	NR	NR	NR	NR	NR	0	Serinales	NA	NA	NA	NA	Serinales_NR
SRR16989151	yHMPu5000041792_schwanniomyces_capriottii_170912	Schwanniomyces_capriottii_CBS2923	NR	R	NR	R	NR	NR	NR	NR	2	Serinales	NA	NA	NA	NA	Serinales_R
SRR16989150	yHMPu5000041793_schwanniomyces_etchellsii_180604	Schwanniomyces_etchellsii_CBS2011	NR	NR	NR	NR	NR	NR	NR	R	1	Serinales	NA	NA	NA	NA	Serinales_NR
SRR16974244	yHMPu5000034581_schwanniomyces_occidentalis_var_occidentalis_170713	Schwanniomyces_occidentalis_var._occidentalis_CBS819	NR	NR	NR	NR	NR	NR	NR	NR	0	Serinales	NA	NA	NA	NA	Serinales_NR
SRR16989160	yHMPu5000041781_schwanniomyces_occidentalis_var_persoonii_190924	Schwanniomyces_occidentalis_var._persoonii_CBS2169	NR	NR	NR	NR	NR	NR	NR	NR	0	Serinales	NA	NA	NA	NA	Serinales_NR
SRR16989127	yHMPu5000038322_schwanniomyces_polymorphus_var_africanus_170713	Schwanniomyces_polymorphus_var._africanus_CBS6741	NR	NR	NR	NR	NR	NR	NR	NR	0	Serinales	NA	NA	NA	NA	Serinales_NR
SRR16989161	yHMPu5000041780_Schwanniomyces_polymorphus_var_polymorphus_SPADES	Schwanniomyces_polymorphus_var_polymorphus_CBS186	NR	R	R	R	NR	NR	NR	NR	3	Serinales	NA	NA	NA	NA	Serinales_R
SRR16989162	yHMPu5000041779_schwanniomyces_pseudopolymorphus_190924	Schwanniomyces_pseudopolymorphus_CBS2008	NR	R	NR	NR	NR	NR	NR	NR	1	Serinales	NA	NA	NA	NA	Serinales_R
SRR16988747	yHMPu5000037844_schwanniomyces_vanrijiae_var_vanrijiae_180604	Schwanniomyces_vanrijiae_var._vanrijiae_CBS3024	NR	R	NR	NR	NR	NR	NR	NR	1	Serinales	NA	NA	NA	NA	Serinales_R
SRR16989164	yHMPu5000041778_schwanniomyces_vanrijiae_var_yarrowii_170912	Schwanniomyces_vanrijiae_var._yarrowii_CBS6246	NR	R	NR	R	NR	NR	NR	NR	2	Serinales	NA	NA	NA	NA	Serinales_R
SRR16988748	yHMPu5000037843_schwanniomyces_yamadae_170912	Schwanniomyces_yamadae_CBS7035	NR	NR	NR	NR	NR	NR	NR	NR	0	Serinales	NA	NA	NA	NA	Serinales_NR
SRR16988838	yHMPu5000035292_sporopachydermia_cereana_201018.haplomerger2	Sporopachydermia_cereana_CBS6644	NR	NR	NR	NR	R	NR	R	NR	2	Sporopachydermiales	NA	NA	NA	NA	NA
SRR16974637	yHMPu5000034603_sporopachydermia_quercuum_190924	Sporopachydermia_quercuum_CBS8070	NR	NR	NR	NR	NR	NR	NR	NR	0	Sporopachydermiales	NA	NA	NA	NA	NA
SRR16988749	yHMPu5000037842_starmera_caribaea_210210	Starmera_caribaea_CBS7692	NR	NR	NR	NR	NR	NR	NR	NR	0	Phaffomycetales	NA	Phaffomycetales_NR	NA	NA	NA
SRR16974639	yHMPu5000034601_starmera_dryadoides_180604	Starmera_dryadoides_CBS6154	NR	R	NR	NR	NR	NR	NR	NR	1	Phaffomycetales	NA	Phaffomycetales_R	NA	NA	NA
SRR16974638	yHMPu5000034602_starmera_pachycereana_170307	Starmera_pachycereana_CBS6943	R	NR	NR	NR	NR	NR	R	NR	2	Phaffomycetales	NA	Phaffomycetales_NR	NA	NA	NA
SRR16974645	yHMPu5000034595_candida_apis_180604	Starmerella_apis_CBS2674	R	NR	NR	NR	NR	NR	NR	NR	1	Dipodascales	Dipodascales_NR	NA	NA	NA	NA
SRR16988821	yHMPu5000036545_candida_zemplinina_180604	Starmerella_bacillaris_CBS9494	NR	R	R	R	R	R	R	NR	6	Dipodascales	Dipodascales_R	NA	NA	NA	NA
SRR16974256	yHMPu5000026296_candida_bombi_180604	Starmerella_bombi_CBS5836	NR	NR	NR	NR	NR	NR	NR	NR	0	Dipodascales	Dipodascales_NR	NA	NA	NA	NA
SRR16974242	yHMPu5000034583_candida_etchellsii_180604	Starmerella_etchellsii_CBS1750	NR	NR	NR	NR	NR	NR	NR	NR	0	Dipodascales	Dipodascales_NR	NA	NA	NA	NA
SRR16974241	yHMPu5000034584_candida_floricola_180604	Starmerella_floricola_CBS7289	NR	NR	NR	NR	NR	NR	R	R	2	Dipodascales	Dipodascales_NR	NA	NA	NA	NA
SRR16988909	yHMPu5000040920_candida_lactis-condensi_201018	Starmerella_lactis-condensi_CBS52	NR	R	R	R	NR	R	NR	NR	4	Dipodascales	Dipodascales_R	NA	NA	NA	NA
SRR16974733	yHMPu5000034590_candida_magnoliae_180604	Starmerella_magnoliae_CBS166	NR	R	NR	R	NR	NR	NR	NR	2	Dipodascales	Dipodascales_R	NA	NA	NA	NA
SRR16988905	yHMPu5000040924_candida_powellii_201018	Starmerella_powellii_CBS8795	NR	NR	NR	NR	NR	NR	R	NR	1	Dipodascales	Dipodascales_NR	NA	NA	NA	NA
SRR16989168	yHMPu5000041773_sugiyamaella_castrensis_190924	Sugiyamaella_castrensis_CBS8172	NR	NR	NR	NR	NR	NR	NR	NR	0	Dipodascales	Dipodascales_NR	NA	NA	NA	NA
SRR16989169	yHMPu5000041772_sugiyamaella_chiloensis_170912	Sugiyamaella_chiloensis_CBS8169	NR	R	NR	NR	NR	NR	NR	NR	1	Dipodascales	Dipodascales_R	NA	NA	NA	NA
SRR16988834	yHMPu5000041770_sugiyamaella_novakii_190924	Sugiyamaella_novakii_CBS8402	NR	R	NR	R	NR	NR	NR	NR	2	Dipodascales	Dipodascales_R	NA	NA	NA	NA
SRR16974250	yHMPu5000034575_sugiyamaella_paludigena_180604	Sugiyamaella_paludigena_CBS8005	NR	R	NR	NR	NR	NR	NR	NR	1	Dipodascales	Dipodascales_R	NA	NA	NA	NA
SRR16974252	yHMPu5000034574_sugiyamaella_smithiae_180604	Sugiyamaella_smithiae_CBS7522.2	NR	R	NR	R	NR	NR	NR	NR	2	Dipodascales	Dipodascales_R	NA	NA	NA	NA
SRR16974253	yHMPu5000034573_sugiyamaella_valdiviana_180604	Sugiyamaella_valdiviana_CBS5721	NR	R	NR	R	NR	NR	NR	NR	2	Dipodascales	Dipodascales_R	NA	NA	NA	NA
SRR16974660	yHMPu5000035027_candida_ambrosiae_160519	Suhomyces_ambrosiae_CBS8844	NR	R	NR	NR	NR	NR	NR	NR	1	Serinales	NA	NA	NA	NA	Serinales_R
SRR16974661	yHMPu5000035026_Candida_anneliseae_SPADES	Candida_anneliseae_CBS9837	NR	NR	NR	NR	NR	NR	NR	NR	0	Serinales	NA	NA	NA	NA	Serinales_NR
SRR16974315	yHMPu5000035014_candida_atakaporum_190924	Suhomyces_atakaporum_CBS9833	NR	R	NR	NR	NR	NR	NR	NR	1	Serinales	NA	NA	NA	NA	Serinales_R
SRR16974673	yHMPu5000035015_candida_bokatorum_160519	Suhomyces_bokatorum_CBS9824	NR	R	R	R	NR	NR	NR	NR	3	Serinales	NA	NA	NA	NA	Serinales_R
SRR16974672	yHMPu5000035016_candida_bolitotheri_160519	Suhomyces_bolitotheri_CBS9832	NR	NR	NR	NR	NR	NR	NR	NR	0	Serinales	NA	NA	NA	NA	Serinales_NR
SRR16974671	yHMPu5000035017_candida_bribrorum_160519	Suhomyces_bribrorum_CBS9835	NR	NR	NR	NR	NR	NR	NR	NR	0	Serinales	NA	NA	NA	NA	Serinales_NR
SRR16974667	yHMPu5000035020_Candida_chickasaworum_SPADES	Candida_chickasaworum_CBS9830	NR	R	NR	NR	NR	NR	NR	NR	1	Serinales	NA	NA	NA	NA	Serinales_R
SRR16974666	yHMPu5000035021_candida_choctaworum_160519	Suhomyces_choctaworum_CBS9831	NR	NR	NR	NR	NR	NR	NR	NR	0	Serinales	NA	NA	NA	NA	Serinales_NR
SRR16974664	yHMPu5000035023_candida_guaymorum_160519	Suhomyces_guaymorum_CBS9823	NR	R	NR	R	NR	NR	NR	NR	2	Serinales	NA	NA	NA	NA	Serinales_R
SRR16974663	yHMPu5000035024_Candida_kunorum_SPADES	Candida_kunorum_CBS9825	NR	R	NR	NR	NR	NR	NR	NR	1	Serinales	NA	NA	NA	NA	Serinales_R
SRR16974662	yHMPu5000035025_candida_maxii_160519	Suhomyces_maxii_CBS9836	NR	R	NR	NR	NR	NR	NR	NR	1	Serinales	NA	NA	NA	NA	Serinales_R
SRR16974316	yHMPu5000035013_candida_panamericana_160519	Suhomyces_panamericanus_CBS9834	NR	NR	NR	NR	NR	NR	NR	NR	0	Serinales	NA	NA	NA	NA	Serinales_NR
SRR16974317	yHMPu5000035012_candida_prunicola_160519	Suhomyces_prunicola_CBS8848	NR	NR	NR	NR	NR	NR	NR	NR	0	Serinales	NA	NA	NA	NA	Serinales_NR
SRR16988669	yHMPu5000037924_candida_taliae_201018	Suhomyces_taliae_CBS9838	NR	R	NR	NR	NR	NR	NR	NR	1	Serinales	NA	NA	NA	NA	Serinales_R
SRR16974320	yHMPu5000035009_candida_terraborum_160519	Suhomyces_terraborum_CBS9826	NR	R	NR	NR	NR	NR	NR	NR	1	Serinales	NA	NA	NA	NA	Serinales_R
SRR16974323	yHMPu5000035007_candida_wounanorum_170307	Suhomyces_wounanorum_CBS9828	NR	R	R	NR	NR	R	NR	NR	3	Serinales	NA	NA	NA	NA	Serinales_R
SRR16974324	yHMPu5000035006_candida_xylopsoci_160519	Suhomyces_xylopsoci_CBS6037	R	R	NR	R	NR	NR	NR	R	4	Serinales	NA	NA	NA	NA	Serinales_R
SRR16989237	yHMPu5000038041_suhomyces_yuchorum_170912	Suhomyces_yuchorum_CBS9829	NR	R	NR	NR	NR	NR	NR	NR	1	Serinales	NA	NA	NA	NA	Serinales_R
SRR16974696	yHMPu5000034873_tetrapisipora_arboricola_ABYSS	Tetrapisipora_arboricola_CBS8765	NR	R	NR	R	R	R	NR	R	5	Saccharomycetales	NA	NA	NA	Saccharomycetales_R	NA
SRR16974691	yHMPu5000034878_tetrapisispora_nanseiensis_160519	Tetrapisispora_nanseiensis_CBS8763	NR	NR	NR	NR	NR	NR	R	NR	1	Saccharomycetales	NA	NA	NA	Saccharomycetales_NR	NA
SRR16974254	yHMPu5000034572_tortispora_caseinolytica_180604	Tortispora_caseinolytica_CBS7781	NR	NR	NR	NR	NR	NR	NR	NR	0	Trigonopsidales	NA	NA	NA	NA	NA
SRR16974689	yHMPu5000034880_torulaspora_globosa_160519	Torulaspora_globosa_CBS764	NR	NR	NR	NR	NR	NR	NR	NR	0	Saccharomycetales	NA	NA	NA	Saccharomycetales_NR	NA
SRR16974526	yHMPu5000026150_trichomonascus_petasosporus_180604	Trichomonascus_petasosporus_CBS9602	NR	R	NR	R	NR	R	R	R	5	Dipodascales	Dipodascales_R	NA	NA	NA	NA
SRR16974542	yHMPu5000035281_trigonopsis_cantarellii_170307	Trigonopsis_cantarellii_CBS4878	R	NR	NR	NR	NR	NR	NR	NR	1	Trigonopsidales	NA	NA	NA	NA	NA
SRR16974703	yHMPu5000034868_Vanderwaltozyma_yarrowii_S33_SPADES	Vanderwaltozyma_yarrowii_CBS8242	NR	R	R	R	R	R	NR	NR	5	Saccharomycetales	NA	NA	NA	Saccharomycetales_R	NA
SRR16974734	yHMPu5000034589_wickerhamiella_australiensis_180604	Wickerhamiella_australiensis_CBS8456	NR	NR	NR	NR	NR	NR	R	NR	1	Dipodascales	Dipodascales_NR	NA	NA	NA	NA
SRR16988944	yHMPu5000035287_candida_bombiphila_160928	Wickerhamiella_bombiphila_CBS9712	NR	NR	NR	NR	NR	NR	R	R	2	Dipodascales	Dipodascales_NR	NA	NA	NA	NA
SRR16974540	yHMPu5000035283_wickerhamiella_lipophila_170713	Wickerhamiella_lipophila_CBS8458	NR	NR	NR	NR	NR	NR	NR	NR	0	Dipodascales	Dipodascales_NR	NA	NA	NA	NA
SRR16989187	yHMPu5000038096_candida_sorbophila_170912	Wickerhamiella_sorbophila_CBS6739	NR	R	NR	R	NR	NR	R	NR	3	Dipodascales	Dipodascales_R	NA	NA	NA	NA
SRR16974549	yHMPu5000035275_candida_vanderwaltii_170307	Wickerhamiella_vanderwaltii_CBS5524	R	R	NR	NR	NR	NR	R	R	4	Dipodascales	Dipodascales_R	NA	NA	NA	NA
SRR16974550	yHMPu5000035274_wickerhamomyces_alni_170307	Wickerhamomyces_alni_CBS6986	NR	NR	NR	NR	NR	NR	NR	NR	0	Phaffomycetales	NA	Phaffomycetales_NR	NA	NA	NA
SRR16974552	yHMPu5000035272_wickerhamomyces_bisporus_170307	Wickerhamomyces_bisporus_CBS1890	NR	NR	NR	NR	NR	NR	NR	NR	0	Phaffomycetales	NA	Phaffomycetales_NR	NA	NA	NA
SRR16974554	yHMPu5000035270_wickerhamomyces_chambardii_180604.haplomerger2	Wickerhamomyces_chambardii_CBS1900	NR	R	NR	NR	R	NR	R	R	4	Phaffomycetales	NA	Phaffomycetales_R	NA	NA	NA
SRR16974557	yHMPu5000035267_wickerhamomyces_lynferdii_170307	Wickerhamomyces_lynferdii_CBS6695	NR	NR	NR	NR	NR	NR	NR	NR	0	Phaffomycetales	NA	Phaffomycetales_NR	NA	NA	NA
SRR16974559	yHMPu5000035266_wickerhamomyces_onychis_170307.haplomerger2	Wickerhamomyces_onychis_CBS5587	NR	NR	NR	NR	NR	NR	NR	NR	0	Phaffomycetales	NA	Phaffomycetales_NR	NA	NA	NA
SRR16974598	yHMPu5000035254_wickerhamomyces_pijperi_160928.haplomerger2	Wickerhamomyces_pijperi_CBS2887	NR	NR	NR	NR	NR	NR	NR	NR	0	Phaffomycetales	NA	Phaffomycetales_NR	NA	NA	NA
SRR16974596	yHMPu5000035255_wickerhamomyces_rabaulensis_170307.haplomerger2	Wickerhamomyces_rabaulensis_CBS6797	NR	NR	NR	NR	NR	NR	NR	NR	0	Phaffomycetales	NA	Phaffomycetales_NR	NA	NA	NA
SRR16974522	yHMPu5000026170_wickerhamomyces_silvicola_170307.haplomerger2	Wickerhamomyces_silvicola_CBS1705	NR	NR	NR	NR	NR	NR	NR	NR	0	Phaffomycetales	NA	Phaffomycetales_NR	NA	NA	NA
SRR16974595	yHMPu5000035257_wickerhamomyces_strasburgensis_170307.haplomerger2	Wickerhamomyces_strasburgensis_CBS2939	NR	NR	NR	NR	NR	NR	NR	NR	0	Phaffomycetales	NA	Phaffomycetales_NR	NA	NA	NA
SRR16974594	yHMPu5000035258_wickerhamomyces_subpelliculosus_160928.haplomerger2	Wickerhamomyces_subpelliculosus_CBS5767	NR	NR	NR	NR	NR	NR	NR	NR	0	Phaffomycetales	NA	Phaffomycetales_NR	NA	NA	NA
SRR16974593	yHMPu5000035259_wickerhamomyces_sydowiorum_170307.haplomerger2	Wickerhamomyces_sydowiorum_CBS5995	NR	NR	NR	NR	NR	NR	R	NR	1	Phaffomycetales	NA	Phaffomycetales_NR	NA	NA	NA
SRR16988653	yHMPu5000038037_yamadazyma_akitaensis_170912	Yamadazyma_akitaensis_CBS6701	NR	NR	NR	NR	NR	NR	NR	NR	0	Serinales	NA	NA	NA	NA	Serinales_NR
SRR16989136	yHMPu5000038314_yamadazyma_mexicana_170713	Yamadazyma_mexicana_CBS7066	NR	NR	NR	NR	NR	NR	NR	NR	0	Serinales	NA	NA	NA	NA	Serinales_NR
SRR16988991	yHMPu5000035642_yamadazyma_triangularis_170307	Yamadazyma_triangularis_CBS4094	NR	R	NR	R	NR	R	NR	NR	3	Serinales	NA	NA	NA	NA	Serinales_R
SRR16988989	yHMPu5000035644_yarrowia_deformans_180604	Yarrowia_deformans_CBS2071	R	R	NR	R	R	NR	NR	R	5	Dipodascales	Dipodascales_R	NA	NA	NA	NA
SRR16989102	yHMPu5000035635_candida_galli_170307	Yarrowia_galli_CBS9722	R	R	NR	R	NR	NR	NR	R	4	Dipodascales	Dipodascales_R	NA	NA	NA	NA
SRR16988987	yHMPu5000035647_yarrowia_lipolytica_160519.haplomerger2	Yarrowia_lipolytica_CBS6124	R	R	NR	NR	NR	NR	R	R	4	Dipodascales	Dipodascales_R	NA	NA	NA	NA
SRR16988837	yHMPu5000035630_candida_phangngaensis_170307	Yarrowia_phangngaensis_CBS10407	NR	NR	NR	R	NR	R	NR	R	3	Dipodascales	Dipodascales_NR	NA	NA	NA	NA
SRR16974247	yHMPu5000034578_zygoascus_hellenicus_180604	Zygoascus_hellenicus_CBS5839	NR	R	R	R	R	NR	R	R	6	Dipodascales	Dipodascales_R	NA	NA	NA	NA
SRR16988954	yHMPu5000040906_zygoascus_tannicolus_201018	Zygoascus_tannicola_CBS6065	NR	NR	NR	NR	NR	NR	R	NR	1	Dipodascales	Dipodascales_NR	NA	NA	NA	NA
SRR16974706	yHMPu5000034864_zygosaccharomyces_lentus_170307	Zygosaccharomyces_lentus_CBS8574	NR	NR	NR	NR	NR	NR	NR	NR	0	Saccharomycetales	NA	NA	NA	Saccharomycetales_NR	NA
SRR16974531	yHMPu5000026137_ambrosiozyma_ambrosiae_160519	Ambrosiozyma_ambrosiae_CBS6003	NR	NR	NR	NR	NR	NR	NR	NR	0	Pichiales	NA	NA	Pichiales_NR	NA	NA
SRR16974616	yHMPu5000035044_barnettozyma_californica_160519	Barnettozyma_californica_CBS252	NR	R	NR	NR	NR	NR	NR	NR	1	Phaffomycetales	NA	Phaffomycetales_R	NA	NA	NA
SRR16974615	yHMPu5000035045_barnettozyma_hawaiiensis_160613	Barnettozyma_hawaiiensis_CBS8760	NR	R	NR	NR	NR	NR	NR	NR	1	Phaffomycetales	NA	Phaffomycetales_R	NA	NA	NA
SRR16974614	yHMPu5000035046_barnettozyma_populi_160613	Barnettozyma_populi_CBS8094	NR	R	R	R	R	NR	NR	NR	4	Phaffomycetales	NA	Phaffomycetales_R	NA	NA	NA
SRR16974613	yHMPu5000035047_barnettozyma_pratensis_160519	Barnettozyma_pratensis_CBS7079	NR	R	NR	NR	R	NR	R	NR	3	Phaffomycetales	NA	Phaffomycetales_R	NA	NA	NA
SRR16974312	yHMPu5000034675_blastobotrys_mokoenaii_160519	Blastobotrys_mokoenaii_CBS8435	NR	R	NR	R	NR	NR	NR	NR	2	Dipodascales	Dipodascales_R	NA	NA	NA	NA
SRR16974518	yHMPu5000026197_brettanomyces_custersianus_160519	Brettanomyces_custersianus_CBS4805	NR	NR	NR	NR	NR	NR	NR	NR	0	Pichiales	NA	NA	Pichiales_NR	NA	NA
SRR16989032	yHMPu5000041863_candida_gorgasii_160928	Candida_gorgasii_CBS9880	NR	NR	NR	R	NR	NR	R	NR	2	Serinales	NA	NA	NA	NA	Serinales_NR
SRR16974607	yHMPu5000035244_candida_incommunis_160928	Candida_incommunis_CBS5604	NR	R	NR	NR	NR	NR	NR	R	2	Dipodascales	Dipodascales_R	NA	NA	NA	NA
SRR16974651	yHMPu5000035037_candida_montana_160519	Candida_montana_CBS8057	NR	NR	NR	NR	NR	NR	NR	NR	0	Phaffomycetales	NA	Phaffomycetales_NR	NA	NA	NA
SRR16988926	yHMPu5000035673_candida_orba_160613	Candida_orba_CBS8782	NR	NR	NR	NR	NR	NR	R	NR	1	Phaffomycetales	NA	Phaffomycetales_NR	NA	NA	NA
SRR16974396	yHMPu5000034986_candida_oregonensis_160519	Candida_oregonensis_CBS5036	NR	R	R	NR	NR	NR	NR	NR	2	Serinales	NA	NA	NA	NA	Serinales_R
SRR16988882	yHMPu5000035690_candida_vartiovaarae_160613	Candida_vartiovaarae_CBS4289	NR	R	NR	NR	NR	NR	NR	NR	1	Phaffomycetales	NA	Phaffomycetales_R	NA	NA	NA
SRR16974341	yHMPu5000034988_candida_fructus_160519	Clavispora_fructus_CBS6380	NR	NR	NR	NR	NR	NR	NR	NR	0	Serinales	NA	NA	NA	NA	Serinales_NR
SRR16988868	yHMPu5000035703_cyberlindnera_americana_160613	Cyberlindnera_americana_CBS5644	NR	NR	NR	NR	NR	NR	NR	NR	0	Phaffomycetales	NA	Phaffomycetales_NR	NA	NA	NA
SRR16988872	yHMPu5000035699_cyberlindnera_maclurae_160613	Cyberlindnera_maclurae_CBS8671	NR	NR	NR	NR	NR	NR	NR	NR	0	Phaffomycetales	NA	Phaffomycetales_NR	NA	NA	NA
SRR16974403	yHMPu5000034979_cyberlindnera_misumaiensis_160519	Cyberlindnera_misumaiensis_CBS8062	NR	NR	NR	NR	NR	NR	NR	NR	0	Phaffomycetales	NA	Phaffomycetales_NR	NA	NA	NA
SRR16974404	yHMPu5000034978_cyberlindnera_mrakii_160519	Cyberlindnera_mrakii_CBS1707	NR	R	NR	NR	NR	NR	NR	NR	1	Phaffomycetales	NA	Phaffomycetales_R	NA	NA	NA
SRR16988883	yHMPu5000035689_candida_mycetangii_160613	Cyberlindnera_mycetangii_CBS8675	NR	NR	NR	NR	NR	NR	R	NR	1	Phaffomycetales	NA	Phaffomycetales_NR	NA	NA	NA
SRR16988885	yHMPu5000035687_cyberlindnera_suaveolens_160613	Cyberlindnera_suaveolens_CBS255	NR	NR	NR	NR	NR	NR	NR	NR	0	Phaffomycetales	NA	Phaffomycetales_NR	NA	NA	NA
SRR16974409	yHMPu5000034973_danielozyma_ontarioensis_160519	Danielozyma_ontarioensis_CBS8502	NR	NR	NR	NR	NR	NR	NR	NR	0	Serinales	NA	NA	NA	NA	Serinales_NR
SRR16989092	yHMPu5000041824_debaryomyces_subglobosus_160928	Debaryomyces_subglobosus_CBS792	NR	NR	NR	NR	NR	NR	NR	NR	0	Serinales	NA	NA	NA	NA	Serinales_NR
SRR16974369	yHAB154_kazachstania_transvaalensis_160519	Grigorovia_transvaalensis_CBS2186	NR	R	R	R	R	R	NR	NR	5	Saccharomycetales	NA	NA	NA	Saccharomycetales_R	NA
SRR16974690	yHAB166_kazachstania_yakushimaensis_160519	Grigorovia_yakushimaensis_CBS8388	NR	NR	NR	NR	NR	NR	NR	NR	0	Saccharomycetales	NA	NA	NA	Saccharomycetales_NR	NA
SRR16988881	yHMPu5000035691_candida_salmanticensis_160519	Groenewaldozyma_salmanticensis_CBS5121	NR	R	R	R	R	NR	R	NR	5	Dipodascales	Dipodascales_R	NA	NA	NA	NA
SRR16974418	yHMPu5000034963_hanseniaspora_clermontiae_160519.haplomerger2	Hanseniaspora_clermontiae_CBS8821	NR	NR	NR	NR	NR	NR	NR	NR	0	Saccharomycodales	NA	NA	NA	NA	NA
SRR16988918	yHMPu5000035681_candida_gotoi_160519	Hyphopichia_gotoi_CBS8531	NR	NR	NR	NR	NR	NR	R	NR	1	Serinales	NA	NA	NA	NA	Serinales_NR
SRR16988920	yHMPu5000035679_candida_rhagii_160613	Hyphopichia_rhagii_CBS4237	NR	NR	NR	NR	NR	NR	R	NR	1	Serinales	NA	NA	NA	NA	Serinales_NR
SRR16974713	yHAB164_kazachstania_aerobia_160519	Kazachstania_aerobia_CBS9918	NR	R	NR	NR	NR	R	NR	NR	2	Saccharomycetales	NA	NA	NA	Saccharomycetales_R	NA
SRR16974275	yHAB160_kazachstania_kunashirensis_160519	Kazachstania_kunashirensis_CBS7662	NR	NR	NR	NR	NR	NR	NR	R	1	Saccharomycetales	NA	NA	NA	Saccharomycetales_NR	NA
SRR16974537	yHAB132_kazachstania_martiniae_160519	Kazachstania_martiniae_CBS6334	NR	R	NR	NR	NR	NR	NR	NR	1	Saccharomycetales	NA	NA	NA	Saccharomycetales_R	NA
SRR16974521	yHAB143_kazachstania_siamensis_160519	Kazachstania_siamensis_CBS10361	NR	R	NR	NR	NR	NR	NR	NR	1	Saccharomycetales	NA	NA	NA	Saccharomycetales_R	NA
SRR16974358	yHAB155_kazachstania_spencerorum_160519	Kazachstania_spencerorum_CBS3019	NR	R	R	R	R	NR	NR	NR	4	Saccharomycetales	NA	NA	NA	Saccharomycetales_R	NA
SRR16974498	yHAB133_kazachstania_unispora_160519	Kazachstania_unispora_CBS398	NR	NR	NR	NR	NR	R	NR	NR	1	Saccharomycetales	NA	NA	NA	Saccharomycetales_NR	NA
SRR16974284	yHMPu5000034709_kluyveromyces_aestuarii_160519	Kluyveromyces_aestuarii_CBS4438	NR	NR	R	NR	NR	NR	NR	NR	1	Saccharomycetales	NA	NA	NA	Saccharomycetales_NR	NA
SRR16974283	yHMPu5000034710_kluyveromyces_dobzhanskii_160519	Kluyveromyces_dobzhanskii_CBS2104	NR	NR	NR	NR	NR	NR	NR	NR	0	Saccharomycetales	NA	NA	NA	Saccharomycetales_NR	NA
SRR16974729	yHMPu5000034742_lipomyces_suomiensis_160519	Kockiozyma_suomiensi_CBS7251	NR	NR	NR	NR	NR	NR	NR	NR	0	Lipomycetales	NA	NA	NA	NA	NA
SRR16988922	yHMPu5000035677_kodamaea_ohmeri_160519	Kodamaea_ohmeri_CBS5367	NR	NR	NR	NR	NR	NR	NR	NR	0	Serinales	NA	NA	NA	NA	Serinales_NR
SRR16974368	yHMPu5000034648_candida_restingae_160519	Candida_restingae_CBS8493	NR	NR	NR	NR	NR	NR	R	NR	1	Serinales	NA	NA	NA	NA	Serinales_NR
SRR16988925	yHMPu5000035674_kregervanrija_delftensis_160613	Kregervanrija_delftensis_CBS2614	NR	NR	NR	NR	NR	NR	NR	NR	0	Pichiales	NA	NA	Pichiales_NR	NA	NA
SRR16988924	yHMPu5000035675_kregervanrija_fluxuum_160613	Kregervanrija_fluxuum_CBS2287	NR	R	NR	R	NR	NR	NR	NR	2	Pichiales	NA	NA	Pichiales_R	NA	NA
SRR16974714	yHMPu5000034758_lipomyces_japonicus_160519	Lipomyces_japonicus_CBS7319	NR	R	NR	R	NR	NR	NR	NR	2	Lipomycetales	NA	NA	NA	NA	NA
SRR16974721	yHMPu5000034749_lipomyces_mesembrius_160519	Lipomyces_mesembrius_CBS7661	NR	NR	NR	NR	NR	NR	NR	NR	0	Lipomycetales	NA	NA	NA	NA	NA
SRR16974722	yHMPu5000034748_lipomyces_oligophaga_160519	Lipomyces_oligophaga_CBS7107	R	NR	NR	NR	NR	NR	NR	NR	1	Lipomycetales	NA	NA	NA	NA	NA
SRR16974711	yHMPu5000034760_lipomyces_kononenkoae_160519	Lipomyces_sp._CBS2514	R	R	NR	NR	NR	NR	NR	NR	2	Lipomycetales	NA	NA	NA	NA	NA
SRR16988939	yHMPu5000035662_meyerozyma_caribbica_160613	Meyerozyma_caribbica_CBS9966	NR	NR	NR	NR	NR	NR	R	NR	1	Serinales	NA	NA	NA	NA	Serinales_NR
SRR16988935	yHMPu5000035665_middelhovenomyces_tepae_160613	Middelhovenomyces_tepae_CBS5115	NR	NR	NR	NR	NR	NR	NR	NR	0	Dipodascales	Dipodascales_NR	NA	NA	NA	NA
SRR16974576	yHMPu5000034635_nadsonia_fulvescens_160519	Nadsonia_fulvescens_var._fulvescens_CBS2596	NR	NR	NR	NR	NR	NR	NR	NR	0	Dipodascales	Dipodascales_NR	NA	NA	NA	NA
SRR16974459	yHMPu5000034918_nakazawaea_holstii_160519	Nakazawaea_holstii_CBS4140	NR	NR	NR	NR	NR	R	NR	NR	1	Alaninales	NA	NA	NA	NA	NA
SRR16974373	yHMPu5000026124_ogataea_henricii_160519	Ogataea_henricii_CBS5765	NR	NR	NR	NR	NR	NR	NR	NR	0	Pichiales	NA	NA	Pichiales_NR	NA	NA
SRR16974476	yHMPu5000034899_ogataea_kodamae_160519	Ogataea_kodamae_CBS7081	NR	R	NR	NR	NR	NR	R	NR	2	Pichiales	NA	NA	Pichiales_R	NA	NA
SRR16974473	yHMPu5000034902_ogataea_minuta_160519	Ogataea_minuta_CBS1708	NR	NR	NR	NR	NR	NR	NR	NR	0	Pichiales	NA	NA	Pichiales_NR	NA	NA
SRR16974471	yHMPu5000034903_ogataea_naganishii_160519	Ogataea_naganishii_CBS6429	NR	NR	NR	NR	NR	NR	NR	NR	0	Pichiales	NA	NA	Pichiales_NR	NA	NA
SRR16974677	yHMPu5000034893_ogataea_philodendra_160519	Ogataea_philodendri_CBS6075	NR	NR	NR	NR	NR	NR	NR	NR	0	Pichiales	NA	NA	Pichiales_NR	NA	NA
SRR16974678	yHMPu5000034892_ogataea_pilisensis_160519	Ogataea_pilisensis_CBS9259	NR	R	R	NR	NR	NR	NR	NR	2	Pichiales	NA	NA	Pichiales_R	NA	NA
SRR16974680	yHMPu5000034891_ogataea_pini_160519	Ogataea_pini_CBS744	NR	NR	NR	NR	NR	NR	NR	NR	0	Pichiales	NA	NA	Pichiales_NR	NA	NA
SRR16974681	yHMPu5000034890_ogataea_ramenticola_160519	Ogataea_ramenticola_CBS8699	NR	NR	NR	NR	NR	NR	NR	NR	0	Pichiales	NA	NA	Pichiales_NR	NA	NA
SRR16974683	yHMPu5000034887_ogataea_trehaloabstinens_160519	Ogataea_trehaloabstinens_CBS9256	NR	NR	NR	NR	NR	NR	NR	R	1	Pichiales	NA	NA	Pichiales_NR	NA	NA
SRR16974684	yHMPu5000034886_ogataea_trehalophila_160519	Ogataea_trehalophila_CBS5361	NR	NR	NR	NR	NR	NR	NR	NR	0	Pichiales	NA	NA	Pichiales_NR	NA	NA
SRR16974685	yHMPu5000034885_ogataea_zsoltii_160519	Ogataea_zsoltii_CBS9262	NR	NR	NR	NR	NR	NR	NR	NR	0	Pichiales	NA	NA	Pichiales_NR	NA	NA
SRR16974686	yHMPu5000034884_peterozyma_toletana_160519	Peterozyma_toletana_CBS2504	NR	NR	NR	NR	NR	NR	NR	NR	0	Alaninales	NA	NA	NA	NA	NA
SRR16988929	yHMPu5000035671_phaffomyces_antillensis_160613	Phaffomyces_antillensis_CBS7111	NR	NR	NR	NR	NR	NR	NR	NR	0	Phaffomycetales	NA	Phaffomycetales_NR	NA	NA	NA
SRR16988930	yHMPu5000035670_phaffomyces_opuntiae_160613	Phaffomyces_opuntiae_CBS7010	NR	NR	NR	NR	NR	NR	NR	NR	0	Phaffomycetales	NA	Phaffomycetales_NR	NA	NA	NA
SRR16988928	yHMPu5000035672_phaffomyces_thermotolerans_160613	Phaffomyces_thermotolerans_CBS7012	NR	NR	NR	NR	NR	NR	NR	NR	0	Phaffomycetales	NA	Phaffomycetales_NR	NA	NA	NA
SRR16988927	yHMPu5000035296_priceomyces_carsonii_160928	Priceomyces_carsonii_CBS2285	NR	R	NR	R	NR	NR	NR	R	3	Serinales	NA	NA	NA	NA	Serinales_R
SRR16974625	yHMPu5000034615_saturnispora_zaruensis_160519	Saturnispora_zaruensis_CBS5799	NR	R	NR	NR	NR	NR	NR	R	2	Pichiales	NA	NA	Pichiales_R	NA	NA
SRR16974670	yHMPu5000035018_candida_canberraensis_160519	Suhomyces_canberraensis_CBS8846	NR	R	NR	NR	NR	R	NR	NR	2	Serinales	NA	NA	NA	NA	Serinales_R
SRR16974665	yHMPu5000035022_candida_emberorum_160519	Suhomyces_emberorum_CBS9827	NR	R	NR	R	NR	NR	NR	NR	2	Serinales	NA	NA	NA	NA	Serinales_R
SRR16974318	yHMPu5000035011_candida_pyralidae_160519	Suhomyces_pyralidae_CBS5035	NR	R	R	R	R	R	NR	R	6	Serinales	NA	NA	NA	NA	Serinales_R
SRR16974694	yHMPu5000034875_tetrapisispora_fleetii_160519	Tetrapisispora_fleetii_CBS8957	NR	NR	NR	NR	NR	NR	NR	NR	0	Saccharomycetales	NA	NA	NA	Saccharomycetales_NR	NA
SRR16988984	yHMPu5000035650_trigonopsis_variabilis_160613	Trigonopsis_variabilis_CBS1040	NR	R	NR	R	NR	NR	R	R	4	Trigonopsidales	NA	NA	NA	NA	NA
SRR16974553	yHMPu5000035271_wickerhamomyces_bovis_160928	Wickerhamomyces_bovis_CBS2616	NR	NR	NR	NR	NR	NR	NR	NR	0	Phaffomycetales	NA	Phaffomycetales_NR	NA	NA	NA
SRR16989041	yHMPu5000035639_wickerhamomyces_canadensis_160613	Wickerhamomyces_canadensis_CBS1992	NR	NR	NR	NR	NR	NR	NR	NR	0	Phaffomycetales	NA	Phaffomycetales_NR	NA	NA	NA
SRR16974556	yHMPu5000035268_wickerhamomyces_hampshirensis_160928	Wickerhamomyces_hampshirensis_CBS7208	NR	NR	NR	NR	NR	NR	R	NR	1	Phaffomycetales	NA	Phaffomycetales_NR	NA	NA	NA
SRR16989003	yHMPu5000035640_yamadazyma_philogaea_160519	Yamadazyma_philogaea_CBS6696	NR	NR	NR	NR	NR	NR	NR	NR	0	Serinales	NA	NA	NA	NA	Serinales_NR
SRR16988993	yHMPu5000035641_yamadazyma_scolyti_160613	Yamadazyma_scolyti_CBS4802	NR	NR	NR	NR	NR	NR	NR	NR	0	Serinales	NA	NA	NA	NA	Serinales_NR
SRR16974704	yHMPu5000034866_zygosaccharomyces_bisporus_160519	Zygosaccharomyces_bisporus_CBS702	NR	R	NR	NR	NR	NR	NR	NR	1	Saccharomycetales	NA	NA	NA	Saccharomycetales_R	NA
SRR16974705	yHMPu5000034865_zygosaccharomyces_kombuchaensis_160519	Zygosaccharomyces_kombuchaensis_CBS8849	NR	NR	NR	NR	NR	NR	NR	NR	0	Saccharomycetales	NA	NA	NA	Saccharomycetales_NR	NA
SRR16974419	yHMPu5000034962_hanseniaspora_guilliermondii_170307	Hanseniaspora_guilliermondii_CBS465	NR	NR	NR	NR	NR	NR	NR	NR	0	Saccharomycodales	NA	NA	NA	NA	NA
SRR16974420	yHMPu5000034961_hanseniaspora_lachancei_170307.haplomerger2	Hanseniaspora_lachancei_CBS8818	NR	NR	NR	NR	NR	NR	NR	NR	0	Saccharomycodales	NA	NA	NA	NA	NA
SRR16974422	yHMPu5000034959_hanseniaspora_occidentalis_var_occidentalis_170307	Hanseniaspora_occidentalis_var._occidentalis_CBS2592	NR	NR	NR	NR	NR	NR	NR	NR	0	Saccharomycodales	NA	NA	NA	NA	NA
